cohesion,friction_angle,slope_angle,slope_height,pore water pressure ratio,ucs,factor of safety
21.81383683,38.24995777,41.90722842,18.45104185,0.847236578,168.7122391,2.613691703
19.98104433,24.61279989,32.96462268,9.266799882,0.494517044,105.6615668,2.241626347
12.92692606,28.66599236,58.22492624,10.68616512,0.195465611,108.1954964,1.568243617
32.32700015,36.58201592,20.94892255,13.13020077,0.736641787,157.8777258,3
26.44808722,32.05223361,39.3928208,14.16440005,0.418678136,183.8325614,3
43.95654465,38.46427597,45.01050075,15.90178141,0.594627483,134.025838,3
6.444931122,44.03019753,51.27822447,16.4957013,0.10726529,161.0217288,1.545751473
33.97405674,22.91366719,30.34855152,25.50723555,0.63158399,193.1474904,3
39.33269953,37.73919291,44.34609538,27.93079359,0.373550489,186.9771442,3
39.17689561,25.75860389,25.16007357,18.89956437,0.33418975,178.5856136,3
44.87332852,30.36191819,31.77380462,45.8283389,0.979915579,166.398984,3
37.80651843,20.82156814,54.78135656,29.89128755,0.432430643,107.7324716,3
46.75145277,23.39768456,57.49538047,40.43646176,0.678038378,128.8939114,3
19.96954699,27.99443223,45.94086735,46.59070246,0.627727536,83.68896528,2.156829999
27.64442375,28.54964513,28.71759454,12.34108016,0.104303551,139.4044448,3
5.633584848,42.48963041,51.0028895,24.25435177,0.747927537,159.2631981,1.095686835
5.313091429,38.54532273,11.29335409,24.49446808,0.323159203,97.14180746,1.541640091
15.80569792,44.3045742,15.13729553,20.95125127,0.798939549,106.68856,2.506546202
9.536323871,34.97678776,43.06868682,5.400763995,0.607640783,95.353704,1.385018053
16.70951156,26.0428433,24.56242876,41.71874485,0.31709149,161.8369964,2.1348759
12.96694825,28.19137575,57.56931092,10.02016947,0.35629296,118.6002256,1.482567761
6.283401118,27.99589808,31.8030306,49.79662691,0.73150737,106.8481207,0.877752724
45.91868659,28.16235819,31.46824102,39.78313214,0.550059315,160.5759866,3
5.370040913,36.82410433,43.90397551,31.10045079,0.668351041,153.631875,0.99125896
38.1236965,33.2701982,48.37842812,11.9572888,0.158318321,109.0806452,3
11.84665491,29.63560445,33.77793691,28.19268371,0.786976672,176.8357849,1.441251268
46.05033299,23.72724422,20.70004509,16.74989334,0.320391319,111.4119423,3
45.17581728,20.55347907,48.66543214,16.3545136,0.619861267,228.4593844,3
34.42555159,25.47086694,26.01756374,42.32881622,0.114679825,129.882373,3
35.25053674,22.6867851,18.75553846,22.12899908,0.321420241,233.8493941,3
5.240261389,39.63612577,41.5820095,25.28257115,0.648867293,156.2759525,1.10497659
49.31922048,22.81244895,14.52268335,42.9334132,0.274206132,206.8916305,3
44.50246716,38.10570593,58.56763375,8.950578157,0.880312197,190.5666849,3
45.27978016,29.64146724,41.61986322,31.75780339,0.661228399,105.570719,3
34.66600417,21.83445974,59.29477605,31.01970566,0.870278393,178.7491235,3
20.51541179,40.31825124,26.94467117,24.13465562,0.395390702,140.6880857,2.928340824
45.21418921,34.49076426,58.56025806,42.33985886,0.033985143,97.12975548,3
18.11826177,25.89403782,17.27811239,47.43005276,0.576139963,218.3378727,2.214109665
30.32201945,42.36702936,12.03473862,25.94011379,0.339193503,159.4777496,3
9.487893755,21.13145785,11.64920302,25.52661729,0.448188376,73.02859674,1.312585086
46.48800336,25.0454902,33.24351853,27.59286784,0.681110214,140.4506851,3
11.3346706,38.8011732,14.15020987,37.54058139,0.700664667,203.6675119,1.935005068
15.12035626,37.73444826,35.60839421,35.06271308,0.027556415,114.7996424,2.399988418
30.11603712,27.23179234,26.37502518,15.02757271,0.769302673,240.0122413,3
39.38418501,21.55062188,26.78144962,7.875290687,0.493518915,216.5415113,3
32.87080877,41.45195181,41.78044983,47.71643584,0.556698773,146.8861784,3
15.44602608,27.84244095,18.15490031,16.74813919,0.297994185,127.0942828,2.142137877
5.042436914,24.89283537,48.32766852,33.73685081,0.420833786,104.2215036,0.640311292
39.07177611,32.90154556,39.10154599,42.27971012,0.710375134,178.8987574,3
49.33432967,42.75567998,55.74723144,18.51245377,0.776713803,120.7351922,3
41.44609041,21.08866445,28.24203269,33.59450361,0.387106181,200.2691046,3
25.70929782,39.1451022,59.1357496,9.855510852,0.691117533,130.9290432,2.938850259
45.66952676,34.3118307,38.79138234,48.646915,0.258043502,113.565146,3
23.44314529,30.63622791,58.67009781,7.617122377,0.832022665,112.6758004,2.362809815
28.62203379,38.6020111,11.3530327,24.71786032,0.609814239,131.3635374,3
26.47083953,44.14561061,46.39881612,29.15686589,0.775186516,162.6646219,3
25.14307427,25.73015528,50.83107621,40.57168004,0.477154852,128.1045427,2.625091081
39.88358462,23.59118413,12.65866433,10.45078327,0.229109285,112.8185327,3
28.70460083,42.82204363,38.9484832,24.83635882,0.429231113,150.9530594,3
19.25227049,36.72382694,50.09711468,18.48702063,0.381485394,189.7438808,2.45764077
16.61711754,30.94965054,38.05193626,19.04048221,0.332716543,211.4661683,2.146489138
6.698629264,34.33148926,13.19067952,40.04545622,0.212173748,177.3010174,1.576252233
31.24378228,38.64034763,44.67236204,5.245742526,0.759167142,212.3890501,3
15.34826369,39.32579747,13.02984573,38.70876386,0.086351661,77.42160311,2.672211997
11.66602649,42.99735452,50.87344475,41.46792936,0.88756093,131.5417128,1.647332887
34.42234837,30.67106972,12.15170917,45.56130097,0.175024723,175.4019204,3
35.6544166,27.33527275,16.86986905,33.20968115,0.979873652,126.9746552,3
38.84697015,35.99160667,23.75537953,20.00548977,0.988468048,85.14979703,3
27.66096034,30.39319748,41.66823961,24.22556296,0.398387041,150.0244947,3
45.23245723,34.86496135,58.81795498,48.6381237,0.987821073,215.0814035,3
47.1354239,30.49964496,15.89114263,44.65340719,0.869068517,149.2178682,3
41.33169229,23.82489467,17.13538346,25.85866591,0.082430277,147.8693579,3
33.60170669,31.73566879,28.44351984,47.43783532,0.947328564,250.6924155,3
18.66744291,37.27294555,51.81095689,42.03296939,0.042514386,237.0347086,2.569809048
49.23252147,39.98209519,33.36154764,45.54904377,0.181914294,145.4724048,3
17.33612752,32.33315692,26.08053001,35.73397556,0.584595541,198.4300551,2.258281579
14.11956149,24.13094726,38.06019161,43.59443196,0.080737178,185.162275,1.795350552
24.89693512,30.36719274,23.02615987,45.12947636,0.161727757,160.8471248,3
7.557825682,39.65734822,30.05799536,9.140746304,0.953491787,81.92553984,1.300368328
49.03225091,30.32148177,26.63025746,48.43476395,0.994687885,231.5079743,3
31.47951004,37.41326984,50.20705112,20.01258944,0.798136542,179.5831324,3
30.06284412,32.68034204,56.21278632,24.79547793,0.515209391,218.5476108,3
34.5108326,26.03057813,47.97860961,40.63566916,0.900300936,202.1294811,3
27.36606415,39.9037627,31.9541788,34.92033375,0.111898771,145.4799758,3
6.442858269,22.10533635,35.21674887,45.18769606,0.942891869,121.2524466,0.557516949
32.554008,33.12225707,16.2536847,23.02581878,0.351552927,210.9606619,3
37.22782446,25.22227586,47.34323556,21.79796737,0.861489391,108.4167505,3
23.75370773,21.67664071,39.82378397,6.425998229,0.668373406,216.0278684,2.365500921
39.07830074,32.57334843,55.12199981,25.82264195,0.960274304,165.4244286,3
15.21505847,32.4890539,20.03055718,37.58318466,0.864677948,104.0099363,1.971829765
14.9574466,37.67252254,47.9863061,18.55304229,0.887897814,87.45259798,1.827683443
12.26376445,38.61876733,44.23358309,25.82269312,0.631754356,122.5120442,1.75545568
21.73976419,38.19478722,23.29227669,14.87289958,0.833158531,158.3543702,2.797633961
43.11554159,30.23896832,43.36893198,39.77545126,0.757131151,140.6200253,3
42.2560428,35.79224468,56.21866903,7.72302026,0.161623131,236.2219639,3
22.22708936,34.42363107,55.92179938,36.74223748,0.648596891,120.5557843,2.486646865
31.51034312,30.5390439,45.98132873,22.05230053,0.148175547,206.6764173,3
37.43673424,34.93031735,12.40365563,6.871823122,0.869456122,163.7199999,3
15.85430486,43.68119692,53.61321687,43.40613143,0.065949799,244.1078077,2.472363315
12.56634887,24.82234359,42.88893035,26.94748384,0.98704667,206.80249,1.161633701
48.74431969,42.64430239,25.52171266,31.96935363,0.400626666,135.3100291,3
32.79007909,21.33638785,19.36251809,37.94138112,0.170629354,197.8635669,3
49.16370748,27.70973032,15.81019315,34.47834949,0.935674984,154.9024216,3
20.19901942,27.20363122,12.51184496,37.88855919,0.045425986,225.8763821,2.778858207
36.6364265,35.6591277,47.7051624,39.30267581,0.470105635,89.13938647,3
15.01716364,23.28062379,21.79214995,31.51181888,0.770227128,134.2642842,1.674702094
16.75400771,42.0586903,11.2126468,21.45370239,0.316750475,158.0424811,2.806855408
28.03559546,40.71378521,29.86353259,15.94139674,0.52883467,132.7127519,3
19.38281565,36.30164549,34.13035403,45.63064565,0.700413016,227.7935918,2.456826366
12.54297037,31.46034579,18.46151155,48.64661801,0.951976421,126.3084678,1.642371904
16.82963159,43.32390105,12.20241681,21.09482398,0.102702639,153.1508551,2.953717706
6.608677751,40.76866387,19.45627415,10.05398281,0.157226704,201.888424,1.746647144
36.69906297,32.4828787,43.95513809,15.01417972,0.508870895,123.2980529,3
27.14524957,37.54683386,14.11218386,35.18003057,0.418474961,88.45078989,3
9.240937988,34.1732488,37.75185153,12.78200165,0.410796161,178.8316557,1.480285497
12.72622969,34.69855596,17.3205994,40.10550229,0.296961503,200.0708656,2.107554756
9.614054215,28.27440174,19.78445868,46.53636079,0.560684799,155.2256911,1.425698493
32.56667637,31.55211512,29.65389416,48.36431818,0.883288336,109.4566845,3
9.239466363,21.95303577,15.0412668,5.419647769,0.160924341,171.2424133,1.424839657
38.94270499,28.93371729,18.66017514,48.11693742,0.215286329,267.8160405,3
5.922991369,37.39571288,27.44762057,38.30874886,0.670823498,236.4996903,1.228934945
16.22191046,43.83040076,26.48345027,8.782260452,0.056197654,144.9968073,2.790271075
45.08000042,44.07660282,47.46357428,23.6858211,0.6737642,186.2036131,3
37.33390932,33.89307173,13.73911526,36.50204636,0.314456151,184.0418583,3
8.283574982,35.1655563,53.02253678,48.05084717,0.357853931,175.9293828,1.291390374
41.9506747,24.64302964,50.81160854,12.38636271,0.405549374,208.3207111,3
27.18658047,37.3827027,48.29958198,10.74799769,0.349587561,142.942404,3
43.10523622,21.76646982,25.46861812,26.2556174,0.841209621,233.5508682,3
32.03328985,27.11714214,51.14408928,48.56445022,0.946068457,144.4310813,3
35.68248644,36.70908368,19.14010401,48.71206469,0.548011475,236.8464171,3
49.70757022,27.75775329,16.22046029,15.25616335,0.581878499,210.5740421,3
15.45509957,21.24617185,12.24781667,19.37062166,0.070483108,229.5666962,2.095995964
33.07755086,40.79676023,56.96551815,45.86143935,0.713191928,129.2112876,3
25.71446255,27.75825018,25.40054489,38.06786709,0.584098873,87.11738685,2.950666376
6.775337882,21.57763062,55.88089401,48.75423929,0.050394524,251.8705298,0.81278194
5.651178868,21.86970411,23.63067808,45.19167634,0.198425667,242.7736106,0.95858841
10.365286,26.29396997,55.37829797,14.67932226,0.20194342,164.1331454,1.258239576
34.20912832,24.45039868,55.19645264,39.18770867,0.170967952,124.4173633,3
30.52233896,39.35750294,56.18380225,7.18543542,0.658645955,148.8310203,3
29.90433025,28.04210117,34.80767196,41.80247504,0.928439615,158.8715467,3
6.433554314,40.11739463,53.29731434,32.07005431,0.762975325,227.7862457,1.066141113
26.11863484,24.34614995,57.53829481,48.02454332,0.477373485,233.8320044,2.609332124
46.6080268,32.32197949,26.23084709,48.2014605,0.404051298,196.0040771,3
22.89163412,37.20092834,30.94372028,7.286679906,0.386458105,94.65441336,3
33.12151114,36.29977135,45.96200937,12.22346685,0.601246958,110.6342249,3
40.0918404,35.02823525,25.01799109,26.78931713,0.359220659,124.7764812,3
40.27663756,43.12054005,47.69046545,44.57720862,0.226121971,98.81666965,3
28.36760371,25.71312869,13.69460726,41.6500314,0.602842907,98.56481685,3
43.60783754,32.34298011,36.17491921,48.39665119,0.390705413,103.1433702,3
22.6120142,42.09981375,16.1156742,32.81378527,0.014124829,74.80212018,3
44.99119467,21.94734414,24.66617382,16.54535838,0.022231114,156.9884108,3
15.81022249,21.39720671,22.93126962,6.129798778,0.274136611,100.6682854,1.927881471
17.60973831,25.83255719,51.94660368,15.03169208,0.5124222,246.2436832,1.846381935
7.390428089,35.82553049,19.67586277,35.38729391,0.354239508,230.5108838,1.559348777
40.80118264,26.49699066,50.42239601,46.68236705,0.024055152,128.6038715,3
23.76748563,24.7559971,49.6980173,19.44066503,0.223151764,145.0956989,2.593392411
15.31024763,31.47005788,34.94415278,44.40669486,0.096419309,148.6476094,2.18237551
15.43056249,35.33995172,21.69216278,22.77042118,0.948632001,99.50652328,2.029817011
45.56299736,26.21394268,21.344817,18.87220622,0.312834076,123.640252,3
42.52624702,27.51727967,33.24623236,27.89799093,0.014766372,114.1737291,3
29.90888984,35.33898262,10.44045037,24.90230716,0.660563252,173.3579524,3
32.72498602,43.64346055,36.56753773,46.12099408,0.232447941,205.7991803,3
26.34465067,36.86854319,57.63897629,26.07156263,0.566736255,171.1809692,3
22.62499443,39.57260359,17.73534409,17.48009243,0.150745455,106.6615899,3
46.19645965,29.17025237,38.66728107,42.91545099,0.984013235,136.7744929,3
10.65257166,26.80635898,58.08893443,49.94372802,0.970259187,148.7015064,0.892783528
23.83010554,31.35669358,53.02610697,34.16771386,0.655983352,133.6520374,2.569980927
20.50528586,40.17832072,52.51900582,16.2707616,0.707202622,91.28170579,2.511014574
27.41678241,31.40749104,51.09249652,15.74667847,0.425878891,129.9786924,3
25.59343435,41.16813522,25.4511803,7.59680133,0.962179345,185.3984943,3
28.35002892,44.71929952,54.53084156,8.478186733,0.42373962,126.0766535,3
11.29635398,21.80066664,57.06701756,46.17423928,0.239467997,132.1627398,1.165920111
28.09136757,21.1352539,34.78962116,9.341919817,0.11537861,109.084849,3
15.90884662,23.73974257,27.72855236,26.79547317,0.2081253,119.864791,2.000861241
13.2949107,29.60924189,30.71145078,36.41548009,0.572213504,114.4055459,1.72324454
7.917539845,23.27605523,26.71032209,43.26596522,0.245091718,168.0044902,1.177973412
39.31936514,41.76661194,20.6209221,12.70719276,0.654249428,227.9306577,3
24.23488644,20.57865628,40.92242351,24.70004056,0.38218452,135.3287762,2.509127358
33.19896575,27.89481791,38.12984431,16.31660878,0.886872905,84.11028253,3
37.74170045,24.61736574,33.12925355,16.51203905,0.558478067,152.2847586,3
35.56924994,43.28848325,14.79226933,18.67276884,0.622604053,182.054508,3
26.17253236,36.73702512,49.84464824,31.42022965,0.556559803,224.3927538,3
22.4554338,42.80075641,18.74667814,5.745986226,0.885568774,137.9457231,3
21.91819593,44.30821776,15.72810217,23.39448288,0.063419568,189.2394532,3
33.80219586,32.42745609,41.15356977,13.40735609,0.067348707,114.9210536,3
27.26574597,25.8579777,29.93221806,48.52033288,0.701740245,128.9277163,2.938314884
43.21095116,24.84321965,12.99042377,31.22281217,0.767963902,97.02373839,3
44.36158929,25.57297154,27.77841775,44.0642961,0.433589418,154.5999183,3
12.67521701,37.71483269,48.58901761,13.8060494,0.352305208,108.380718,1.862640011
11.13051432,21.0111432,40.76246026,41.45070647,0.277945066,148.7446369,1.266825736
33.36804167,21.28402683,28.13930115,23.66521076,0.234394886,197.1251864,3
18.55515866,35.20357356,19.59023958,12.996261,0.91195859,133.9882292,2.377086628
5.835682344,36.05142867,41.58978104,39.25603411,0.295139546,155.3949324,1.22181494
44.98892012,36.63157311,54.37776505,39.29049939,0.648078796,178.0686106,3
15.21053453,29.29701261,42.3136359,49.81495581,0.78709478,131.1499948,1.680936791
46.81762933,40.14862222,50.64519273,40.14217678,0.021966578,201.2320631,3
37.28455029,33.34061469,36.07639193,11.53702616,0.03387415,115.8222652,3
39.31940705,22.63664075,45.89855534,19.51451338,0.333137405,151.4612829,3
14.06576731,39.92748268,54.81133869,25.32771128,0.696015744,121.0738621,1.841371561
15.53874915,43.82669466,48.65894891,10.69937626,0.260798635,117.8604323,2.39777593
28.45704892,21.50090783,55.49269767,40.46175385,0.00148329,124.0068375,3
12.74449337,29.78378347,31.55698011,28.70143421,0.2881479,107.5396854,1.807598368
18.74442617,32.18790112,55.21101276,47.50023061,0.090130817,116.327614,2.350197119
19.46581151,23.661769,41.07836172,31.5188665,0.219413306,182.1449957,2.214816514
12.183347,41.69272369,53.5024383,28.53045877,0.333190001,123.8487687,1.906472773
14.2332275,27.10374112,11.96882652,8.214131882,0.128057355,106.9249048,2.143063845
40.48483289,39.5752135,42.8926191,11.72056572,0.706364727,105.0084472,3
12.52381345,36.77486205,52.39875394,43.22867345,0.255920232,162.7236486,1.826262425
6.280582633,34.95114556,18.71010168,49.580419,0.661094799,139.3726872,1.275448032
33.32097242,24.80357122,43.08934667,23.68306112,0.599032853,107.6316687,3
48.91924037,25.51758801,51.24773571,41.45387377,0.898045488,213.4977962,3
19.90462166,21.18371012,24.39746848,33.24135948,0.087933172,89.05071076,2.408644565
10.33950664,26.01781074,30.2623164,48.15766732,0.214608111,117.2693924,1.491283803
30.66742964,28.63609024,38.47588592,15.71617559,0.865178429,140.5344516,3
45.7859395,40.8286326,35.95838444,29.51760844,0.822131456,149.1952286,3
40.28278009,29.15981667,11.95946965,23.39581183,0.192105557,88.37928941,3
33.01321408,38.86554457,14.9336049,29.37721892,0.107736012,188.7003598,3
19.17754235,30.98605703,15.02332897,17.09861375,0.856241465,131.7079507,2.372268781
29.3846078,39.6217078,23.11339527,27.39857732,0.178138057,140.2134086,3
9.106017859,44.40679001,22.29320564,33.1161866,0.871109706,110.5644587,1.73234121
35.55254409,25.99603895,47.11111919,8.65471478,0.961114699,248.4032796,3
37.62932085,41.5585403,38.6372193,38.43442647,0.220806639,221.781861,3
48.42642303,35.54560216,48.19880423,36.79353334,0.8403876,95.9758039,3
16.71788114,40.43235654,13.49480287,44.62059207,0.42383109,207.6481211,2.672669759
5.830538857,36.28964756,34.26071187,24.16354483,0.788778425,210.6350465,1.055712473
29.5523809,30.59873768,26.18877896,7.775110968,0.407395541,243.6184035,3
36.8055727,25.70187349,52.49696554,25.76575081,0.070395599,108.0289896,3
40.56833641,21.75088063,45.38945785,11.19241274,0.712695273,157.7091169,3
13.71825199,33.38795911,53.46292354,34.13510661,0.15068864,128.3644592,1.874783614
16.77887911,44.75815236,12.32135612,7.120918586,0.927025089,127.908712,2.583100217
28.06659164,38.45104513,46.04117448,21.82983828,0.417746283,218.4076009,3
19.87703645,28.18363853,37.00041761,8.727930432,0.082000148,168.5436889,2.516154013
43.7230169,40.68012,51.25000145,5.151489533,0.228480015,132.9579139,3
26.31920692,39.2246,35.35802955,48.22507508,0.862517617,113.250093,3
40.98103898,27.04089483,37.0104539,49.82573066,0.32108547,154.4020126,3
31.12788922,20.35768724,12.58836905,29.99763282,0.856327995,140.7180975,3
39.78905637,22.95406596,43.42614325,15.75301325,0.172286738,164.3997491,3
19.97028439,41.93265476,23.65699378,45.99945666,0.468218124,140.9886749,2.924104598
42.41374799,40.91407588,10.98469611,46.53664687,0.878259492,178.9115994,3
17.3557542,27.38022502,13.32185813,43.4529001,0.048404832,129.8613273,2.49082859
29.57444636,27.12988566,57.86428045,29.49664931,0.304277183,125.8884285,3
14.63032009,39.82162468,27.30386448,8.36159724,0.909851589,202.5683017,2.062455059
26.39869347,43.44343675,53.40378143,8.979751739,0.596526328,156.3295322,3
19.31788443,39.47843142,57.9838617,45.34789045,0.716232131,154.6762374,2.309781474
17.00165438,35.13946693,57.16335944,44.41220814,0.842128439,119.2570947,1.878783188
48.51432581,26.06678376,54.08626203,24.54787621,0.523596426,124.2580806,3
12.20333475,33.14369785,54.74219562,19.76695788,0.845365901,138.8657329,1.355018496
40.42966269,25.83779646,24.45040222,33.98557641,0.638764571,154.8657901,3
49.28742318,40.2002855,17.57349451,41.31445767,0.685650451,126.2662482,3
5.895566768,29.67402699,41.9631281,37.92582239,0.152854455,104.288435,1.082632401
36.45623363,40.84243042,34.40527959,32.70213221,0.939018829,101.3386645,3
16.38103125,29.54023045,14.93733593,15.417997,0.79608435,210.6923452,2.075361939
6.821952095,40.60373513,43.8770658,16.81271911,0.254195996,128.48438,1.469784391
23.13003105,28.33294538,38.14300037,37.58303666,0.579994666,99.84728197,2.586007281
47.08480146,31.00331762,53.15337004,41.11789336,0.376465905,123.3017067,3
5.529429247,35.38721048,40.45918978,10.22608346,0.660401999,91.04945229,0.99772371
31.45485614,21.75719035,38.69730899,13.42836715,0.993746843,144.9078873,2.986878781
27.56284154,43.70517655,32.03758617,35.6211618,0.045746397,144.4198323,3
44.3022874,34.34014465,33.13935349,22.50439644,0.952523638,144.1490214,3
8.780077153,32.69550037,57.71906135,30.34817903,0.072391332,205.7952111,1.354471448
35.66867134,40.98484928,16.92230047,32.66667287,0.460764636,147.6131552,3
35.60493643,41.64406825,32.31094093,39.92915603,0.482109201,111.8494834,3
35.10860076,33.05651011,42.7913617,41.25726278,0.268724455,147.7878992,3
47.40505227,43.18155814,31.65053228,17.60433104,0.566699286,145.9305178,3
42.03893881,21.61844415,24.16078135,29.3583528,0.833964146,103.1200544,3
6.888772681,22.83064481,24.36786854,10.55857724,0.293962181,145.1004324,1.059238986
26.19872828,34.91970575,21.68280231,42.89068259,0.070404938,153.6521991,3
22.90788753,28.85164654,27.19516003,43.04515722,0.632283701,171.1672323,2.664416854
18.95662495,31.60562915,53.58373878,18.47775735,0.751745129,165.5100741,2.037473514
25.31015263,28.20198045,35.26122752,12.22790933,0.95452301,86.92535346,2.641207498
22.28873832,30.11813279,22.0119364,8.154130019,0.159524647,146.123167,2.932929904
24.45502549,40.56615868,29.22633585,30.87393989,0.901359866,140.7389954,3
49.06678395,34.836905,15.2915206,9.114264518,0.482123477,227.434129,3
8.988483864,44.93361373,55.20178699,35.62676801,0.235758237,188.9469817,1.726738522
46.50038914,39.67197995,30.4098916,35.51568805,0.96274847,166.2882387,3
26.61065211,26.84165635,59.01956023,32.62943332,0.238429271,138.8105184,2.846376851
33.06840105,26.60862794,27.37693866,44.44522258,0.733444186,222.7218692,3
42.3582335,28.39745675,51.81780236,22.02263117,0.784886778,107.9663096,3
21.22083631,41.08148702,22.81926566,45.60213122,0.430519052,101.3584055,3
24.36898586,20.68219127,13.80764467,6.661641598,0.689984845,125.9457526,2.643236093
23.42833161,25.75453197,11.58666808,10.07406446,0.572477075,156.9310128,2.799212342
21.86289601,42.62296051,40.30842133,23.54925031,0.192032752,228.5645662,3
46.64881947,35.9974109,25.57868358,31.72968584,0.759887882,90.37007253,3
42.3018451,25.67117739,32.17599402,6.456903649,0.928016145,205.6915937,3
9.904999544,25.47862421,50.93235178,30.53455121,0.488638055,128.8795593,1.086144883
9.865550861,41.56545254,22.40540428,18.83292424,0.994310254,98.37926481,1.650861001
24.25412817,42.34393771,25.43262384,44.92160635,0.427965314,127.6692628,3
9.439581953,26.40327727,52.26680925,28.99780663,0.479736576,131.7032955,1.061531057
32.85918929,30.51275895,34.63811367,31.45522587,0.673897514,115.5787239,3
11.46612233,40.86489347,51.38325835,47.5529815,0.185770144,155.983082,1.902057693
28.50679688,39.27518597,28.72380017,39.3876962,0.90194601,157.9125125,3
5.324897615,40.34790266,29.91849904,24.72229698,0.801272797,136.9139595,1.177598461
19.24683568,32.95995477,18.35691809,26.45958267,0.872417286,155.6777115,2.403570903
35.47358257,42.78872621,55.81729268,34.15657409,0.60955858,149.6476348,3
26.78175231,28.1487886,54.8391847,14.00896475,0.883747961,175.6709468,2.626202357
49.02212687,23.91680336,59.21085073,8.989287822,0.679972487,130.2626248,3
44.33467082,37.71830831,30.12235636,19.00564322,0.5115609,134.3919996,3
21.15818506,33.4838604,50.93074709,40.02722591,0.931790804,118.0676255,2.256744313
7.046894366,41.36464422,30.74768658,16.57957094,0.439719769,127.2097259,1.55617416
43.05318351,22.02898123,32.71493945,10.88416402,0.500569855,236.5701277,3
46.00554396,41.09231009,51.49996968,14.85601693,0.169543731,109.9099042,3
41.9282327,27.33236633,18.86833854,35.55378104,0.94765901,242.0785296,3
10.75774734,36.37139168,21.01554672,32.62766255,0.221052808,111.0590828,1.967472585
49.90618105,21.00321973,25.73641202,35.97417488,0.201415924,116.8901662,3
16.63628997,35.23953241,49.40895163,19.48811552,0.101194604,196.8076397,2.293593259
37.58922108,37.93179223,28.63257747,45.53852571,0.453359451,186.2627351,3
45.86156944,29.21875536,27.90841041,25.32966608,0.27361455,128.3448644,3
15.60592014,25.38526763,59.94081726,28.11708644,0.740781001,160.1446133,1.436968929
45.87163496,33.44076692,29.19030715,47.69635892,0.30752162,209.6927035,3
18.92667106,40.82977011,22.38852682,49.06747706,0.720770262,96.20176356,2.669389044
48.93859501,28.08868396,41.16068391,34.76942267,0.195961083,152.52991,3
17.65670092,26.31173244,50.0939976,47.51659367,0.229965843,195.6556393,2.026804942
47.90461211,26.97338272,13.48039169,29.36783239,0.80617416,128.1285971,3
7.40950929,43.72830382,40.94461156,18.82773255,0.371093552,216.8689908,1.603568165
36.91724053,28.98192289,11.78677279,19.17917852,0.111773976,159.0080986,3
28.94500102,20.090106,36.31661755,30.15232654,0.961403805,157.330364,2.720302224
26.50446847,39.5420302,22.84957819,32.22662543,0.177392156,176.646944,3
15.05724414,37.48186988,25.33208488,24.78276815,0.150197119,186.4380354,2.426700669
36.75181054,23.21420662,33.3547982,44.76971676,0.358382063,201.5490187,3
13.58642712,44.62260623,56.35537304,24.20132534,0.095633769,106.8983001,2.234692304
29.87788082,35.20155713,45.53336533,17.30406411,0.155616376,128.8257631,3
16.39604134,32.51948727,56.84227981,5.359184525,0.846444598,239.9726727,1.731941946
48.00296209,29.55548169,42.99855023,48.67561752,0.171506856,145.7691701,3
6.288403723,42.46681889,10.35538735,42.09409774,0.111426814,123.7999237,1.885133722
13.98777261,26.09908704,23.27925987,32.70018131,0.879957537,115.0465773,1.595975461
15.90397729,27.14422251,55.28862889,42.37440143,0.443796508,166.632836,1.720420603
23.63305216,23.06027017,42.17227605,41.46301536,0.157162941,145.0656851,2.631676657
15.47286088,38.97797739,59.08236183,46.93328511,0.581517431,140.3881601,1.964969668
27.11070906,34.88873201,17.79820096,22.37304575,0.04150584,122.2341012,3
44.26094855,35.22665423,24.83739166,29.96835089,0.427382555,115.3574885,3
37.04285396,25.46176078,28.11838298,9.438261067,0.590313826,196.1620131,3
31.09828912,36.27920973,26.32789091,48.43919416,0.95712003,126.3812446,3
9.005143009,39.13646118,22.59957651,49.33071812,0.326464764,165.113554,1.81583486
36.22964488,28.94721327,32.17328579,40.50879116,0.765051097,162.7399024,3
12.48864279,40.0336786,42.11490617,25.43544424,0.132699814,118.3150206,2.095821264
40.38653237,28.71976471,25.56284614,27.34550379,0.43358235,139.3040917,3
16.25255413,38.95346154,13.98499617,24.59151198,0.22313473,202.9671139,2.672286805
23.76719277,20.84325269,45.42662634,18.19897864,0.492467836,198.2027034,2.370994186
20.7711591,33.77911504,32.95082779,28.75061325,0.417231859,221.5455707,2.664962204
43.64662616,44.23816402,37.8241153,7.405028128,0.97978505,130.1900807,3
10.69450064,44.53111502,32.77003286,49.63491779,0.917497998,139.1811338,1.767371237
30.45401971,27.04381446,54.51787517,24.08225608,0.5822059,188.5210422,3
11.39277242,31.03497728,37.93724986,46.73149628,0.176509778,114.2276517,1.706149098
36.71581263,21.5744477,56.16384199,37.59221573,0.556956991,153.4502953,3
45.72851575,41.83353269,35.52876708,18.04743126,0.792082278,211.0063944,3
24.55734442,34.21430383,24.62940811,14.99236782,0.038027112,171.1294642,3
26.96415171,29.62751697,27.77212936,49.80539452,0.434029349,113.3296348,3
46.73402764,22.81926396,36.10646468,39.74568598,0.042646915,143.5469423,3
28.44461249,43.66918214,36.49947189,16.23476634,0.243957938,157.3873092,3
26.94192971,33.2554762,44.36688508,8.035027168,0.09211466,152.0438826,3
31.02480962,27.07319823,21.22474361,36.36124454,0.960578282,217.8971938,3
36.01533814,28.75537825,42.942145,18.63574056,0.168828653,175.163939,3
9.809751879,26.76742952,48.92940042,14.95988657,0.150103882,124.1265936,1.308876893
41.94997375,35.04524522,43.82959947,38.07218368,0.972054966,110.2287074,3
24.59772624,43.24908939,34.09140549,35.56675952,0.51596729,167.8334591,3
8.255682945,41.41734508,59.58403256,26.66357036,0.757985031,205.3889058,1.231313623
40.37822011,31.50952189,30.24065796,47.41951697,0.327314651,132.7376807,3
21.96274873,40.66248406,15.32953073,35.58372647,0.532860706,237.3450279,3
9.516537279,30.57763703,51.07521077,45.20388023,0.006853712,130.3163394,1.456729332
33.52005678,26.30767852,20.61006094,13.57488241,0.408818471,127.731873,3
44.6059109,44.58537788,45.66427865,18.34906595,0.555089786,110.4400991,3
44.94890792,27.5971892,18.94881414,9.703406016,0.514410163,133.7316311,3
48.09485637,28.09310577,10.84386954,18.7060999,0.405819687,161.7924467,3
44.04674569,44.74232169,17.98993019,48.73002481,0.787907664,168.6563083,3
5.096341371,23.34818733,28.84943483,48.32853107,0.501640827,185.8656509,0.748592286
22.11085249,39.0133497,15.33091236,39.21738595,0.636120524,145.1020804,3
41.8344161,43.39531896,19.88395421,28.44717183,0.184621132,148.6360668,3
21.48138527,32.79487486,48.23131388,40.13509095,0.861500096,113.2780681,2.328237835
32.06968279,20.06304404,48.4941804,29.9069128,0.362836182,176.1125932,3
32.28426263,29.3764736,50.87441136,5.15788271,0.482103633,171.0135035,3
21.42613868,22.78922481,52.05776183,27.56961833,0.35219478,136.4792018,2.205579687
45.70132673,30.40469152,31.02179473,31.95155507,0.891907176,121.429969,3
27.64527554,39.75066904,53.37748303,16.95867609,0.900740147,163.8058863,3
25.91528927,30.96778872,36.29684375,14.14821039,0.224284345,177.6997132,3
49.88811855,30.79812803,33.52985585,17.32140927,0.752714556,157.2902556,3
27.20751638,33.91973692,45.92681645,33.06324873,0.102883546,183.5509235,3
13.02792134,34.54226462,20.69092057,11.57288517,0.029850353,104.1847692,2.232366572
28.08812403,41.40740772,49.47486884,37.41477356,0.836584114,121.8869437,3
41.6307531,27.70888598,31.47329133,24.02036694,0.131178146,164.874353,3
39.95871471,40.54178161,16.3647707,20.90065366,0.154782718,96.16791546,3
40.48617943,34.14834372,15.96559568,41.32540813,0.606588259,93.02695012,3
36.86107028,27.51323874,18.24533719,27.77284622,0.816768517,171.3607674,3
16.43980231,27.3781511,54.52863671,22.02802525,0.18960092,151.5462225,1.91649844
43.79378386,29.02843793,59.54689111,44.5169622,0.114192235,173.4847999,3
45.20495594,35.56733107,27.84868996,21.57132345,0.077322346,132.1545374,3
13.73687135,25.77029328,24.60719261,43.65501273,0.024846412,176.5683266,1.974201779
10.87050364,43.00833904,20.93854863,27.68894143,0.11647915,226.5076884,2.253036605
48.90222359,34.3728146,51.19082386,14.36031939,0.94269191,196.5630985,3
44.07457836,43.00039442,20.46037412,32.57681846,0.095282513,171.1043229,3
45.19562662,21.16010896,56.2045065,17.83955868,0.597558974,168.9043531,3
44.88693731,28.56528426,43.36751895,11.62198095,0.920966389,250.625832,3
29.37590708,20.57019152,54.85638958,8.893821713,0.627820141,150.1987176,2.760789793
34.08807815,26.80629538,37.70049272,15.87638011,0.032745755,137.6813318,3
29.54132835,41.55016181,44.53399311,38.14495889,0.596413807,111.4625641,3
7.304285714,20.9152429,40.97290503,42.70996501,0.903065307,188.2230542,0.566341631
38.54763884,30.9036775,51.55977282,43.77743807,0.322559035,196.7789248,3
27.7399415,22.93917676,51.79304056,17.15667232,0.31362793,68.40247502,2.863889005
34.14690837,30.42101648,39.48964999,34.74378198,0.248863589,117.830422,3
27.61879122,40.97128961,41.62538247,15.3659327,0.505544587,230.5621644,3
27.1315095,35.57677584,56.09379602,33.02429513,0.237942846,179.6043167,3
12.73050993,38.41890863,56.4933242,44.92449469,0.723788771,152.6660909,1.626853653
17.54211718,28.72760289,43.21248919,6.840215717,0.644861747,226.955518,1.957242715
12.14837114,43.60994238,10.38771391,49.33515505,0.400773615,127.8020608,2.364237913
13.8049833,37.73155234,15.22056074,42.21895449,0.722555058,186.8305018,2.124733606
48.78398212,30.54497048,52.89712659,39.27479523,0.098496306,133.4377707,3
11.89010506,30.66162001,14.23570582,36.11133022,0.749528403,121.1262202,1.693943246
17.11716909,42.96710445,20.67595904,39.662325,0.602908182,237.8411099,2.635740043
31.5765346,34.41011734,21.52733401,49.75679102,0.630082876,88.63408808,3
32.45803593,37.65948025,40.01173849,39.65860837,0.0646637,223.2409682,3
11.92883584,30.42588061,38.83163989,20.82203531,0.618135012,218.233331,1.509695699
40.71728416,25.59231912,24.47087617,32.62648338,0.494122024,184.6672688,3
40.33412906,38.0889823,20.38056828,20.16153573,0.485862502,187.9901423,3
15.67929669,35.1955943,48.22660149,48.65294495,0.3218534,125.4938239,2.097923431
17.98998362,32.53357201,56.77280778,45.50628798,0.007613883,118.2428069,2.311915743
47.20945395,35.6005235,12.640284,30.54291024,0.4226374,122.9187599,3
42.15521507,25.20713965,16.65902314,40.15731895,0.400916224,201.0761756,3
36.40086649,39.84846766,42.10819944,45.93591243,0.422805407,112.1478454,3
8.700494968,43.70407013,50.22207258,15.96201186,0.611994007,146.0221574,1.518634105
23.82188364,42.2775786,49.55943344,31.07668356,0.299906214,85.62640845,3
30.16858424,28.03589363,45.98415765,26.67723437,0.269383449,155.41111,3
13.43350796,30.15014433,54.37139772,39.72161097,0.497781279,156.5024792,1.55575099
25.17019619,40.21005749,20.86744398,22.05871346,0.592317676,91.28905504,3
32.04616449,34.87792827,15.36454732,36.90408379,0.567328427,166.7775365,3
19.73195061,33.69786109,40.7681485,23.13468901,0.881641734,138.9605191,2.247954745
40.14251685,43.16604919,51.11379458,9.998368909,0.769144058,82.70213378,3
42.82023117,33.40062402,39.10217892,9.820464422,0.052189896,154.5090204,3
19.56242612,32.87346699,58.14987437,10.3575346,0.563475415,172.8397608,2.188788394
42.73957195,21.05046478,49.77822307,6.463394417,0.417814209,138.5999582,3
9.660945475,21.73542396,45.03959005,28.98379272,0.361051293,132.8971526,1.059687132
42.69780944,20.1855077,13.01286454,35.23562069,0.957895906,161.2211488,3
11.87376943,42.83110564,15.38711194,10.70277808,0.456795783,150.5543402,2.232811453
8.731721863,30.2096665,49.24188163,32.53361001,0.719434895,80.26924509,1.028024806
33.8798932,31.7140344,19.91189628,31.89830352,0.96708697,138.2840739,3
26.23718146,41.13467369,11.4417588,11.61923231,0.151000136,167.7354079,3
45.85507702,35.23115776,55.53803429,23.183717,0.054616262,132.8948055,3
21.34351382,35.23753991,54.54026869,38.98110694,0.313620229,154.3535276,2.606723244
17.92185185,27.41336073,20.92419136,5.75402115,0.044444265,238.3919088,2.47449983
27.53307078,40.84770935,49.0103129,11.61265478,0.116764611,112.6190275,3
25.51757836,24.1457494,12.39898306,49.81227684,0.991709823,142.0933536,2.736771407
20.49926208,21.3287398,24.25290019,38.00952037,0.960178905,116.2155555,2.038265747
36.21835844,24.79008394,41.18334541,25.88586256,0.691292659,149.3941682,3
39.18028253,26.69343047,48.15894981,33.34106354,0.752987,168.8796588,3
43.38427861,27.05777645,10.51995944,43.07994368,0.140492078,214.6047491,3
48.77854721,36.76283997,26.31043066,42.90370635,0.595235576,199.6697778,3
16.99952865,25.44561468,20.717278,19.6115646,0.154412744,122.4759954,2.263760868
37.22420671,36.91645761,59.93902029,27.10811401,0.378386156,155.0554971,3
22.7416206,22.27830433,43.54911162,33.71247934,0.345345025,159.3707409,2.408608575
35.46868874,23.68006153,30.28357264,8.235361243,0.613960461,147.9138403,3
26.41917607,32.72053621,13.7826301,47.56084697,0.079693109,212.7837295,3
49.71978962,43.04739506,39.93351288,24.47338215,0.10346207,188.7655398,3
37.80059611,41.48918972,42.08507355,21.68880473,0.609931924,134.5988332,3
47.86210852,44.21883606,50.82029638,45.81951627,0.636117657,114.8409196,3
42.57362973,36.26197663,24.42884265,10.32289919,0.339882425,147.3803124,3
45.6305455,36.89537166,59.07140402,6.766735882,0.146871128,167.3711903,3
41.64886387,35.62557497,31.97328697,35.82510855,0.886079916,77.80680679,3
25.66216087,35.57047307,24.79718773,22.32513356,0.052948798,157.0998115,3
16.3304804,23.67800863,27.4224667,39.4014114,0.717375518,137.7575245,1.789402568
21.6644079,33.5934739,35.97930265,8.084507519,0.140044718,132.4880146,2.856407867
5.910630469,29.65169834,56.83507823,22.26907146,0.637373908,106.3686025,0.692415255
28.57969254,31.06343039,46.7579399,15.58963454,0.663655847,105.2261727,3
27.72760101,33.09001433,38.85548247,38.28229398,0.804259637,145.8180564,3
28.63627092,23.2099043,18.1405194,15.22265497,0.395025082,138.5934651,3
48.83140512,28.98719335,17.46766554,25.60754006,0.021796468,135.718635,3
46.01543016,21.58623902,35.10984569,41.8494898,0.811049386,110.8843296,3
12.27707502,44.49170326,46.43543523,46.1925741,0.444068019,189.8922857,2.024375916
21.59971347,22.96320072,47.55060864,37.51726071,0.84708982,123.1599328,2.026360375
24.07802808,26.46311846,21.29571919,24.31527852,0.77598495,193.7997714,2.68895709
21.2239813,42.28232317,15.00497564,30.73936436,0.498306821,134.9070683,3
40.93231836,32.06775116,29.22304946,36.03604762,0.999399409,110.7641513,3
28.58169514,23.39093004,55.90862716,44.3719682,0.462075077,128.1181812,2.847743372
30.74449176,29.60576345,37.26836263,44.98582931,0.69650462,148.2494532,3
43.38561015,22.89669985,26.00498834,46.89362712,0.66980382,164.7454854,3
41.2667669,25.00539993,26.18188342,41.48199945,0.518066715,153.3045925,3
10.94951853,21.30074617,16.60435226,11.60590712,0.585350289,71.90993858,1.346258058
37.12615628,30.95568736,33.66118681,38.643779,0.798608762,155.4984921,3
24.5946258,40.16590304,49.56813393,41.65665681,0.571613268,155.7610618,3
18.25920064,34.64922947,58.42793458,44.50421425,0.450148305,112.0484331,2.171540881
7.250846941,35.15863264,35.07975,46.61676026,0.662082475,100.0141151,1.215200378
26.92623022,25.01460075,18.36074579,27.91219161,0.035509035,149.9660839,3
20.99465063,28.59734608,44.14751999,34.47917128,0.109193875,126.3509196,2.556637795
16.31808679,41.1310526,47.83956714,5.429874948,0.12542638,180.8191217,2.461734904
36.26022783,22.19640461,13.58498747,30.77526055,0.425767664,159.7918559,3
39.62684243,41.44826634,52.50695648,26.29392715,0.87177524,118.0223918,3
16.01552836,32.09225066,51.4661195,48.30377201,0.643294598,109.8164316,1.83498603
7.225134651,40.92868578,33.6270527,45.57691844,0.972618479,93.24019705,1.264223225
43.19387153,27.95016048,38.02112593,40.89217682,0.039940969,157.8557819,3
5.448188354,28.47107379,45.67040319,7.564738303,0.722007045,128.9678023,0.676147074
47.17006223,38.79012171,43.83740625,23.0912979,0.314201557,114.6546363,3
33.24289433,39.62490433,10.82679891,36.3219,0.023285436,123.9925975,3
19.48309858,25.74111695,16.12176519,6.33473346,0.82592669,212.6702082,2.232166093
16.09150593,44.32178312,18.12952779,15.61162063,0.162693543,143.7857255,2.823901314
5.405254892,22.11225261,47.78379445,44.93782356,0.21407491,139.9663496,0.692725177
15.59621377,21.71257408,32.00417814,10.84013453,0.340465859,131.9203825,1.793099135
11.19777357,34.88760538,37.27513132,7.311807695,0.788357117,191.691027,1.515767665
32.54747993,38.06851919,48.63437184,31.12635903,0.624590579,133.3263504,3
12.49455149,44.02215323,27.04911345,47.59090769,0.264861136,215.8412488,2.313938554
28.78834269,30.12364452,47.44451137,42.5581133,0.168489338,230.9779366,3
31.55523901,20.63228522,32.11496373,48.86476271,0.109548237,116.7213824,3
18.41187643,35.07240849,28.85900939,38.90854192,0.149816573,141.1963483,2.646769545
6.577922706,27.24240051,26.6518632,24.68163983,0.868145153,139.395423,0.865281079
6.676424628,30.82367803,58.24724077,47.59773978,0.922683373,182.4619426,0.651284303
6.185629949,32.21173706,48.59867054,24.19849753,0.967957808,131.075588,0.722321954
38.26061002,21.61281527,11.00979704,20.75425774,0.834731884,152.6717933,3
19.31043672,32.14954461,57.87077433,25.1688163,0.887390325,187.3894304,1.980292253
40.83350837,30.65799167,48.77198149,41.62882795,0.8161035,214.3780313,3
24.42797707,37.81360663,17.45873572,46.29620974,0.958055769,125.8530725,3
25.38491454,36.14164778,13.81690627,21.09569495,0.845650942,266.5089374,3
28.07971711,24.63039295,25.40970468,25.80113554,0.462002682,144.554671,3
37.08641554,25.15347296,41.20907647,45.42472955,0.323254314,128.920543,3
17.30762896,26.27515447,40.82733446,7.116964904,0.584211889,207.7295277,1.90622209
10.47143073,24.47376101,23.79250626,40.27409124,0.608183328,165.8946888,1.32091838
30.02258008,36.43032999,32.28374893,25.43979912,0.574914539,128.1217176,3
19.71399305,44.86075448,20.59450779,21.9433258,0.706726343,235.3168456,2.907449538
24.91210912,36.30270851,12.52893426,25.11145813,0.698976579,157.9440796,3
34.11260188,35.16703865,35.84852337,23.8410804,0.087194284,108.5014311,3
27.23565835,30.24819833,27.34955671,39.04783782,0.285522452,117.4801581,3
32.91254677,27.81450647,37.14412161,46.7576385,0.889860187,201.4130035,3
29.4890001,42.77684392,57.32536612,27.11551215,0.590035054,172.182901,3
38.29083674,44.22504685,17.16851558,42.47302036,0.328524698,131.4700149,3
36.7671478,32.41940439,10.09810092,37.93750411,0.85045865,117.3106796,3
29.03854513,27.25501239,13.84391066,19.88063535,0.249042286,133.2290081,3
35.55063594,39.25305519,33.13541481,31.42912165,0.409199864,228.2771521,3
44.3101821,23.31141977,45.34660149,35.00670538,0.276254772,165.1021209,3
24.45220795,39.13970594,39.03818017,6.057471735,0.871349924,124.4604773,2.923820896
23.57433827,40.47370936,34.74473037,22.81799981,0.728288687,169.6674261,2.994965826
39.39105294,23.12259862,27.69815655,49.66871791,0.460225645,175.1147582,3
31.21492267,44.42153672,25.49870858,33.67653922,0.932300832,132.8766894,3
8.19530511,44.63780726,28.81430876,20.04098312,0.927444781,126.0328372,1.555591942
45.14504071,43.41798698,40.5817477,16.25108177,0.711525026,191.6980896,3
6.385239601,32.40087024,18.38769779,14.42667209,0.891993633,142.9448887,1.088679173
38.67783603,26.15185356,48.56810415,23.0738634,0.719393121,114.1858424,3
39.14573642,34.55023202,38.762662,13.69695608,0.628211868,284.2025172,3
47.88999884,30.49834596,23.45781888,11.08337819,0.420783018,120.2469444,3
7.436048378,25.14871612,35.05764814,21.3828478,0.273469762,165.7634186,1.094584013
31.85855874,30.59191024,58.13893438,32.31498617,0.060257359,167.4452493,3
24.25282568,36.59724589,11.02457646,11.58796319,0.800869972,125.9936707,3
19.87848297,21.77283277,19.97613205,6.995447324,0.122163081,240.6977711,2.452766528
9.064335213,28.33545004,32.419012,6.558476813,0.410349241,110.0665054,1.321583782
30.31943539,20.44487225,41.92198609,17.03229136,0.234634214,146.4015334,3
26.55683266,38.73738764,20.61141331,13.55595307,0.454626299,98.78988845,3
9.704950617,36.01728169,56.57019742,29.26649121,0.314983825,204.5011157,1.447877231
32.56202782,21.56680337,42.12860062,25.50740842,0.829693846,172.5957779,3
38.20789041,44.11843899,53.87159745,19.61449765,0.978178561,174.4389295,3
39.52752355,20.56553893,26.46589651,42.50942754,0.941554776,157.1618332,3
45.74179347,34.74901616,51.44769672,27.72261468,0.622369919,175.6457158,3
23.42618338,39.40918654,28.91096084,9.118849644,0.979276548,157.4453208,2.877510008
47.88827459,39.69740783,22.63758862,18.30939593,0.400722658,125.7230292,3
43.94432323,20.85712839,55.58276696,48.80026698,0.522487444,187.2953411,3
18.3425707,42.66037832,14.61092378,48.96397943,0.256849832,97.08063729,2.981735526
12.16773668,42.9612918,57.1444398,16.4602236,0.897982532,159.7282543,1.628381064
24.59252283,34.03475933,32.92576029,12.5256258,0.179709121,236.910734,3
23.08544186,32.05207997,59.63127367,27.30596658,0.610487473,263.672355,2.475390378
30.90736874,21.12168658,36.97973269,26.66592132,0.799454119,143.0188036,3
31.25238045,34.04885356,47.8744086,23.45619593,0.595398747,137.3310191,3
38.7494143,30.23447704,10.35355082,28.82107524,0.078775218,182.594827,3
27.94504767,39.32016019,34.833341,15.44879203,0.611446879,106.5085874,3
9.717018842,30.09708917,46.87267358,10.17182037,0.767079322,163.3210363,1.122671793
43.6231101,37.08952083,49.141351,30.67076563,0.187828159,120.9315325,3
18.93940624,22.53520366,17.90242913,46.96690986,0.736952856,138.3644573,2.09761336
48.70838571,23.32380677,30.94854752,11.19871745,0.878577708,277.9836524,3
10.30370489,23.49275477,30.95359791,36.71666259,0.986458495,131.4750453,1.010697088
48.12130275,21.13813749,15.18204042,24.70535093,0.410059264,145.5633371,3
9.09553131,33.53322148,32.15227538,18.22894654,0.025162383,125.0560151,1.693223235
15.39662621,39.84919315,50.35464793,43.38991483,0.419079,148.1475676,2.15488308
7.096097394,35.26028009,25.00903688,25.54212625,0.66022784,221.3368552,1.30474812
36.7300916,34.37387214,31.62872609,31.24904063,0.891365038,149.4555698,3
43.26344315,37.01559821,58.04793425,24.93753291,0.938105792,153.5843489,3
24.53319868,28.49113308,11.58540379,8.656231175,0.909575787,153.2168269,2.832382373
46.78349338,29.04885179,39.57608839,31.77071091,0.657959773,145.3085888,3
31.56345823,27.85675246,47.17180459,23.84784388,0.682523043,135.9614914,3
33.3503211,37.80272332,48.0441217,8.904047273,0.002383807,202.618598,3
43.04386408,24.04100839,45.79690124,31.81152805,0.363731243,142.7626665,3
18.35600923,20.32563201,46.32257217,5.444191942,0.906856236,151.454727,1.59646815
20.94195746,34.90491117,12.95063328,14.38341747,0.689617664,152.6958347,2.78337762
45.76783636,43.55953412,36.70683096,40.14812916,0.467920751,157.8713031,3
45.54335732,35.23519792,49.14845358,6.706734119,0.104252415,105.776172,3
48.94172493,39.57304132,14.70325245,34.10069441,0.246316666,259.856581,3
45.58272424,36.81976774,10.60249612,47.73681258,0.554922518,109.2136338,3
10.73174162,32.43591634,50.72809158,12.70366062,0.897501514,209.7591391,1.198339701
42.06759288,37.95981004,45.61471938,23.77003371,0.095812348,170.0214296,3
23.44273151,40.6026031,30.61032085,30.89739638,0.153755444,174.1285516,3
49.58606102,25.6182911,57.01982163,25.26871274,0.655005076,117.0755496,3
26.25264339,28.40326201,48.32990473,32.91699588,0.294149731,77.62889854,2.941665827
29.92262371,25.59314331,58.39304708,23.18438863,0.169703792,202.3587358,3
28.83987119,31.30432389,56.46576298,11.68268581,0.178435965,158.2528216,3
19.47816634,42.12661377,34.06468015,9.006996192,0.492613226,138.0481322,2.765083679
8.375994,28.63017752,47.73544893,38.49994203,0.583744256,107.4752055,1.022712033
45.30430537,29.36167223,43.45956944,15.73807773,0.904349467,97.79564569,3
41.12041156,41.50918087,50.5722605,43.13526407,0.529817189,117.3140225,3
11.27870513,32.88435827,49.38442011,38.43622597,0.691273581,147.3408096,1.384534796
39.95457221,33.38622499,17.6615985,7.225393295,0.180685953,128.7664892,3
33.16309997,41.52003008,21.68677659,14.05450027,0.713460287,80.67734709,3
23.41147046,32.26316843,23.28657886,18.13966955,0.648693589,213.6182012,2.85937341
16.43095171,37.03893837,50.92492796,31.7517012,0.216182063,215.3410415,2.260386139
43.68779526,22.14111665,50.5370852,41.44221501,0.669377465,139.0582512,3
36.50847167,24.46579283,34.76676735,7.714996482,0.211492044,168.3232186,3
29.64829593,30.10940502,39.04161296,16.23240283,0.593577775,131.1879445,3
32.43058403,32.3709767,51.34610765,21.92943931,0.668849705,108.2671764,3
9.097978194,44.14334253,25.62968003,13.25197196,0.693350545,104.5229232,1.778270498
26.32638924,44.26629083,12.50893885,29.53814439,0.909266593,135.6370418,3
13.71651318,41.27992719,34.12982191,26.51011157,0.947837355,191.7606279,1.932431994
14.37726556,27.88997088,55.68585719,19.24230389,0.810197952,241.9745907,1.405434703
34.7586783,44.10070727,49.52341305,28.25990991,0.878748113,105.5932015,3
46.00652683,37.23352162,28.33086516,21.0119704,0.019328883,224.3065401,3
23.16904747,29.8235032,13.23856802,20.44373304,0.362668109,103.7959658,2.997301786
14.34871729,37.54187292,41.84597527,16.94279864,0.039722214,133.9008551,2.247946633
34.19361218,20.41306824,51.72453979,29.31970704,0.224845357,180.3804102,3
44.20341709,23.65386706,43.24742832,24.98519275,0.381724323,119.7235373,3
38.67434605,40.74214279,31.25373324,13.83461529,0.86757551,118.5266217,3
44.09407537,36.13934092,16.16768066,5.58348174,0.511754086,92.24441931,3
29.1449602,29.10486753,55.53871221,11.79182933,0.648861051,216.5095709,3
38.834431,32.51666601,23.79791629,6.927557067,0.362815595,178.1408794,3
11.30290517,42.62855374,21.21435182,24.42194751,0.602915907,131.5061005,2.037640837
20.67235769,35.78945274,50.79883328,15.12935843,0.815536499,141.3262166,2.344460945
22.5297124,29.9537321,59.06099694,23.92048996,0.301241382,147.8649172,2.510198316
28.00830858,23.00816643,43.00801294,19.8252443,0.932256698,182.299162,2.671561261
46.80843621,27.34367004,41.24052445,29.21066648,0.213313496,129.6979245,3
44.34334521,44.45850582,25.97154346,37.5740073,0.919301307,134.1845396,3
11.05364715,30.93407657,11.02067253,26.56912722,0.028297545,192.6219792,2.012145103
12.77553433,31.7959866,19.58989329,7.788562742,0.542752278,138.6852477,1.870144582
21.09382473,32.46495081,39.22152183,5.787971664,0.985172903,161.3377078,2.30674583
18.08347397,42.10260057,17.56582309,14.59540248,0.609778727,97.98660909,2.731219821
32.66469289,35.09820711,54.19179035,24.123538,0.554861623,113.7355627,3
45.62492215,37.34192591,19.40723439,7.020726288,0.682470247,194.0801292,3
48.30311938,29.73533856,36.10522265,19.74802122,0.289302248,116.1789646,3
34.41213286,20.72719046,35.60066229,44.91615686,0.053915339,112.2100277,3
42.71716406,43.27432286,40.19728151,9.050855983,0.251064249,142.5841864,3
28.63409901,43.72819202,26.37170349,47.68324294,0.176247167,154.9486673,3
14.37471261,43.72882633,53.67671005,43.5502299,0.923569237,225.7653128,1.896547086
28.61097854,43.59217717,32.2150768,42.43015202,0.852262029,104.4964646,3
29.97871706,40.38104853,45.00767894,43.86463299,0.317713884,208.0906412,3
38.41059039,37.11490125,41.79554305,8.602261936,0.836069306,206.9152882,3
14.89473454,41.11274796,15.85780416,11.80256423,0.211752689,226.4257329,2.595444
21.57396719,35.01365598,41.13196764,11.0467592,0.199579254,154.8688514,2.813409282
21.38123611,23.35924035,37.5351339,10.00588148,0.767535429,166.9980852,2.157645903
48.17478181,29.78045413,54.93020316,19.74700488,0.326930613,172.2781998,3
24.97752321,44.2823728,54.04383182,42.35975973,0.064792639,142.6563891,3
38.97922853,28.77844534,17.54773937,16.33829646,0.719986581,203.093917,3
38.78651216,41.69569784,14.08425728,15.98997555,0.98960138,102.6207951,3
16.94948832,22.33028677,24.72961096,35.41499408,0.565977715,108.5431864,1.909006757
30.73413602,28.35459606,59.33064283,9.361629596,0.263667575,107.7758321,3
45.2436302,28.77383312,11.07868882,21.21259966,0.372905694,200.0865506,3
26.38389738,21.29006358,43.64461198,18.29418381,0.648649559,98.43084065,2.587287624
47.53028783,22.97735825,40.42568669,43.12853889,0.701379612,106.8540301,3
14.65062032,24.82913028,42.32891402,28.15255749,0.886332223,128.4810207,1.426244456
8.33715976,40.94538977,20.91429449,34.09131039,0.908835372,230.6334081,1.535001671
45.11542429,21.58504975,21.33586729,10.80654522,0.861278512,157.0138916,3
43.14565391,27.46752253,31.53210411,46.80132173,0.648490926,179.5667954,3
49.66654442,20.25437506,14.79289035,19.51034694,0.44985237,187.2110391,3
35.57270697,37.39069364,13.73066045,36.8077477,0.679305484,127.017655,3
47.1509567,35.50757725,14.41797267,47.9581781,0.666565457,102.6869623,3
42.21270613,36.12455655,38.64895857,27.88919877,0.217982921,108.022614,3
42.99918499,29.35956962,29.88709284,27.83908664,0.507553629,139.4529613,3
30.61137067,25.20669553,24.68083903,10.27622406,0.208214764,180.6443345,3
22.20640691,38.00800533,25.79096898,22.56240004,0.899123781,154.1330861,2.780102621
47.05511326,40.27794682,20.36416529,43.36092225,0.323247909,202.9614798,3
24.4452729,23.46503745,30.57526677,11.07979282,0.805425989,100.179651,2.518229543
29.24687153,32.1707357,20.15290346,46.28768588,0.377227065,147.6746173,3
25.07514382,26.21789205,44.90230211,35.02892365,0.763736142,96.46039891,2.550553025
30.41682413,24.20267153,16.19662563,23.94319258,0.220912455,142.3436158,3
26.17272855,38.35813284,57.41210423,29.59242883,0.763743218,186.9908974,2.939884632
7.158540136,33.45242339,14.49094701,11.77234735,0.179532034,164.2339266,1.596259306
44.69216837,25.40463331,57.17303571,14.78674819,0.49081754,175.0734211,3
24.99772185,27.75000028,51.66474858,17.88837922,0.113626745,109.4542723,2.851311336
31.50246418,44.16634178,44.03560603,22.31807532,0.527898081,135.0002339,3
11.26345112,41.21698912,55.61508278,46.19848977,0.82071435,117.436342,1.533736747
5.152453159,41.99866857,16.96093968,21.54060612,0.755546953,168.7609671,1.367818062
16.03805421,31.50030243,18.81573871,28.57258582,0.050715215,158.9756494,2.440300508
36.70637145,35.5951816,22.6076296,12.29117726,0.492177571,200.0505628,3
9.463753855,29.41919351,22.24057634,38.11879405,0.85222531,190.7954405,1.27849675
45.89993482,21.94279939,25.54241355,30.21263821,0.65010349,180.5575279,3
14.67601562,30.02673277,38.78154491,24.79583561,0.059201319,103.1016734,2.051076546
14.20671264,34.84951883,11.40863057,47.62339095,0.325632023,162.4428836,2.305419575
13.16785827,27.17860677,29.11362975,45.07928799,0.556586889,195.7889789,1.653309644
5.629177084,41.19876437,22.31925639,34.67800726,0.172651475,134.9538278,1.626691552
39.73124608,23.77750398,40.3314924,46.48155828,0.681914067,223.8248139,3
44.37655391,29.17822724,59.25846655,30.41518077,0.634846409,178.0221657,3
32.63732162,23.12259763,35.88273061,42.21217183,0.20244428,191.433418,3
13.46899918,30.12080335,31.28426196,23.42570739,0.550397965,119.2775859,1.762885094
17.83750986,20.99153262,28.41217726,8.903488611,0.811718556,121.002296,1.79348769
26.41670138,26.81373488,49.24746094,49.73668653,0.3748267,126.8030789,2.855573341
47.94556782,30.01838138,13.59904658,12.45341844,0.246986575,226.5600162,3
16.13081173,31.95413408,57.98852572,16.31795177,0.701220573,190.5423434,1.747723432
37.92406568,33.59240896,30.8958943,12.33965252,0.070804314,156.2501273,3
24.77517005,26.87477824,25.68503629,20.18657831,0.832673807,214.8196835,2.70015568
18.40313068,33.07603337,58.70340582,18.01760602,0.943458967,228.0559782,1.884083971
25.51621717,32.72511554,56.79394316,32.04960118,0.964787005,206.1642828,2.592125967
8.204302289,27.90445127,42.09670699,49.84070065,0.432538754,118.8400481,1.113342158
40.94093169,40.75500827,10.92536874,7.362907497,0.623202841,201.9768007,3
15.94858676,33.64102816,47.42674881,40.0299401,0.857364557,140.8803687,1.813276515
37.64354554,28.30674297,26.77787,10.7596366,0.22342399,128.9204439,3
8.075676715,43.6834628,29.41401154,5.892576108,0.027702669,134.3903754,1.955691648
47.97943503,41.12781033,17.93710645,33.73595691,0.384566232,200.9912424,3
13.68567434,44.56469529,36.17290419,44.2991853,0.884371059,154.7740948,2.050142706
44.72339343,37.30584687,47.22762981,12.9334328,0.505071912,185.6131213,3
41.42629443,29.45557264,23.6505559,20.37262031,0.530218949,148.712357,3
48.55369658,27.02151667,56.9366454,12.59375919,0.691474045,215.7880256,3
26.50507974,36.58294609,19.7368428,45.79284062,0.57451726,169.8868318,3
37.73287822,44.52041456,13.31311703,17.16621946,0.054476639,98.64076026,3
21.68197957,35.667877,42.21819367,25.01208011,0.560860125,174.321134,2.654515191
13.29657071,42.04037352,52.46593659,45.26335743,0.647958851,118.7087735,1.882364064
24.93841698,28.22758578,57.65664297,29.87911417,0.641595778,220.6778579,2.537396906
12.45870569,30.17384456,48.35855053,46.97824103,0.728344159,190.7209606,1.403907803
49.19200803,42.65688099,19.98250058,46.69026866,0.519920277,100.7648967,3
9.331092101,38.92166755,58.88305924,25.7720459,0.900058798,115.3267955,1.191638137
31.51452756,44.53525801,55.9717938,31.20721757,0.464260613,114.7017465,3
33.19087349,39.36910524,18.15837114,15.36414232,0.518186473,201.7782836,3
29.21357943,31.21289268,37.93929135,49.57411185,0.780305756,158.5941693,3
34.79836486,33.2767005,37.7758713,17.52424972,0.833234976,124.0972841,3
10.22813488,42.51288731,32.12673891,40.24881446,0.648361467,102.9202436,1.794461609
29.97583359,33.7911684,59.21406651,19.08360771,0.126373213,147.8916713,3
17.9245657,26.38493435,12.98111186,19.08690179,0.331952094,157.5683655,2.376167216
47.30792285,30.89049532,41.36044542,9.673831702,0.020155552,82.14341925,3
39.2932244,32.90789972,20.26518113,30.19531149,0.295449808,179.8446516,3
48.7631517,22.41799584,36.36656024,16.01745522,0.570244291,106.1496354,3
6.690023138,38.59406686,48.98703859,11.6777641,0.805230739,259.1704696,1.062985453
17.83099288,22.73384833,22.33634016,15.20000125,0.585649774,168.6918983,2.024705944
13.7940164,30.12294283,29.66797732,16.29919207,0.039894656,171.6583702,2.066872633
5.501956429,40.11556104,57.53840371,27.68375553,0.25910646,92.50288754,1.182443744
15.90465786,31.68925904,48.07403689,22.36653665,0.578061681,136.2705764,1.877003211
35.54491926,41.05038799,38.63615923,8.397062646,0.709047722,170.3304651,3
15.3990015,28.54703305,21.09986939,29.12128623,0.86645385,76.5788708,1.847242299
27.90515505,43.94090735,31.26527187,40.44863532,0.967645216,88.83131674,3
44.95181517,25.2367108,48.70306595,30.84058224,0.891786621,198.2394482,3
36.21910642,20.95660362,51.02715391,48.85431135,0.467327987,154.3972097,3
22.75830815,41.81066357,22.23030991,9.461759367,0.746929511,130.4255023,3
21.76110225,38.8050679,43.10301052,41.95185515,0.2405278,95.76882321,2.918318483
25.50811163,25.79959593,14.75014961,27.75617015,0.063830795,137.5125127,3
12.96686485,44.61854018,11.16061537,28.47178299,0.055069014,142.26441,2.644830497
33.53003453,32.55700323,37.43369617,28.35949706,0.241305685,175.3633639,3
21.38687686,43.776636,21.21899271,19.63934726,0.037541085,175.1513001,3
43.35644072,32.62571928,13.94560156,19.60497564,0.850272414,246.7560583,3
39.0448697,31.79686467,46.49141564,33.4330028,0.489920757,191.5343881,3
32.47309238,31.22846343,34.89872942,7.014428842,0.810900041,181.9328809,3
21.38910002,28.3718819,49.81385055,31.49537204,0.939898277,123.063484,2.116551755
14.44693243,33.34253743,43.19721198,37.60658232,0.993907887,118.8301295,1.627185094
39.92683388,31.31386655,46.490247,21.03468321,0.937164009,118.4993765,3
26.88840945,20.91867192,25.36802906,14.78106228,0.716556797,191.2946215,2.77417132
15.11375172,26.51088084,23.16379128,14.60241107,0.441979652,116.4806574,1.942443461
13.78285768,25.32807,40.0437446,8.682784401,0.597984839,86.68695375,1.523124902
12.4430407,41.68589006,20.00410702,9.037369364,0.816496368,209.0411147,2.025544485
39.97225383,34.97174943,50.77060578,12.50095407,0.897554505,254.3986632,3
15.30442334,39.09207751,36.14600845,5.862780727,0.956468469,149.9055313,1.993817265
28.69890186,43.92065094,21.34949662,16.98059334,0.730605699,133.3116443,3
25.31958624,36.10098181,41.25841162,18.78808232,0.539953549,153.6797229,3
31.08249047,44.56524979,57.25178675,49.7849564,0.96837171,77.04345871,3
44.47197052,27.79410129,14.10473633,49.62594819,0.958624962,207.1664845,3
44.04863255,24.65667956,15.46726037,13.41719811,0.477552838,204.8216405,3
25.29842323,30.0827472,52.19195734,14.58644711,0.64865839,110.7899504,2.686351795
5.691481283,31.76998537,15.47968873,27.13578668,0.809267148,136.3817462,1.06871718
24.18997126,42.38403857,11.96876847,11.69529502,0.433079107,131.5073323,3
32.27870918,33.99851098,27.39652905,27.68177337,0.829377627,193.8423799,3
30.09941416,27.30452499,33.33529425,22.97253672,0.111455472,146.15776,3
34.31012476,38.56585707,38.47222183,19.6080301,0.481151721,178.2138039,3
11.93340796,32.64579843,35.36501163,42.01723269,0.482612499,147.3013251,1.686577711
34.09407945,24.05329863,55.65922813,42.2652965,0.684657056,237.8984993,3
13.21932284,34.42049469,48.43340502,49.45502601,0.11641301,161.7178407,1.926741552
38.77357913,42.78486342,59.19051279,15.03896513,0.103210433,147.2616676,3
20.2589426,41.06556544,33.82277116,44.97248737,0.900594812,107.1401896,2.606221323
36.9452945,34.67024932,14.21648049,29.20306684,0.303741464,107.4442446,3
7.153951951,29.42707935,57.77653215,31.61567441,0.326922378,143.788813,0.955071329
23.35370115,22.17446878,10.20565808,45.33319464,0.776861547,121.1697282,2.58403172
36.7265535,31.74122308,48.80480069,47.41838584,0.414909036,92.45077198,3
15.20917323,38.80198594,11.56410154,37.7065066,0.832923754,207.1600031,2.282213962
40.78791702,29.00684299,48.06070953,20.65290944,0.401468731,74.01855593,3
33.38508799,25.88617064,56.89694699,27.03505954,0.760599766,229.9052327,3
31.44027975,43.28449298,29.46301487,32.67742388,0.525309958,146.2403369,3
20.90969844,40.53889251,22.04824256,42.28880175,0.935828126,115.3965419,2.753869772
26.71031617,35.95689049,21.31395763,34.60764674,0.327388973,237.720076,3
31.88071854,23.4195836,34.58588221,21.44514275,0.362690595,108.3119378,3
26.26079513,23.62272101,18.54435179,23.80462031,0.969986516,175.9989152,2.74306677
36.42409958,22.58048979,43.64618153,7.269696592,0.737525098,136.9543251,3
24.51636199,35.40741667,28.41761787,46.59205372,0.772567339,152.7123333,2.961423573
14.10229318,22.88906991,26.15547462,8.9653556,0.295976749,171.9840442,1.763655194
14.62702023,41.06567997,33.06427881,31.09688558,0.532044397,103.445239,2.234893035
5.261169598,44.82412505,37.12937512,44.22433466,0.313540985,167.1511956,1.492190217
18.5430972,29.15870462,17.09651311,23.93893623,0.259868887,161.2706701,2.525366966
38.70129382,31.34174617,45.38816819,41.00564694,0.535241188,151.1212748,3
40.7373219,37.79167942,54.147355,41.17172358,0.987760624,159.6880484,3
14.11103939,43.42882516,23.89934581,7.693071736,0.214622647,182.9674954,2.512426663
48.15697986,42.35234434,19.01954509,23.54646766,0.242519859,172.6903424,3
27.60812571,21.43979572,48.02527119,36.0961469,0.243128988,103.6939517,2.873655222
46.26404371,24.22679506,19.17708619,24.00590791,0.791702262,85.2341009,3
36.80443768,38.86492996,12.06275802,29.53252617,0.510482061,110.2869925,3
37.50950404,37.2223277,40.96216102,31.75060571,0.384767657,190.5424489,3
8.826962959,23.33046485,21.98757082,11.80532195,0.843789834,211.4641584,1.018607832
14.89960071,32.55161455,18.59052045,23.53915428,0.297490638,109.2224546,2.240363366
5.396667498,39.52036578,59.08013709,6.280844976,0.392217899,172.0550019,1.070101956
37.22574382,25.46951706,24.59324917,11.73317374,0.073620559,213.2275999,3
20.49972298,41.78219089,55.17216451,28.05143285,0.118910102,115.8373793,2.831535298
40.39936322,21.32429437,18.91093829,30.81136991,0.136731067,157.5419955,3
20.2521299,39.55487713,50.9488566,11.5805483,0.346975238,217.7039828,2.660732709
41.87001885,35.39547249,35.10094365,39.00286716,0.52408526,181.2341198,3
10.88142142,27.87998367,13.92973846,21.78445495,0.000744315,166.2133154,1.877805389
12.80179205,38.02331371,46.68026468,46.4292468,0.189932311,125.7672706,1.985854193
20.33944428,39.55914488,54.60366859,22.44482255,0.17565002,182.0804303,2.718720895
23.3819325,43.34747428,18.15084952,11.74149394,0.253346849,183.3839873,3
20.69162649,29.1943668,46.27951212,39.10867064,0.166080926,154.2769358,2.496472625
39.36411646,37.1504184,32.25262595,30.55103602,0.195128181,129.6553338,3
9.362812668,35.06540692,47.69352266,22.40096757,0.983880361,80.06693929,1.136252757
20.80476588,33.13015174,45.69639741,21.01807235,0.594730259,168.7122391,2.430485876
42.67579998,42.26041185,11.33001152,11.78460381,0.762693165,105.6615668,3
8.005868477,20.07918285,18.9360518,20.33755824,0.819343377,108.1954964,0.870860736
47.40545785,27.05279015,33.55136215,6.320486344,0.667680597,157.8777258,3
49.3842579,33.45693099,56.6797086,27.60808613,0.70408027,183.8325614,3
8.985567822,24.45733154,27.10367284,45.35256838,0.632283445,134.025838,1.126622716
18.1072635,42.69666334,41.44367351,40.78988583,0.649373478,161.0217288,2.494824987
21.75802997,36.18987794,10.60418728,6.283453874,0.928449629,193.1474904,2.811865574
39.93761159,31.94707487,45.55634608,44.65671468,0.185738474,186.9771442,3
31.81670655,40.36754398,40.15341314,25.3546173,0.274730036,178.5856136,3
33.99645652,31.27215479,45.76973733,13.59011594,0.093258549,166.398984,3
39.08794203,33.9663253,55.23303065,38.85853798,0.837324463,107.7324716,3
10.30905497,20.06877489,17.32494666,19.52930976,0.448755324,128.8939114,1.302237532
42.49442556,29.14251325,23.0794798,16.39932904,0.907104561,83.68896528,3
36.75289119,23.46976181,59.78904461,12.25932831,0.411675713,139.4044448,3
30.98037763,37.24221702,17.81419793,26.89798581,0.442614158,159.2631981,3
45.03809007,31.97567397,46.03135033,9.20272998,0.448356501,97.14180746,3
36.51378592,27.54393893,46.25379553,40.35259081,0.612493092,106.68856,3
14.07649832,31.69580848,44.14968731,26.18035595,0.766124117,95.353704,1.63961785
24.33854215,25.2407472,21.37202947,25.11393876,0.351292276,161.8369964,2.885846022
27.23192901,43.12716581,20.75670316,5.083428042,0.630165453,118.6002256,3
7.484793204,21.34931581,43.3170534,41.80387371,0.203967437,106.8481207,0.924968928
47.9586881,41.63542588,19.31250922,27.17766766,0.554047105,160.5759866,3
10.78597674,32.78396972,43.07816659,24.79525339,0.5465849,153.631875,1.467322548
36.38575703,35.4736624,34.6264141,39.26231984,0.888715866,109.0806452,3
27.78039662,27.56514052,29.33144338,7.83043471,0.895845224,176.8357849,2.955640634
6.153451245,44.16744042,25.01161747,21.50062052,0.487211158,111.4119423,1.593871385
46.61363641,27.04627396,57.37884667,30.90802809,0.024599466,228.4593844,3
43.3326564,34.72194993,35.40468289,25.72599032,0.844621951,129.882373,3
28.59160676,44.83541763,38.06259813,13.17375004,0.000622471,233.8493941,3
15.30240513,42.02735991,57.46280423,18.46744285,0.478253636,156.2759525,2.11739765
10.47303008,33.40824563,42.6938659,18.50902509,0.019790158,206.8916305,1.724077458
21.35266157,44.75936307,57.89264639,49.63868612,0.352591294,190.5666849,2.872022816
16.49427265,37.53424654,15.31833703,19.67887035,0.636764686,105.570719,2.429003103
27.80110405,25.2175104,52.33198159,14.23319281,0.371200903,178.7491235,2.911773817
48.48841833,30.13990526,26.7707314,42.01867189,0.926891359,140.6880857,3
30.8729072,28.36233335,50.52437625,23.95270648,0.640763633,97.12975548,3
45.04689752,28.60034271,52.78183121,24.97386625,0.646443873,218.3378727,3
34.28954769,39.01141098,23.57439431,29.70000786,0.374437046,159.4777496,3
26.3860937,34.60657318,30.44153083,31.80601388,0.038543524,73.02859674,3
43.45734032,20.95231779,46.30071772,31.57500202,0.738179723,140.4506851,3
26.21156496,41.93621209,14.95278154,6.552487508,0.716244731,203.6675119,3
44.08826767,27.41990351,47.77667672,41.84790948,0.530125027,114.7996424,3
18.12095463,44.92687192,15.5236463,13.76837686,0.416268039,240.0122413,2.946287378
10.79658832,43.85476826,55.72278661,18.15539575,0.53831705,216.5415113,1.715098049
43.4891509,43.51326792,23.81696466,12.8043284,0.746815404,146.8861784,3
31.43368237,40.2781901,38.77996734,39.51844959,0.712785431,127.0942828,3
45.00915792,25.51533329,15.857675,31.26460967,0.658109662,104.2215036,3
47.20222431,33.3158186,23.47465773,38.98832687,0.903777267,178.8987574,3
7.413277567,25.60756567,30.19775217,34.40292824,0.609888377,120.7351922,0.987991569
27.54361858,26.49188639,34.35244383,9.687138549,0.014509648,200.2691046,3
21.87340471,35.27379424,10.00337488,18.56748991,0.618063836,130.9290432,2.954067945
33.16362787,21.02083863,54.43278812,27.82693218,0.612559246,113.565146,3
40.71160387,44.23646417,10.38374048,18.72252641,0.069636164,112.6758004,3
17.62655972,42.96682931,48.68422815,14.3286757,0.427729754,131.3635374,2.494176457
30.0559273,29.5191893,33.52894562,44.14153861,0.651096262,162.6646219,3
36.8927861,32.8855612,36.19400125,38.65026538,0.704501232,128.1045427,3
11.04939873,31.65298548,20.41327397,20.53490272,0.893049625,112.8185327,1.509381837
41.63301077,42.05499447,40.36841752,39.42555632,0.841380981,150.9530594,3
32.27493199,37.21504691,36.86159546,33.23923783,0.116551809,189.7438808,3
47.72918467,26.95278119,18.21182033,5.170358013,0.608784427,211.4661683,3
20.27880136,31.17103136,21.90595007,22.11179117,0.596481411,177.3010174,2.549614309
9.866567405,30.72414939,13.34518145,18.07193746,0.303747918,212.3890501,1.72546928
27.79255405,43.98337921,13.3141786,14.80588798,0.184105706,77.42160311,3
8.861484727,24.38277276,10.6887893,16.32152273,0.199508659,131.5417128,1.492265342
48.62869355,22.23940843,21.02371627,47.4064181,0.177547769,175.4019204,3
6.740823122,42.0154708,43.98306137,26.88426806,0.806263672,126.9746552,1.231635556
38.90767555,42.41714974,25.81076941,43.14689232,0.148393051,85.14979703,3
28.62960792,41.7934772,27.13671349,14.63977185,0.264391977,150.0244947,3
21.58792936,32.77442289,16.59526966,12.84817098,0.217788405,215.0814035,2.9764268
7.962897403,36.49361071,38.77353338,44.99553147,0.712856832,149.2178682,1.26857968
32.99751159,34.08407619,27.10718208,27.30671086,0.158395894,147.8693579,3
31.33491482,21.73619565,43.81584017,45.28184564,0.024064953,250.6924155,3
17.63974729,34.89587242,47.07297344,7.836298379,0.374225422,237.0347086,2.269328031
45.95997656,20.34035368,39.23464376,46.2395985,0.305094261,145.4724048,3
18.68495033,28.12468524,23.80347684,23.69503924,0.397704705,198.4300551,2.36909742
25.23764348,43.3073144,35.43038997,11.99167193,0.753815739,185.162275,3
29.46931052,27.60113174,22.59654023,35.75222102,0.012366909,160.8471248,3
9.510434518,43.49566607,55.14564177,40.86062075,0.037707602,81.92553984,1.830588769
46.94727736,26.25334893,48.3192875,7.131862741,0.255644632,231.5079743,3
21.85412686,27.86405601,34.6502953,49.42381885,0.889208486,179.5831324,2.323107357
8.635064624,35.71018741,58.27285716,36.36620993,0.169074501,218.5476108,1.386580221
22.42810282,39.04067432,37.33777234,19.46308962,0.997037957,202.1294811,2.67226939
32.00911462,32.5346942,26.42677385,11.80822081,0.805692566,145.4799758,3
28.11437023,42.05289218,14.77336504,22.66391366,0.456136553,121.2524466,3
36.25438883,21.00601054,37.18728224,14.92545473,0.747862245,210.9606619,3
7.496777393,43.05487097,53.02083058,27.23689506,0.518815125,108.4167505,1.395224237
17.80432746,24.907695,53.33593641,40.18517188,0.565992265,216.0278684,1.79433375
41.86537596,42.10596863,40.22835333,34.7058675,0.580771742,165.4244286,3
8.595215951,30.02157949,29.67191816,24.61707072,0.648720513,104.0099363,1.239161473
43.49686796,40.8189264,42.5148154,10.35247661,0.06076419,87.45259798,3
9.135324143,36.79163875,48.10701773,48.07206151,0.616498105,122.5120442,1.350601143
42.55043967,24.39854081,30.58123922,17.16667365,0.716948582,158.3543702,3
21.23547805,42.95118925,33.81270846,17.50255456,0.310723135,140.6200253,3
32.54940785,26.13793476,44.03081537,34.04759998,0.97857883,236.2219639,3
11.8799202,26.10350297,53.83263031,39.672933,0.144445086,120.5557843,1.44755994
7.977592478,40.35447242,49.55051891,49.28687444,0.910442523,206.6764173,1.192181878
14.71721918,22.64683139,11.11956847,48.61239173,0.676449408,163.7199999,1.777195909
10.75342181,25.55089766,16.21861719,46.11922359,0.664314478,244.1078077,1.432695358
19.0582654,32.59193934,52.63890901,24.58911053,0.87602266,206.80249,2.027824097
28.14724609,40.76192572,51.6911414,12.50013469,0.831729211,135.3100291,3
31.49417586,23.68709937,29.44033916,31.30120415,0.345434432,197.8635669,3
40.54406483,33.69170586,39.21389612,5.77654275,0.705369802,154.9024216,3
34.5307952,37.7810148,55.29224912,13.83119775,0.050602583,225.8763821,3
32.39412463,41.51488062,55.57793405,5.113822856,0.464018432,89.13938647,3
23.53019124,43.38913901,49.15464229,13.12411607,0.937777261,134.2642842,2.838888704
26.32137957,39.61599786,20.47944692,26.36407055,0.274089448,158.0424811,3
23.65343732,36.32070996,46.51414037,22.699594,0.049970789,132.7127519,3
42.89747135,30.84050213,15.05492162,21.61834542,0.582944992,227.7935918,3
15.35002036,22.80275385,54.69692297,42.39287888,0.355099763,126.3084678,1.57057472
5.257441919,37.74342981,17.45744018,35.37483371,0.37968347,153.1508551,1.419442382
34.30939538,44.81843261,43.11743201,47.13942933,0.582457187,201.888424,3
14.11079826,38.41901487,40.51216371,25.04034908,0.621589059,123.2980529,1.975797489
45.05518113,20.41777734,48.84498279,17.2503354,0.437321966,88.45078989,3
43.65708484,32.40649945,37.57887512,10.52080421,0.507549242,178.8316557,3
8.452731737,35.36616581,12.97832877,35.24123281,0.993255757,200.0708656,1.397734201
9.787478244,37.24185503,45.2923127,42.87834898,0.957147958,155.2256911,1.288645886
27.28272165,37.99314589,29.15772794,13.26827139,0.707317072,109.4566845,3
32.41501982,33.95271103,26.01425006,44.5438735,0.161479527,171.2424133,3
17.37087519,25.58400832,59.58367748,28.68242908,0.359960084,267.8160405,1.814070979
37.25589725,43.55501654,39.5199883,11.48362845,0.883088224,236.4996903,3
31.77122094,37.41666169,45.53595366,33.92884962,0.423565916,144.9968073,3
19.61708494,25.92100092,36.31630685,28.40237337,0.955367649,186.2036131,1.984894965
6.141716962,28.05804581,48.4986323,6.268259629,0.488301783,184.0418583,0.820302675
38.75676266,43.04819177,47.60363677,22.96594421,0.861769134,175.9293828,3
14.66391496,42.18712967,42.85730578,40.31545968,0.0353789,208.3207111,2.426366644
42.55131846,30.12866096,59.88715307,29.9940689,0.434163695,142.942404,3
23.9130617,20.95768055,32.9896767,17.69185068,0.700261851,233.5508682,2.409867829
30.96848492,21.21243422,45.30961741,46.78887935,0.863564532,144.4310813,2.919051192
44.28269287,27.09795727,49.88889814,15.70005671,0.609632893,236.8464171,3
43.86303504,35.72805548,28.80173548,16.37312031,0.173262026,210.5740421,3
21.71838089,34.60486588,32.85875138,20.95877058,0.885794165,229.5666962,2.553849022
14.40000017,35.84569467,58.45836332,45.25420376,0.574813163,129.2112876,1.762866292
39.8815735,37.9320743,11.61455086,27.84314279,0.108018182,87.11738685,3
24.48860916,20.47580634,26.7647827,35.69805767,0.463846777,251.8705298,2.631816579
13.64188971,22.62713988,34.31064812,48.93188776,0.698943394,242.7736106,1.425848789
45.6991404,28.9870863,10.07324965,40.24833336,0.451015746,164.1331454,3
13.91468874,23.87149994,54.95635505,12.76700534,0.870790107,124.4173633,1.202226935
6.161322569,21.88300106,24.31222001,40.47592681,0.423694315,148.8310203,0.890596268
5.91259882,36.0241099,22.88524161,38.67517172,0.58345269,158.8715467,1.271484784
33.00419104,40.38341194,51.01630977,15.46776475,0.211170436,227.7862457,3
34.77537773,38.81566644,23.89916143,19.64074239,0.51268635,233.8320044,3
18.99687673,40.42599447,42.8811297,36.95577079,0.22285731,196.0040771,2.70698087
19.40049452,36.6464136,51.0751572,15.72768923,0.225187148,94.65441336,2.538251426
20.27722618,38.38363305,49.62384239,14.36840911,0.279902542,110.6342249,2.670987358
35.6071346,26.79446936,49.09753687,36.65627475,0.044199267,124.7764812,3
7.616020596,44.82520091,14.43187849,44.62679718,0.163309642,98.81666965,2.029801817
46.81023587,24.57914136,13.99234838,8.375750718,0.424360625,98.56481685,3
15.01344699,25.36234686,25.33850179,25.06584809,0.131060499,103.1433702,2.027840994
49.98529424,27.2230458,11.79739406,32.32288491,0.133384751,74.80212018,3
12.71852122,44.38331075,35.02148683,35.43245536,0.967931828,156.9884108,1.917115031
39.71959058,44.70721473,29.73910331,49.82881606,0.427097363,100.6682854,3
15.05356452,39.87234374,37.85129563,35.72113821,0.4037327,246.2436832,2.254055271
8.638106074,35.72643996,24.93942693,32.90693508,0.267735655,230.5108838,1.671429843
44.3719996,33.00156438,34.28770015,49.53803685,0.512447159,128.6038715,3
43.64380666,44.26552114,26.73723829,7.730066317,0.596064902,145.0956989,3
23.16066766,37.39057007,19.76040461,8.349660327,0.418185522,148.6476094,3
36.60782641,43.61825321,42.46833406,30.23071369,0.393808516,99.50652328,3
30.06796697,27.91376999,43.67179507,21.13990765,0.700426684,123.640252,3
43.38302512,28.34436981,51.46158464,9.351388119,0.949776701,114.1737291,3
19.17751862,41.36811485,53.73758916,18.79020032,0.877822071,173.3579524,2.320402097
28.565258,23.74637301,45.22309522,35.34595193,0.118620267,205.7991803,3
26.8417567,43.64819653,44.37490433,44.62767337,0.65230867,171.1809692,3
20.92576218,32.68685887,12.83378327,9.24460145,0.007047613,106.6615899,3
45.11547791,43.16034696,15.48896207,29.30652781,0.633091777,136.7744929,3
12.46450661,28.41981972,50.62813552,18.32520042,0.464353589,148.7015064,1.455319835
11.72788878,37.8989726,21.64756308,35.02967735,0.491113052,133.6520374,1.974055808
30.96092909,32.07187805,27.77825301,29.72531725,0.588025608,91.28170579,3
34.58724035,35.67009076,17.26486768,46.70199527,0.742655381,129.9786924,3
13.75786644,32.60931233,19.75759843,6.695774913,0.729457803,185.3984943,1.900458836
22.5822849,44.17789043,48.77086177,26.15167737,0.044479032,126.0766535,3
47.59537293,37.30263495,23.09298098,13.67417999,0.736494386,132.1627398,3
16.09778402,26.28297422,32.45174831,29.15517689,0.829815981,109.084849,1.746452069
35.0762316,42.74192305,17.58356865,43.41107048,0.068172624,119.864791,3
38.30672272,27.35074345,43.89649532,46.00924375,0.322946601,114.4055459,3
25.16579148,29.29012748,46.41348671,22.92042484,0.792064077,168.0044902,2.632749825
47.1886694,22.55309245,28.08461589,41.53012355,0.493106816,227.9306577,3
38.14955308,42.49916299,49.23733231,17.62286336,0.694891069,135.3287762,3
25.60660609,27.15280058,21.9953326,5.283722584,0.502315808,84.11028253,2.994642732
30.62008408,26.47294045,44.59519311,43.48575759,0.97822245,152.2847586,3
36.16760495,43.00656495,46.49822907,10.37355091,0.936193073,182.054508,3
31.64855812,40.13817156,58.43286889,5.792500551,0.281145242,224.3927538,3
44.54139127,23.52697304,21.61608326,20.92089485,0.385884822,137.9457231,3
21.0599898,39.2331126,14.685524,22.07209953,0.431345998,189.2394532,3
18.4948583,42.82582745,23.15177111,8.474907685,0.104204333,114.9210536,2.993393534
14.62275003,21.96278046,16.14310983,41.63821909,0.404074947,128.9277163,1.830899113
6.700233563,40.63037487,18.48471542,23.25167286,0.774847821,97.02373839,1.452098121
6.935628397,33.6855013,26.70572559,27.04656262,0.846896281,154.5999183,1.125907486
44.15248369,36.72993623,30.69953734,16.90813706,0.88613275,108.380718,3
35.52769159,32.32135847,55.18621129,28.01780386,0.014559,148.7446369,3
34.72395869,37.44507712,19.78078858,39.50291258,0.788806039,197.1251864,3
32.65892685,20.85244654,58.5879488,45.7782222,0.502627684,133.9882292,3
43.21486151,39.06766808,50.50766049,48.67383203,0.206159145,155.3949324,3
26.61201165,20.83359245,54.07356949,24.20257661,0.498745023,178.0686106,2.565546041
44.16848729,31.38249619,56.47219949,49.55152364,0.844260467,131.1499948,3
21.17502618,23.77412483,47.66205986,18.27300703,0.434249368,201.2320631,2.216228163
46.7018377,40.58935693,49.43899158,5.313917088,0.990461081,115.8222652,3
36.4395641,27.84152273,31.89091483,39.54276698,0.616683185,151.4612829,3
16.57297112,31.35233862,35.52251173,13.02960418,0.489763669,121.0738621,2.102268114
30.38382148,30.71876853,56.62427134,7.360467716,0.294889328,117.8604323,3
28.98637527,39.31254914,28.91279558,46.58040152,0.011051063,124.0068375,3
11.20544698,32.02860899,12.09735365,40.63148737,0.610548357,107.5396854,1.761917283
31.60593076,39.72395838,48.13771927,9.619916069,0.577495546,116.327614,3
19.16535307,21.83770692,38.65787559,39.96095686,0.516814355,182.1449957,1.999472937
7.355694506,24.7898492,50.74379812,42.97998638,0.537704454,123.8487687,0.785607549
47.6895271,33.78835624,13.77756333,45.73857493,0.843522371,106.9249048,3
33.86706661,43.67720812,41.06159952,29.46623304,0.316869925,105.0084472,3
44.46135193,21.86894617,22.3852944,36.65354317,0.550253944,162.7236486,3
35.42252023,21.0771054,55.16342972,39.30076755,0.679947626,139.3726872,3
21.06426615,23.91376687,15.49549699,35.98875208,0.209818927,107.6316687,2.643687744
28.07096325,36.02882822,52.15346364,34.10751291,0.924819415,213.4977962,3
35.40860422,29.97482292,14.4277126,29.64016638,0.737122525,89.05071076,3
48.21135463,40.63880949,11.25486777,26.56379544,0.0532954,117.2693924,3
16.41512566,21.79832879,21.7529715,49.82562588,0.865106698,140.5344516,1.718040462
44.37396764,24.91035217,26.65222705,20.19023512,0.929870145,149.1952286,3
46.58350124,27.50066014,41.32643859,8.97209467,0.793670048,88.37928941,3
35.16869816,35.66825217,16.58622987,39.42666343,0.426224602,188.7003598,3
46.90699823,37.12931726,31.86649668,14.622097,0.9943769,131.7079507,3
22.90453644,23.10508235,20.21318011,28.97120118,0.124435899,140.2134086,2.796273305
47.88572792,43.59511772,52.76516608,9.311068247,0.536605841,110.5644587,3
36.62522947,28.52610338,12.2483254,32.86777374,0.170390804,248.4032796,3
6.890259534,37.82921908,27.79688633,47.48033318,0.439348803,221.781861,1.452356658
45.80927743,33.10519297,41.568704,37.52171207,0.927424307,95.9758039,3
26.80127641,25.56895284,55.6544089,14.65406502,0.794261128,207.6481211,2.578751415
25.71471432,41.15570808,53.39967113,48.70121204,0.782081942,210.6350465,3
30.49099727,40.4559507,54.75959998,18.8189119,0.353853801,243.6184035,3
11.7223046,29.90179635,13.14266468,24.64767439,0.934270177,108.0289896,1.57039527
26.11247219,34.71518964,52.04616307,27.41526592,0.368260931,157.7091169,3
42.40072475,26.4456424,48.99562893,49.58234345,0.039973436,128.3644592,3
5.696710661,37.24629072,55.12158246,8.100113032,0.637801262,127.908712,0.941097634
17.28127221,27.72567032,25.57881336,36.35277325,0.362647617,218.4076009,2.21520429
5.11045639,41.10196836,55.58825531,21.28688941,0.153724888,168.5436889,1.248366254
23.70700891,25.43462761,30.13205425,8.52463936,0.934658062,132.9579139,2.449872238
37.77419797,20.37008557,41.70498428,47.07642459,0.637239534,113.250093,3
40.94473231,26.71270105,31.20894956,31.54362436,0.94052969,154.4020126,3
47.53353925,24.77631216,31.38242153,38.90831034,0.582978682,140.7180975,3
32.38270758,32.70716099,37.33185094,15.8173446,0.06386366,164.3997491,3
16.458209,25.09258229,27.79633548,39.26934152,0.029940514,140.9886749,2.189306698
46.58665771,39.07974677,49.63684971,42.2813948,0.900561435,178.9115994,3
39.88920892,26.03426595,41.68193677,24.38732287,0.038727937,129.8613273,3
30.84928174,37.6742045,44.48778808,30.73804127,0.615175797,125.8884285,3
36.30380971,34.46177308,21.55174001,48.73426407,0.297975807,202.5683017,3
46.59423598,44.65624641,58.47876442,43.10283388,0.687658139,156.3295322,3
37.05773128,44.99752443,43.00880489,25.01825275,0.284722429,154.6762374,3
21.57685284,41.73815208,19.85979323,34.90582364,0.03722217,119.2570947,3
37.0862691,38.99958423,47.52451217,40.29041646,0.730838473,124.2580806,3
6.812517323,29.66141035,18.68570516,6.094796926,0.31090263,138.8657329,1.327657044
22.38870028,38.83191818,13.16924481,31.4764694,0.550798927,154.8657901,3
23.28453643,43.91688843,36.37766981,49.3037876,0.77386582,126.2662482,3
12.50772055,20.58443938,37.67619771,47.62312924,0.702823302,104.288435,1.208746406
6.038846625,33.4478675,19.44827874,42.45981776,0.348571105,101.3386645,1.350045239
11.00215565,25.44995761,27.41894721,9.779634191,0.747826659,210.6923452,1.300444683
34.45796731,33.9469079,57.28846478,49.73186536,0.925681007,128.48438,3
41.10299674,31.66117724,24.2501616,32.42921689,0.609974593,99.84728197,3
49.46915717,34.39421454,17.77840304,15.03087122,0.703506061,123.3017067,3
20.58635764,33.77405554,59.62809793,35.34209103,0.86590814,91.04945229,2.155202566
31.972065,44.00267598,25.11527682,43.54356029,0.843640616,144.9078873,3
47.17152351,33.80465272,44.01268366,10.05474924,0.351601327,144.4198323,3
12.51688016,41.1558022,21.57800907,46.23971645,0.991700597,144.1490214,1.9119177
37.29405139,27.99550717,37.50605985,46.40919266,0.028566,205.7952111,3
38.97404299,30.95251722,29.31409933,5.60589828,0.986707572,147.6131552,3
9.003899114,31.7603369,58.07896306,45.51436047,0.245997133,111.8494834,1.255279611
43.75622233,26.96820108,31.64029373,47.60680632,0.44043705,147.7878992,3
41.58972712,29.49475654,39.20870921,6.696130864,0.883688738,145.9305178,3
6.503135296,34.96282699,57.2383133,18.23748456,0.244328839,103.1200544,1.121193544
9.09879867,34.50469408,59.461715,21.78983781,0.224781635,145.1004324,1.353028369
7.210710225,35.91088361,15.0829182,20.70007124,0.643108762,153.6521991,1.445716913
20.06345893,28.79544789,51.7160356,39.15514568,0.705450526,171.1672323,2.096308537
27.91800458,27.89578738,29.10582471,21.11470067,0.007470684,165.5100741,3
28.95564776,35.29044707,39.74143531,48.04604645,0.450444236,86.92535346,3
17.04500419,23.32154371,28.75240395,49.77466814,0.489108978,146.123167,1.949806681
46.0218599,26.32578859,30.05581028,19.25684918,0.2718352,140.7389954,3
21.57182554,21.05319342,17.9428768,27.89603389,0.546109715,227.434129,2.406472043
7.049757018,21.81527131,38.63832292,30.09676281,0.154577606,188.9469817,0.96847938
18.51022002,26.08458198,37.3357973,31.07312735,0.323605802,166.2882387,2.185347194
28.89992401,20.48823201,19.46778943,21.83940474,0.713239234,138.8105184,3
23.36998202,26.1352648,37.08652147,12.46970759,0.873786538,222.7218692,2.400415211
17.32291336,36.37440808,58.65509413,7.455224378,0.589378962,107.9663096,2.063531183
10.90954624,21.52767696,45.72042979,9.785689954,0.074844539,101.3584055,1.313917288
41.8624025,30.91841694,34.04912798,45.55810569,0.67874587,125.9457526,3
49.8265359,42.82771967,55.80419928,17.6168753,0.897597821,156.9310128,3
19.82939601,39.78212072,38.76571783,8.457034244,0.504314043,228.5645662,2.669196092
22.17294699,27.63593756,16.75239994,33.05883648,0.493691966,90.37007253,2.724122635
32.81168861,43.12013698,37.37548239,8.388821807,0.991413579,205.6915937,3
37.32986636,28.24116242,19.04865577,8.152382285,0.636297788,128.8795593,3
22.64132907,21.81288741,48.37524194,32.97067276,0.806028902,98.37926481,2.104462283
45.72182826,44.85139892,58.35871071,31.61278599,0.646493485,127.6692628,3
30.20017952,41.75056318,28.04092923,6.866477913,0.220915687,131.7032955,3
25.26755344,31.64831958,31.74589401,25.72150255,0.284078184,115.5787239,3
34.10027389,36.6594131,31.07482334,24.60957386,0.665705759,155.983082,3
47.87617317,36.78070195,24.26499879,29.60101084,0.45607113,157.9125125,3
40.75485325,24.86205577,49.70899824,38.20301197,0.40434779,136.9139595,3
6.800590874,25.00121583,40.88641664,17.72600214,0.022451953,155.6777115,1.093342805
19.95394598,31.73951758,13.20257784,24.47511276,0.884369067,149.6476348,2.479168206
26.17451082,42.7893285,51.94031675,40.6734208,0.88449779,175.6709468,3
19.15329075,20.24984437,19.35441156,46.51503757,0.460971125,130.2626248,2.166294209
36.50844024,39.5626409,58.95755809,45.10953379,0.700739209,134.3919996,3
42.18211174,21.43816959,28.83315695,26.49339284,0.177819354,118.0676255,3
37.91052928,31.95555287,40.82248236,28.43896087,0.503811025,127.2097259,3
49.51999791,35.94682083,13.89118094,28.8097449,0.438865642,236.5701277,3
17.26464416,37.16898168,27.23316373,44.09220064,0.656613571,109.9099042,2.364792049
44.37452728,21.46198159,50.11769787,42.79727781,0.469645901,242.0785296,3
39.49801993,30.46509043,33.8604246,19.01896378,0.498434283,111.0590828,3
21.29804409,34.59593151,55.23017418,12.32823602,0.295712457,116.8901662,2.582844156
38.03560446,21.65113843,38.75692205,22.05385527,0.048423168,196.8076397,3
9.683418039,23.37736391,56.42860977,17.97828725,0.917025759,186.2627351,0.724788291
40.52000671,36.59122474,59.13049535,47.78513262,0.012231624,128.3448644,3
28.95487712,33.04095491,32.69472798,16.96620557,0.281324429,160.1446133,3
18.15305777,24.04571653,38.25782863,13.15430068,0.447610782,209.6927035,2.010445984
34.50997858,33.38098342,51.74603216,45.47655782,0.319092354,96.20176356,3
33.87289994,42.81730934,21.07665028,8.891537196,0.55191787,152.52991,3
14.42688002,20.38968962,53.08147869,16.71197231,0.461613015,195.6556393,1.360723028
6.367883667,36.06584434,39.59600702,24.76000373,0.255476236,128.1285971,1.31528499
24.51301641,21.84126087,46.27500677,31.77983202,0.088020131,216.8689908,2.672583537
30.62803412,20.16123607,13.99270113,19.74528034,0.137535271,159.0080986,3
44.44723753,23.76636222,48.30938417,27.33052986,0.486320069,157.330364,3
46.7697558,30.5726658,25.53934523,13.94740339,0.845945534,176.646944,3
28.79623482,40.05859997,50.26161384,30.84233541,0.100638892,186.4380354,3
38.92115677,27.04463742,35.45762692,23.35175637,0.677206385,201.5490187,3
24.76864725,35.64183031,23.73071674,43.21668593,0.792091146,106.8983001,3
38.57369705,30.27891595,57.63798485,23.708036,0.276772278,128.8257631,3
14.21606862,25.8582948,48.25311989,24.9716938,0.668239493,239.9726727,1.466899077
21.69791307,32.85617786,59.28430369,31.64787452,0.686657945,145.7691701,2.328825226
33.54025995,39.93661226,28.22349492,10.54265018,0.707792731,123.7999237,3
5.817108452,40.81230925,42.46098168,12.05578295,0.890809092,115.0465773,1.072106791
37.51075897,41.1629883,40.57943389,40.56069863,0.398526064,166.632836,3
42.59909756,28.46394531,44.37783705,17.30384506,0.243689138,145.0656851,3
22.96137475,39.83640162,11.9158283,35.8113618,0.543844868,140.3881601,3
25.15740877,25.30446138,24.58596619,9.384213649,0.062548373,122.2341012,3
43.30769955,38.46062753,55.46687869,41.98309971,0.33392093,115.3574885,3
39.90445859,43.70961066,31.19100274,49.47026499,0.883225127,196.1620131,3
17.96672701,20.34359587,58.03218395,21.81609253,0.53205756,126.3812446,1.628441943
19.5789248,31.00909828,20.67515863,27.74885459,0.436675304,165.113554,2.56643985
35.54952046,36.19427471,59.87119867,24.92203909,0.265683911,162.7399024,3
30.34391416,37.54439426,44.87904545,45.23844869,0.250375685,118.3150206,3
12.3003307,24.40219396,48.8196712,5.447031696,0.236612021,139.3040917,1.436936812
18.94684592,44.30458188,29.84305861,34.40566945,0.829233668,202.9671139,2.658456567
45.49924746,35.3816342,55.35040606,34.35657228,0.985020372,198.2027034,3
35.96784965,24.10851503,37.27314505,22.20732537,0.534798433,221.5455707,3
49.3688443,20.51306279,44.04691901,14.8700139,0.079833417,130.1900807,3
39.51556385,39.58160497,14.74041357,15.78572066,0.751039046,139.1811338,3
47.38884945,21.99261849,41.58403504,41.02088545,0.877054423,188.5210422,3
14.72848582,23.52627303,53.95394941,7.974639337,0.931228171,114.2276517,1.251904104
39.71681937,34.37075067,18.91416141,30.37208658,0.628775346,153.4502953,3
5.909788407,35.08763759,46.88629673,18.80782713,0.506880833,211.0063944,1.038263376
35.18420098,37.17217796,11.27003795,16.93615156,0.620527314,171.1294642,3
26.11770252,29.83785032,56.31015083,27.75819495,0.012950718,113.3296348,3
20.60420324,39.34746672,59.1458558,45.40376778,0.655419875,143.5469423,2.452834052
43.80819585,44.35896499,27.70900334,32.81413636,0.709646393,157.3873092,3
43.44204617,26.77737358,15.35369249,40.48747825,0.722030348,152.0438826,3
6.00357672,37.57571541,42.92881841,32.03077007,0.563071781,217.8971938,1.142057445
32.42773051,43.21171631,11.49172571,36.39721009,0.700044371,175.163939,3
21.55245009,37.15716907,34.12431406,24.4583442,0.638832391,124.1265936,2.733157976
23.70474507,37.02773747,23.58895876,46.66917358,0.11552842,110.2287074,3
42.44183326,25.59431423,33.6669527,27.58725592,0.898366769,167.8334591,3
18.94278972,33.37825501,10.91377574,29.82986012,0.622727508,205.3889058,2.586385961
47.43719648,34.06307109,12.58060915,28.62344765,0.72779437,132.7376807,3
13.08352219,37.50323906,10.79879144,19.22850591,0.34288752,237.3450279,2.279028513
34.82250905,44.92053625,40.9565935,15.4057296,0.919239516,130.3163394,3
35.24472802,20.84109556,38.00464588,8.322573385,0.502615766,127.731873,3
16.34878226,21.63081653,21.65789993,37.31787419,0.679005992,110.4400991,1.799823449
19.6137774,21.94875174,42.33215645,18.01738684,0.952182061,133.7316311,1.793590203
42.56593217,38.57447836,54.21036284,22.51390834,0.916082745,161.7924467,3
39.28123647,23.40884488,23.86610505,46.39676732,0.644798771,168.6563083,3
19.80931461,35.56129686,51.59969039,30.49013072,0.165741392,185.8656509,2.567440424
29.02804461,28.11672195,43.1254568,9.368512876,0.950568431,145.1020804,2.933489743
7.775613331,31.43299891,11.69102216,40.98253608,0.984135697,148.6360668,1.216349893
14.39356471,25.391579,28.75749479,16.52587696,0.103396695,113.2780681,1.946469142
26.86192515,41.65266403,35.38786079,29.87176292,0.450297682,176.1125932,3
8.868818088,34.6537581,46.5849595,27.94916637,0.548255564,171.0135035,1.302029702
42.94995597,43.61408159,24.35652791,15.71354791,0.09208154,136.4792018,3
37.31027945,34.36490624,59.13650524,10.20969657,0.189679949,121.429969,3
47.46351518,23.09770076,44.22698703,14.50677229,0.537705391,163.8058863,3
36.20601077,24.27176085,28.64068386,9.38020098,0.963089448,177.6997132,3
47.31806175,44.72684941,14.85125195,17.40326085,0.027809976,157.2902556,3
29.95306501,38.13912993,19.06838801,49.87838798,0.912443074,183.5509235,3
32.0098375,21.23196875,34.380388,23.09415194,0.89860817,104.1847692,3
48.96369746,37.59452513,34.73476775,43.87497761,0.857178635,121.8869437,3
33.89581161,30.30432617,48.38593824,29.71299615,0.377550929,164.874353,3
6.385395599,27.68020967,46.30883128,34.99623857,0.490823537,96.16791546,0.852713134
37.57112495,23.85151984,20.06365193,12.03565864,0.403594639,93.02695012,3
45.74609115,40.99759886,39.74783103,17.36626403,0.947586186,171.3607674,3
40.80111124,21.59603447,11.03109004,27.96995404,0.52135062,151.5462225,3
31.27249727,27.24588656,29.92736997,44.65145454,0.080612609,173.4847999,3
35.20865809,27.65957235,48.20526203,6.929961615,0.274059844,132.1545374,3
49.55863052,24.0226321,29.97542966,27.81139818,0.462033213,176.5683266,3
9.079793983,32.70462208,51.77981199,7.295549563,0.953555932,226.5076884,1.003557382
35.02601729,20.29256567,58.80776451,25.55702044,0.568951091,196.5630985,3
17.75289626,27.52438789,40.36063013,33.29906717,0.696072623,171.1043229,1.941126609
33.80406785,43.3407361,17.25020382,38.51254361,0.088519847,168.9043531,3
32.34306091,27.76323923,28.9838604,11.23394024,0.877324046,250.625832,3
11.90555744,29.01148468,10.47416775,12.49588776,0.539018222,150.1987176,1.783354445
14.30359906,31.82912621,40.13629619,26.15292148,0.921228413,137.6813318,1.629353611
32.97333101,34.04233437,51.07842505,49.91164061,0.445476685,111.4625641,3
10.77034763,40.21771612,41.49700395,21.0221076,0.683083997,188.2230542,1.661113262
16.93313938,24.75803058,49.30431146,24.23873423,0.470838594,196.7789248,1.790119213
42.58604965,41.79365943,49.99519636,24.46010343,0.14255793,68.40247502,3
19.71911777,38.93873393,52.55062881,8.631536961,0.272049978,117.830422,2.608338298
26.96270703,38.06625837,23.33318915,39.83774654,0.067257294,230.5621644,3
47.35131508,22.17011434,53.56342614,16.3895686,0.440266343,179.6043167,3
15.221709,20.54101725,42.70469992,36.66501756,0.649341543,152.6660909,1.455153704
22.53317078,34.85031752,24.48627783,26.37904455,0.243711276,226.955518,3
32.2905999,41.57834906,59.36473575,32.5300884,0.490388058,127.8020608,3
38.99025183,34.6110366,57.50911969,7.428723642,0.458973334,186.8305018,3
45.5744024,25.33087164,38.72204916,45.0484558,0.533420491,133.4377707,3
46.19628444,22.26299745,52.16041892,15.97355462,0.184584667,121.1262202,3
39.94880335,37.48991132,23.07472444,35.15429244,0.533984088,237.8411099,3
15.27488765,38.04425693,30.80184983,40.91086004,0.364205557,88.63408808,2.305509386
6.116419852,24.31329252,19.19858804,29.30174228,0.286041849,223.2409682,1.087078264
22.26982687,20.70475789,36.00513213,20.18003099,0.585982014,218.233331,2.264098955
11.36969829,30.20708783,34.8000715,49.00565185,0.148036804,184.6672688,1.72185364
36.96744413,34.56796755,20.6406613,17.5297871,0.900658651,187.9901423,3
34.75087641,37.65006024,43.64008469,47.68980517,0.934852813,125.4938239,3
6.978723873,40.24862523,15.88951478,12.03008602,0.66060969,118.2428069,1.550293236
42.64672006,35.26343568,13.08457255,22.51499592,0.30315469,122.9187599,3
16.19344698,22.77201521,29.24524843,11.23230129,0.62600587,201.0761756,1.772956453
24.4502184,37.0645418,30.49123889,5.100821288,0.601523467,112.1478454,3
35.0570181,44.60441607,25.98703033,16.71163432,0.391250982,146.0221574,3
24.32384541,42.63961461,22.89733188,8.924468041,0.287247247,85.62640845,3
24.85795113,41.79172273,26.93881725,49.38554854,0.168452952,155.41111,3
7.95325979,27.55425383,18.1687787,39.27439931,0.21738384,156.5024792,1.4234214
23.06495972,38.76970441,30.17262346,5.166715834,0.653029924,91.28905504,2.970578256
39.41815519,41.27758615,55.23016868,15.06409632,0.885894331,166.7775365,3
46.18293517,36.95815512,21.22134406,35.15559086,0.384956055,138.9605191,3
23.60737117,26.26404391,44.22255522,22.93484509,0.121899485,82.70213378,2.733029953
24.06136221,43.8458493,17.08922552,42.43291534,0.012806302,154.5090204,3
36.61821978,31.27048529,27.6953312,27.71873503,0.405905655,172.8397608,3
47.42474005,23.24513897,26.05873903,34.41431389,0.232566951,138.5999582,3
17.01774231,22.74444738,56.85146972,31.86668289,0.322555567,132.8971526,1.730129996
24.80648929,36.18797468,31.39910279,33.71760053,0.241669875,161.2211488,3
40.81879596,30.94274116,44.52329719,15.35444842,0.664147632,150.5543402,3
32.43621062,22.36209688,40.12314045,21.79802476,0.638514301,80.26924509,3
9.976385478,38.5091143,17.05150376,7.278316379,0.912304525,138.2840739,1.654608391
33.2479731,39.98312918,56.97702255,31.44364316,0.699744915,167.7354079,3
13.40358281,38.13539077,27.29346459,25.66663079,0.164941381,132.8948055,2.256132637
27.95971703,25.05652194,12.23791779,39.23222671,0.751594429,154.3535276,3
28.80964704,37.2443864,25.02218534,14.28721091,0.181267863,238.3919088,3
44.4291513,20.26807007,26.78168629,24.65654522,0.558600886,112.6190275,3
25.81224233,27.62780349,14.63726637,13.13354449,0.077078209,142.0933536,3
17.574909,29.97053829,40.99887032,32.62906514,0.047325057,116.2155555,2.322857611
15.39348567,40.88117372,27.33821028,43.16136154,0.464229993,149.3941682,2.396557259
44.34133445,29.75985933,41.45673032,39.44494618,0.104983561,168.8796588,3
12.69548845,20.28173615,10.33702818,47.48890877,0.306666605,214.6047491,1.688903132
24.16408524,28.8086603,59.10241995,48.72766018,0.338833378,199.6697778,2.616256312
13.42279017,32.47310246,18.52581793,39.74152404,0.769426919,122.4759954,1.854744127
39.79868181,43.72511967,42.96654934,17.90627384,0.332680105,155.0554971,3
26.3467688,43.52585759,45.78921516,14.86676197,0.494300185,159.3707409,3
20.80146608,24.52185096,18.58041749,25.13970655,0.77258593,147.9138403,2.325444499
21.24948383,24.62866354,15.58561411,49.72476626,0.204898307,212.7837295,2.68759854
43.3496393,24.08453641,17.62885959,23.57006094,0.804897392,188.7655398,3
29.91982794,39.72304831,22.34091279,13.95807848,0.831794797,134.5988332,3
37.3040533,20.15055101,18.4116059,47.4954295,0.988846795,114.8409196,3
45.36673323,23.17942995,43.69997135,22.36630899,0.444047679,147.3803124,3
45.57837542,33.44899079,31.04166019,36.09044993,0.370649329,167.3711903,3
19.78290745,26.18905167,36.88957973,40.46688404,0.702005271,77.80680679,2.131360701
47.86030684,22.30891146,12.36683944,42.94201559,0.058151117,157.0998115,3
6.119414691,28.99695031,53.06244816,41.95761742,0.039751512,137.7575245,1.028006242
21.95760025,26.85519013,18.52857766,42.63110883,0.334990863,132.4880146,2.73815182
45.31094859,32.77760766,28.00761657,35.04440424,0.729515088,106.3686025,3
17.35865959,44.48083985,13.59508199,23.17239812,0.116454444,105.2261727,3
17.28866526,23.10761592,16.83965673,35.02790843,0.635546848,145.8180564,2.012950399
18.61800283,29.31816762,43.2899705,42.65304503,0.269505265,138.5934651,2.271420199
32.55410232,43.29962545,44.62935011,20.77891091,0.651674673,135.718635,3
24.7249749,41.92182609,43.84827423,18.34285956,0.456976124,110.8843296,3
37.70306764,29.85677587,37.60683939,20.46682477,0.115151675,189.8922857,3
45.27097892,37.47383161,57.6260832,29.80775282,0.247282815,123.1599328,3
35.33897187,22.19642534,35.35885804,7.359974367,0.219713754,193.7997714,3
14.20100241,37.81352639,32.47060146,40.05368686,0.164584593,134.9070683,2.27355281
46.97068561,44.32144324,22.37727829,11.24833813,0.468345448,110.7641513,3
16.9021793,33.43720382,14.94247646,10.97773956,0.954665539,128.1181812,2.178033856
11.74524329,32.46225568,37.4077465,13.89466127,0.6580888,148.2494532,1.553477653
9.048527549,24.68296549,25.74450933,30.96173457,0.836002031,164.7454854,1.052172162
30.35226833,35.84470497,36.20126916,17.85057691,0.981080189,153.3045925,3
10.11931081,34.76093202,20.30595391,21.5640648,0.540622663,71.90993858,1.697257944
11.24491479,36.29832649,51.90863361,46.92420999,0.238070076,155.4984921,1.696314321
18.50137163,20.65208217,59.98486048,43.1240981,0.927811007,155.7610618,1.474785793
17.67438544,33.71808721,26.12017551,43.34857399,0.698983989,112.0484331,2.280681034
32.19077796,34.87337109,52.11638036,30.9938825,0.958941261,100.0141151,3
41.75353758,25.18825339,53.64930682,43.99097663,0.651031962,149.9660839,3
39.26073453,25.20832144,59.80368944,40.03546214,0.77514501,126.3509196,3
16.81180046,26.90545421,27.13600649,47.89565613,0.890636195,180.8191217,1.861350358
16.03897241,37.79303979,47.80206969,7.896578226,0.759249312,159.7918559,2.006019881
48.46061885,35.15665159,21.44045018,6.292721014,0.562645772,118.0223918,3
5.370630872,41.14406615,41.23980006,12.87634733,0.471920932,109.8164316,1.260173492
44.58742399,27.3914643,45.24212847,46.80881692,0.823377335,93.24019705,3
13.98778336,42.8017015,47.05603463,32.25042977,0.771985813,157.8557819,1.968948467
47.62779454,38.59265405,20.35860843,24.1750633,0.366430824,128.9678023,3
20.40382782,29.87529175,52.43627852,28.07199777,0.498331967,114.6546363,2.262697071
24.81582983,22.38155164,31.04859302,42.33220647,0.634990756,123.9925975,2.599653396
36.82042763,26.42459156,20.81847589,46.80994981,0.028370219,212.6702082,3
31.44510732,43.91920543,37.12655442,37.83644754,0.2475687,143.7857255,3
19.30726984,27.7590844,53.16785648,39.19315248,0.250214395,139.9663496,2.199244035
29.92239121,28.247524,58.35439549,19.41701199,0.883231559,131.9203825,2.90866352
37.8818098,24.73972328,47.41039109,26.01658379,0.331487753,191.691027,3
6.905072566,40.17126503,10.28114431,44.83445871,0.545143388,133.3263504,1.654166287
5.503968737,26.89110576,16.73503802,40.36703495,0.831586467,215.8412488,0.863623452
25.61301226,28.25645621,13.81369932,35.79219133,0.259693813,230.9779366,3
10.9326478,30.35870271,15.06068715,7.936107615,0.123757077,116.7213824,1.892736127
34.89549312,30.84320699,29.1517478,6.777824875,0.948359807,141.1963483,3
14.63236053,30.28351976,26.92466574,10.86849244,0.704682936,139.395423,1.851098586
24.47829981,32.59359238,15.68424906,31.16259946,0.177053766,182.4619426,3
13.89519216,40.36282199,54.11176758,29.13740813,0.819711554,131.075588,1.783973163
29.68176136,40.48212602,40.77137882,47.42108719,0.787126613,152.6717933,3
10.22240567,39.95782834,49.82316545,36.2641838,0.837541097,187.3894304,1.437165975
6.039808375,22.52812098,28.57746944,18.22876778,0.276212577,214.3780313,0.931037221
7.300923715,39.99197008,30.51180081,12.26733322,0.448579673,125.8530725,1.533750196
47.94162987,23.00629434,25.88106053,43.22899577,0.693673743,266.5089374,3
11.40287984,23.11809425,31.9213306,25.68308467,0.390667574,144.554671,1.396344032
36.88152139,43.69656929,40.51886312,34.40612738,0.069972172,128.920543,3
8.05667919,40.48494612,34.64920039,30.4314623,0.136449754,207.7295277,1.740449242
9.867215851,33.81026167,51.89585031,9.835535576,0.597113505,165.8946888,1.296215052
27.89943131,41.87425511,55.00695843,7.567627266,0.3751682,128.1217176,3
25.91919186,44.73411606,33.48419267,21.96581854,0.005380132,235.3168456,3
47.82111392,35.26605167,21.98739902,21.26976339,0.766854527,157.9440796,3
47.51759539,35.32246092,57.25962097,35.32091508,0.416703743,108.5014311,3
40.08238891,38.86067573,46.75193215,33.44901841,0.313769285,117.4801581,3
32.09458236,25.80347381,42.0063543,48.60234178,0.713519179,201.4130035,3
25.47321428,24.17812154,47.27068668,43.61447762,0.455108819,172.182901,2.652997537
21.02803404,38.98951875,13.79908912,27.34621366,0.694831109,131.4700149,2.917047584
47.61893961,28.62261987,13.38131638,27.50114087,0.013198082,117.3106796,3
32.13089651,23.37675891,17.65603263,35.33581531,0.009420114,133.2290081,3
31.05826375,27.87194315,17.37254837,10.13407622,0.55990193,228.2771521,3
15.43555048,28.9659217,31.03352374,49.99507541,0.982212034,165.1021209,1.707644517
7.101401805,44.13069149,17.87020411,28.34636456,0.272357238,124.4604773,1.86628257
47.53348609,37.44899278,52.72628221,45.94571933,0.682893557,169.6674261,3
19.11808665,33.27140793,38.90484655,48.53103506,0.172257543,175.1147582,2.545678359
24.91650605,44.22182847,28.41309482,31.1739233,0.311548632,132.8766894,3
10.15879746,42.57849351,13.48112691,9.650689139,0.07807489,126.0328372,2.261314149
42.66159485,32.80002142,39.5513898,30.80056138,0.88079316,191.6980896,3
6.243432479,42.64199088,15.82664103,31.89390967,0.310437402,142.9448887,1.732257833
42.52958429,30.10761645,47.16101252,40.51369115,0.230466447,114.1858424,3
11.31282558,25.76051663,50.13790484,7.170317015,0.730604178,284.2025172,1.123285308
44.89538507,25.81695442,37.1988129,25.98419152,0.199440156,120.2469444,3
37.83976868,36.55788811,17.48014296,46.52466163,0.24027536,165.7634186,3
12.41016181,32.52675802,49.34313619,49.60845854,0.103616254,167.4452493,1.78000196
30.46180968,36.47377118,25.39138946,13.61222054,0.962871909,125.9936707,3
19.06953415,37.15189911,21.13265714,44.17695467,0.24763775,240.6977711,2.810204605
13.02048945,20.55807182,33.52783205,11.58127527,0.995663303,110.0665054,1.154208034
43.66319897,21.35098981,56.13231207,42.85284956,0.176149441,146.4015334,3
23.15852449,33.31694316,24.8686646,17.47749774,0.02065185,98.78988845,3
22.93446715,24.77588694,55.27892505,48.18313697,0.895693613,204.5011157,2.118673556
12.64490037,35.81334422,12.68266544,36.29735379,0.580017252,172.5957779,2.041432897
22.23795542,33.80464348,14.17618525,22.95997706,0.35141,174.4389295,3
44.22275808,34.64400896,44.92805126,17.64379985,0.513339662,157.1618332,3
21.34079197,27.5613845,19.52963307,15.58568874,0.260726955,175.6457158,2.727132206
47.82216031,35.99608766,25.83103416,35.63565471,0.63475885,157.4453208,3
47.58390046,40.73731591,16.81864905,45.31059512,0.616468558,125.7230292,3
11.52043967,44.95178134,26.61241346,38.97238863,0.080192289,187.2953411,2.344216399
12.97900641,40.96110965,24.02299969,42.56561921,0.910688101,97.08063729,1.967696915
43.82033316,33.93746899,46.81688195,40.16226954,0.460525342,159.7282543,3
22.67424135,24.83573979,45.10116941,49.06164499,0.195154132,236.910734,2.546693368
5.196829203,37.0361469,57.74635882,39.10122171,0.307383859,263.672355,1.023065632
17.32423189,43.44134464,46.22108426,14.46028333,0.866221755,143.0188036,2.28514629
31.89330469,25.29666349,44.74088765,40.62193095,0.383185172,137.3310191,3
40.96696847,26.39989051,44.71019445,19.49312124,0.561961171,182.594827,3
11.00248777,23.72521359,54.14837278,49.81099382,0.947689735,106.5085874,0.875760634
9.974361399,38.41804109,24.81183664,21.9502679,0.651716438,163.3210363,1.704060924
46.49416941,30.16403759,25.00460546,18.17571901,0.675716744,120.9315325,3
38.80167655,21.56739097,47.06069049,15.76471935,0.248568837,138.3644573,3
31.54008204,41.87374979,21.43525686,34.63315934,0.668295185,277.9836524,3
39.61340555,33.94179762,55.60100021,9.914948977,0.393802744,131.4750453,3
24.29844626,28.2773573,36.73908625,47.91019468,0.911042485,145.5633371,2.549511098
39.13050863,28.5995744,25.0062464,18.24407054,0.129538848,125.0560151,3
21.73113461,27.2562805,48.80499648,18.2930275,0.28564035,148.1475676,2.450786005
15.98425576,31.38700431,25.61603149,7.072974307,0.066000729,221.3368552,2.355498374
37.80560396,28.42604221,58.16391585,16.0707883,0.380903849,149.4555698,3
23.88525315,33.6986576,59.14946049,23.85407101,0.148372666,153.5843489,2.846132963
49.16196969,39.33793131,43.3398121,21.63228756,0.845143754,153.2168269,3
20.7268332,36.86153209,15.68169449,17.28589646,0.925043202,145.3085888,2.682062511
46.47773392,27.36142232,23.1604425,6.833472703,0.669425645,135.9614914,3
46.98331469,33.21852529,35.77084811,18.52616181,0.1033346,202.618598,3
15.88338262,41.003154,52.5723725,40.02489222,0.341630882,142.7626665,2.258570896
40.91995317,21.70515587,19.24432485,24.74565284,0.964491892,151.454727,3
24.48835273,21.95743167,15.22017295,18.08489064,0.136301224,152.6958347,2.960397321
46.28861273,33.9042517,13.72387416,18.71564604,0.556489383,157.8713031,3
25.25559227,35.97787821,35.34837812,29.94969094,0.352929476,105.776172,3
38.49366728,25.28532539,54.23504848,18.6031705,0.999162612,259.856581,3
26.01353341,38.63050317,12.11796213,33.38587939,0.285389065,109.2136338,3
15.25103401,36.15658443,20.6160767,49.52545312,0.047772265,209.7591391,2.500275982
13.9707558,43.08223171,44.66285079,6.852937899,0.702182815,170.0214296,2.035430055
24.14440374,24.22385505,51.29317176,12.59315401,0.32673933,174.1285516,2.545600826
38.99725957,38.78435663,50.36997646,13.05983954,0.657581434,117.0755496,3
32.22821683,22.09107726,49.25340287,25.11816431,0.104651987,77.62889854,3
35.98831805,34.13231024,16.48999004,6.863842042,0.523063201,202.3587358,3
17.70468578,33.79737849,29.86187911,26.488471,0.375231548,158.2528216,2.410813296
26.66459057,29.70962612,59.23723314,46.80161411,0.536767134,138.0481322,2.796024029
6.997786924,41.11427869,59.44437858,5.520383991,0.853472398,107.4752055,1.049074664
41.78895872,20.10926612,40.1213696,21.42224902,0.972747288,97.79564569,3
49.5451473,33.00448505,45.46336024,39.24021974,0.753132149,117.3140225,3
23.30955782,25.42883875,57.56418981,11.95225252,0.766858315,147.3408096,2.219512684
5.493364391,38.58746548,32.49639306,8.490155114,0.52893609,128.7664892,1.246153313
12.64066878,21.07668566,16.84334289,33.38503418,0.097399944,80.67734709,1.749489666
34.3637095,40.7888672,43.44744378,5.447790907,0.667059546,213.6182012,3
32.54356932,40.95230567,58.00511525,41.0796721,0.147779872,215.3410415,3
40.45391238,40.82165031,44.86030469,8.00837391,0.245661057,139.0582512,3
16.42478049,23.81421317,50.16605635,28.59594167,0.707582513,168.3232186,1.580833335
39.3634362,35.76016296,31.1374402,38.30574696,0.656992594,131.1879445,3
35.95928097,20.35918398,14.82315771,15.89049449,0.314325942,108.2671764,3
19.5266524,41.19906478,18.44410433,9.659307287,0.772044236,104.5229232,2.755504238
29.54696666,38.07437984,59.13274147,12.90302449,0.939315784,135.6370418,3
11.62732138,33.27884327,34.65921585,43.46076074,0.545259621,191.7606279,1.652804945
25.36540265,38.26478583,10.60102951,36.76011312,0.677686659,241.9745907,3
44.65388028,22.35810242,57.76836404,13.91441221,0.271779584,105.5932015,3
23.95361209,33.2163958,34.8889956,37.22543587,0.970807045,224.3065401,2.668280924
42.78050179,27.2819123,51.81341991,36.88781766,0.273704912,103.7959658,3
31.56140144,44.31548658,37.4229071,49.89762941,0.887409024,133.9008551,3
13.63445209,41.42794877,15.08511418,22.62002106,0.927869112,180.3804102,2.129591137
31.14978101,38.3318924,40.77847911,43.91840724,0.719628595,119.7235373,3
27.76924981,43.34369088,59.87001382,25.08992087,0.811587428,118.5266217,3
22.93886008,28.67108261,11.73688913,45.39921006,0.457856808,92.24441931,2.903291467
10.38336978,42.52199747,52.08970988,9.122022459,0.919546789,216.5095709,1.4750664
23.75188987,28.1309558,21.77403978,12.88906836,0.742646245,178.1408794,2.723823994
8.274306931,38.31991799,29.69331114,43.24794634,0.326743992,131.5061005,1.644456186
9.444607313,38.41042279,28.63547559,41.86851458,0.034945168,141.3262166,1.920980818
23.71624398,20.45874691,54.93985971,18.74452063,0.540783226,147.8649172,2.233792418
18.74216669,29.02649246,35.22430944,31.85592432,0.840650325,182.299162,2.069198161
46.64949466,20.48581681,32.35871434,22.22148749,0.860668119,129.6979245,3
21.90676124,44.92730044,50.90125544,5.464280719,0.835118725,134.1845396,2.761680888
39.10361549,23.05491905,12.44535672,6.174685696,0.214746485,192.6219792,3
28.86113869,33.57027239,14.32281575,7.441536447,0.42614848,138.6852477,3
36.68385509,39.76390597,11.08444284,31.73324694,0.613825855,161.3377078,3
16.70521924,25.03159006,44.3991452,17.56524809,0.667556492,97.98660909,1.727138561
47.38572378,32.1263167,36.28080685,11.47767342,0.334583422,113.7355627,3
28.85398236,35.18571902,53.80110629,47.35089988,0.692642324,194.0801292,3
42.40958321,24.00511886,34.92664515,10.45934002,0.590897007,116.1789646,3
21.42705621,39.4638865,21.09097864,35.32917724,0.566775575,112.2100277,2.96387093
9.509510707,27.48341143,50.25736866,45.23720823,0.663024824,142.5841864,1.032978687
35.31702415,25.27557691,24.71619271,12.37233503,0.603367929,154.9486673,3
5.349184175,33.95721866,56.78448911,14.6628357,0.166874635,225.7653128,1.015543498
26.38818395,30.25784069,22.52119439,30.82160901,0.874416327,104.4964646,2.984992977
13.67608562,43.00714862,18.38603264,27.88019089,0.240569753,208.0906412,2.497034979
33.2318977,42.00156745,34.66619958,28.44623376,0.744488781,206.9152882,3
49.07389429,32.08376658,12.5257559,29.96051423,0.176456673,226.4257329,3
25.89813078,28.98159437,11.82058642,47.74563122,0.660966413,154.8688514,3
41.78742154,28.13794954,34.80072726,7.422711889,0.895683759,166.9980852,3
27.85028841,26.68909058,20.75534404,39.22018343,0.009710515,172.2781998,3
27.3128014,33.61369634,10.46763192,15.46278901,0.979677667,142.6563891,3
46.86905719,40.12446512,24.80284557,21.81549516,0.029675867,203.093917,3
45.04846409,27.76891521,33.86836769,9.018100533,0.011367621,102.6207951,3
40.36102093,24.75235224,29.71443507,25.05320461,0.857560098,108.5431864,3
18.3315089,31.88709515,16.77347331,41.18986635,0.708704003,107.7758321,2.373967327
29.52537871,21.72586042,38.98374139,9.443315234,0.105810658,200.0865506,3
15.0753755,37.53197515,45.51664956,17.40216192,0.937414907,98.43084065,1.834729439
24.97625141,32.95895666,43.77695811,21.78777689,0.671932241,106.8540301,2.822521328
26.78958796,32.4093702,29.68809606,9.675464139,0.111043544,128.4810207,3
42.42380181,27.51113449,16.87980756,39.30425645,0.860553596,230.6334081,3
45.32127644,42.61683594,34.97433867,40.41261627,0.480904852,157.0138916,3
23.65790281,22.2621573,54.52158775,42.6152749,0.27813369,179.5667954,2.423579468
5.796700028,41.74560022,33.43614245,31.27532922,0.82504105,187.2110391,1.224308061
43.77982279,29.41763006,19.78405249,27.82574694,0.738446454,127.017655,3
12.84254053,42.0155879,14.65266515,16.81486005,0.623043802,102.6869623,2.226725097
32.98468838,38.21903646,57.1963319,34.48210853,0.898513152,108.022614,3
6.12369052,22.60426817,47.15047044,25.00535685,0.86127981,139.4529613,0.5
22.97779139,40.78840716,25.64834864,48.68493827,0.226791658,180.6443345,3
49.3682136,37.05442084,24.76762031,48.56807736,0.878686154,154.1330861,3
9.53121205,20.80754782,54.76092434,45.73423093,0.37403984,202.9614798,0.912076969
24.06619184,23.34256705,18.87841174,21.20401121,0.431774336,100.179651,2.780033467
18.82174776,35.8907014,36.75186448,21.55876049,0.972332387,147.6746173,2.224846651
45.72896555,36.56501257,45.67521376,43.37029238,0.759874329,96.46039891,3
44.12030486,38.66628582,29.8195176,37.81107193,0.321485954,142.3436158,3
15.69644421,38.00613502,11.99511713,36.69624364,0.64792589,186.9908974,2.392601473
8.653450417,36.48799887,21.38794069,17.5824955,0.539324336,164.2339266,1.598070096
33.22122773,39.15597254,55.09040687,42.50068752,0.116603237,175.0734211,3
20.13659203,34.37714265,36.15594834,31.07392575,0.887752338,109.4542723,2.354128306
35.24379758,26.51978464,50.77206232,25.10895084,0.821881484,135.0002339,3
6.445389023,42.80941534,37.78427714,43.94399558,0.777710357,117.436342,1.304821464
11.00296558,20.45535077,57.18010479,22.73943937,0.559153388,168.7609671,0.930763842
35.88675047,29.164043,55.45670378,34.42666153,0.22083744,158.9756494,3
14.55667949,38.22175733,34.1444021,25.96573319,0.883896029,200.0505628,1.946334491
43.59144541,30.67890103,25.91370127,31.67320128,0.352965644,190.7954405,3
7.636589947,20.62086019,40.08343937,6.824591224,0.020118118,180.5575279,1.040127548
14.69668923,21.64952258,43.74438408,25.75018234,0.981774178,103.1016734,1.262988745
49.93521118,36.21593423,34.91775462,30.04210884,0.861157103,162.4428836,3
24.48842462,44.12161499,51.11416105,27.17237006,0.622680355,195.7889789,3
36.63345486,33.7965909,19.16642609,43.13346676,0.012407139,134.9538278,3
13.2198372,32.66894545,26.72059153,19.00057887,0.227716057,223.8248139,2.029884624
32.44409307,27.95813033,44.31881787,44.7834439,0.452049888,178.0221657,3
37.67477308,26.41726685,22.33419327,23.15578865,0.628084923,191.433418,3
19.15144861,20.52462454,31.99223723,36.25370295,0.708154517,119.2775859,1.925299382
42.30037004,26.82387169,58.18667733,8.90252276,0.788272698,121.002296,3
32.15379103,31.22776102,41.29379863,14.00693376,0.555660926,126.8030789,3
22.51053543,24.94874458,57.45286173,39.2524705,0.656183428,226.5600162,2.180058031
30.0939077,22.18369971,46.12207016,5.554790849,0.811242698,190.5423434,2.882005376
30.95423813,37.94319668,46.23333848,48.58374826,0.71984131,156.2501273,3
12.44908817,42.36550673,39.59285868,13.57830055,0.954812332,214.8196835,1.783757622
23.12295664,43.41930174,17.11042974,45.55867938,0.8746459,228.0559782,3
20.45437646,35.44996821,35.98571454,28.21752627,0.169361278,206.1642828,2.782565469
23.04062252,21.31936456,22.63331003,30.40589151,0.947419127,118.8400481,2.314665073
39.24997648,38.52156575,59.93362772,8.785930459,0.204175993,201.9768007,3
26.71422834,22.75238263,23.34809701,21.43484394,0.991263786,140.8803687,2.700722725
47.3142269,36.74370294,21.53429217,12.02984874,0.701329542,128.9204439,3
18.2154386,39.48414589,41.19415776,28.66691725,0.627531553,134.3903754,2.411974703
23.70666102,38.14661777,35.54744066,29.78294656,0.324322776,200.9912424,3
40.41305647,43.79709514,11.06764566,36.93501273,0.133107525,154.7740948,3
29.5711067,38.45365711,16.47665895,44.52251711,0.126173016,185.6131213,3
29.61626659,37.33024445,50.55214709,26.06809173,0.866575193,148.712357,3
7.400307335,26.5435793,34.18459776,15.50121665,0.432441846,215.7880256,1.06674981
22.93698482,43.11921716,17.30076074,20.01072476,0.559851857,169.8868318,3
17.18301796,24.48859677,33.26212814,43.11904158,0.931836108,98.64076026,1.73604902
49.97008053,42.62241529,22.65745415,11.56385683,0.255354705,174.321134,3
18.87597818,27.81656358,21.17957306,33.22652353,0.763937485,118.7087735,2.221052131
44.80234407,23.25408985,57.88626382,5.588864773,0.470464762,220.6778579,3
35.43051808,40.66707568,28.10122634,16.05511978,0.212754659,190.7209606,3
20.34123841,20.06238634,12.32155523,31.61338239,0.852971681,100.7648967,2.15316866
29.45904703,40.80220794,58.51633363,25.5385418,0.679949173,115.3267955,3
42.8241146,26.55779605,49.74197874,27.20972706,0.094921683,114.7017465,3
44.75157341,42.11803182,22.72066533,34.72529227,0.541757195,201.7782836,3
12.21772438,37.28697956,30.44459174,15.5563711,0.851763852,158.5941693,1.734343913
20.28079135,36.65458332,53.11447873,17.63622231,0.066934808,124.0972841,2.685286388
20.08504311,29.13298908,27.87067597,35.80061933,0.416274797,102.9202436,2.492759789
6.892015823,21.48507435,38.3702021,29.22311334,0.805214471,147.8916713,0.619061471
31.92069919,40.75182746,36.74284348,5.656407092,0.85835728,157.5683655,3
43.46690238,24.27259488,30.06472743,35.16475079,0.775362776,82.14341925,3
22.17084745,29.30646605,41.97509509,32.90414183,0.305709575,179.8446516,2.621361208
38.30161752,35.00886714,33.66453687,8.537340821,0.506929561,106.1496354,3
33.24651861,32.05634346,11.06152458,38.63837727,0.741277977,259.1704696,3
21.9041931,24.96651588,50.71915538,28.49456565,0.152587753,168.6918983,2.439151075
11.34769098,23.51540892,15.65778914,14.21362778,0.594997763,171.6583702,1.464539289
36.91957337,23.08115681,33.20449654,30.17103657,0.720373725,92.50288754,3
43.4554326,41.57519704,38.99503955,31.79563314,0.849991869,136.2705764,3
35.86345216,20.78898873,45.27530271,46.40534281,0.111671724,170.3304651,3
5.804531782,44.42535649,30.53982676,38.39649915,0.329674695,76.5788708,1.59106278
14.73048025,24.96321726,46.77742435,18.58659595,0.541653949,88.83131674,1.566554049
8.12659932,22.75805742,16.56750424,10.31598354,0.7010569,198.2394482,1.055058354
30.66737448,34.42429137,42.67227741,43.39328324,0.730036296,154.3972097,3
39.04149555,21.99964895,51.31694638,43.07304595,0.253259174,130.4255023,3
9.976063418,35.06133158,54.47219864,12.88895066,0.013876612,95.76882321,1.614657102
42.72520193,41.26566612,38.9783248,7.795903334,0.693816978,137.5125127,3
29.99790403,21.19745054,25.6447599,37.03390924,0.909126287,142.26441,2.995361345
36.04860555,39.99671511,18.16782559,37.51618239,0.797517045,175.3633639,3
48.71308319,29.86193602,27.27793764,12.97146892,0.622466103,175.1513001,3
8.765644471,23.98726585,36.99871866,35.06953368,0.977570441,246.7560583,0.817367568
45.55508103,24.40241201,19.8165112,17.55156851,0.433116778,191.5343881,3
10.67462132,42.96911359,57.62574528,16.72776626,0.525049751,181.9328809,1.66098359
22.6831463,22.7651438,54.85677144,19.60330703,0.012286764,123.063484,2.47244166
43.31474133,41.66956968,11.64785974,28.41783649,0.945951363,118.8301295,3
45.78144065,33.60611552,38.09808991,41.20042655,0.583346655,118.4993765,3
27.78672531,20.97640447,49.46543951,27.43896879,0.390799984,191.2946215,2.787831626
31.73470872,31.61190364,22.269598,18.4119213,0.044564336,116.4806574,3
36.86663006,40.43623786,36.19481162,44.77884344,0.362419064,86.68695375,3
42.47414008,38.15506969,30.29959412,7.479048085,0.003598102,209.0411147,3
10.46800263,32.21956044,19.82731321,40.86911678,0.324335138,254.3986632,1.76034491
41.45311887,41.50124699,40.73686919,40.29717911,0.951454924,149.9055313,3
26.65742677,23.00911904,59.68460877,16.40960646,0.154267364,133.3116443,2.758733542
25.27805413,42.74852633,28.26436301,13.92328321,0.545411109,153.6797229,3
24.07548884,41.16103021,37.61895041,44.36152527,0.18661732,77.04345871,3
27.91452134,37.70692064,26.39273408,30.14920821,0.78337913,207.1664845,3
47.5272749,40.44719355,53.84743084,7.070511093,0.562397807,204.8216405,3
29.66916978,33.59538767,53.23013502,45.08746324,0.202236018,110.7899504,3
47.89298922,36.87906073,18.9386694,20.7052693,0.866241298,136.3817462,3
13.11305588,34.01495177,54.99744371,20.39704492,0.784023783,131.5073323,1.503150985
37.58611905,28.88571326,17.57543555,33.94795717,0.951301329,193.8423799,3
41.55077924,34.22151993,14.77199798,34.75899243,0.000628193,146.15776,3
35.56079741,26.43663331,42.64673079,20.89922544,0.457116947,178.2138039,3
32.31150261,31.00697927,29.29520529,11.44755176,0.9998413,147.3013251,3
30.41657515,27.01938518,36.53702967,29.85213935,0.811187917,237.8984993,3
43.74187172,23.07219474,42.6285391,33.13306241,0.831286132,161.7178407,3
41.97409687,28.04654641,12.64186189,43.71000643,0.621132463,147.2616676,3
10.50299245,41.29968045,24.64765855,26.79979943,0.712899652,107.1401896,1.824028849
43.18644457,29.52701927,33.04531559,34.05632358,0.805326259,107.4442446,3
23.63308787,38.70009122,23.32937049,7.448397252,0.092280648,143.788813,3
16.41635735,24.37994636,12.44856921,45.25353051,0.692580584,121.1697282,1.98352463
44.13958556,30.61047898,14.33382866,19.72471159,0.8154081,92.45077198,3
24.44111598,22.87140173,50.08739344,33.4499506,0.040865788,207.1600031,2.685184828
41.37641106,23.46552658,55.56933796,46.22232341,0.297053181,74.01855593,3
16.85316254,35.4359095,17.61166512,41.4736603,0.324011616,229.9052327,2.528390778
5.176819464,35.18704544,22.46309786,33.69667359,0.854582395,146.2403369,1.038661285
27.29566368,25.33429768,42.61247024,36.66235226,0.78035139,115.3965419,2.75774256
9.510271549,31.86057986,57.7135888,46.44073022,0.656421471,237.720076,1.10769986
38.946918,41.58265417,24.97948546,41.54419311,0.804723181,108.3119378,3
17.42338112,24.35503772,52.76068131,32.44365772,0.453429701,175.9989152,1.799851039
24.9640541,20.48026333,35.30123222,34.64162178,0.87488059,136.9543251,2.388628237
8.916510429,36.29987852,57.82793195,11.62707909,0.234215843,152.7123333,1.406259752
17.89966618,21.3374552,16.81293312,26.15754559,0.704576881,171.9840442,1.980797353
40.16706095,44.49850596,58.68361991,18.54489415,0.241751185,103.445239,3
11.82145604,35.24050709,32.04893139,24.43867855,0.039861973,167.1511956,2.016408873
34.12218025,31.75990882,57.64691952,34.80110931,0.28415124,161.2706701,3
46.28416338,30.7498135,32.93451085,11.71179921,0.492906828,151.1212748,3
35.59265419,34.32676646,36.50410671,5.781918365,0.843436015,159.6880484,3
41.49597602,22.26561092,50.23875049,22.86159815,0.508856489,182.9674954,3
9.903723319,43.25047647,46.13142504,19.49829415,0.179150603,172.6903424,1.881165329
16.28293217,35.64105171,40.98016602,23.91944269,0.992765971,103.6939517,1.910143628
45.25424835,24.59946244,30.84900118,46.90494142,0.270073068,85.2341009,3
37.17975261,34.06452634,49.62191837,36.81878455,0.985294725,110.2869925,3
33.77992219,23.33141265,57.41141666,19.73564486,0.936334682,190.5424489,3
34.86950313,20.43881794,10.49054485,13.067547,0.542441509,211.4641584,3
23.63902494,35.76292463,39.39225482,32.83152324,0.091963083,109.2224546,3
7.005048423,36.21208355,53.29904645,34.59093132,0.695414811,172.0550019,1.026876424
40.29986939,34.59241457,42.65562687,26.76302077,0.845717662,213.2275999,3
35.54209563,24.58708011,50.04146289,14.57423486,0.4453011,115.8373793,3
26.27620089,35.08574646,54.75305519,6.284986738,0.239040459,157.5419955,3
45.48918269,21.41277352,47.54755079,16.95473139,0.802824165,217.7039828,3
20.12718492,35.23095889,45.85087007,25.57267247,0.545077826,181.2341198,2.456036175
18.24447849,33.85042548,58.23729457,40.45704289,0.197630005,166.2133154,2.271607417
44.27583463,36.38137077,53.18423289,43.4189223,0.949538641,125.7672706,3
40.86444446,42.38689014,50.76889348,23.58205519,0.948098227,182.0804303,3
28.17409148,41.25895263,14.32016802,40.82558246,0.367049673,183.3839873,3
10.88306328,44.51635479,21.95149416,49.70087706,0.064003109,154.2769358,2.320668324
14.67821622,44.40602582,37.83780122,37.24746687,0.630788535,129.6553338,2.254250203
34.53025957,39.30799233,45.47800525,37.78695642,0.317226735,80.06693929,3
22.3268557,43.91049055,25.16074467,45.92914257,0.066355261,168.7122391,3
42.64129362,41.68209715,14.66640566,20.21648578,0.891806414,105.6615668,3
47.74797542,38.18956125,25.55495934,5.504242688,0.998116315,108.1954964,3
41.25366164,21.88460637,48.55145903,49.41397723,0.350405514,157.8777258,3
21.98954403,21.22624721,53.87005147,27.0710635,0.744746263,183.8325614,1.995422331
40.49088932,40.93998919,55.64518242,40.35549169,0.065770792,134.025838,3
20.81487531,32.24139645,28.94333396,41.56210119,0.36970544,161.0217288,2.681914686
12.51950395,40.36516711,28.62692874,22.88825047,0.108751766,193.1474904,2.256810795
6.502694219,27.82295677,30.33537355,29.3572871,0.055349937,186.9771442,1.24667261
22.35725207,29.94124646,28.79047347,29.29619867,0.588791041,178.5856136,2.651466501
45.66016867,37.50466803,43.30983038,14.90972042,0.802030988,166.398984,3
15.75439645,42.88316842,27.91616311,10.29375203,0.452970251,107.7324716,2.499231836
14.29309242,22.19403686,11.01719683,29.46075372,0.52417911,128.8939114,1.796848947
48.64193534,41.53695362,31.95123003,10.40644521,0.270730017,83.68896528,3
6.125185078,39.82531812,21.20760331,20.57399257,0.736387281,139.4044448,1.359759438
40.36019677,27.88848177,11.44035689,13.37374992,0.361073267,159.2631981,3
19.46164801,28.88041535,33.54214758,36.81122487,0.06749902,97.14180746,2.539674327
6.686958059,21.16153693,20.29772796,44.24039841,0.165507711,106.68856,1.088349235
46.30111431,20.39351528,32.63709074,31.00615744,0.128468605,95.353704,3
11.28390486,31.92515316,23.88749933,23.45701132,0.435877789,161.8369964,1.73574837
29.83006777,22.38849114,40.18544351,49.84891884,0.065212675,118.6002256,3
17.33243933,24.85004536,59.54386934,5.954411086,0.806484322,106.8481207,1.562897924
7.933676098,41.16917999,37.36159604,18.69534879,0.90800519,160.5759866,1.338055054
7.246511855,34.27570978,42.34479584,17.54029187,0.248394179,153.631875,1.319529797
10.20005145,35.84081093,55.96378789,21.02916191,0.485509757,109.0806452,1.412306085
8.211515625,24.68698327,28.70002089,15.37680835,0.519063064,176.8357849,1.097519264
39.2251152,40.71654511,18.32742249,16.89182759,0.985001216,111.4119423,3
26.8504791,41.69949431,24.13986415,16.59546995,0.065619578,228.4593844,3
20.43014411,33.08318984,30.13974704,27.75848228,0.667882368,129.882373,2.510448752
23.82660096,42.8139443,42.25088406,22.59748747,0.345764983,233.8493941,3
46.8026031,41.12071562,10.22940147,33.76760459,0.501806212,156.2759525,3
45.98383157,38.28310442,52.66916074,28.14805219,0.217034571,206.8916305,3
37.20544161,38.35189789,13.80469865,13.25398336,0.16024228,190.5666849,3
44.81070698,22.63483685,55.03275745,41.45202405,0.243565299,105.570719,3
19.38416124,26.77090094,57.47172606,26.24878393,0.071261964,178.7491235,2.220431246
22.14991967,21.6711805,59.50513971,11.89541831,0.278090297,140.6880857,2.203268105
32.61704818,20.21703023,50.47550922,12.50959293,0.690350922,97.12975548,3
33.06316763,23.95773828,17.0927763,40.86357847,0.651481935,218.3378727,3
26.67649271,42.01217957,45.30835216,36.63469329,0.554496206,159.4777496,3
23.02960318,25.99685148,20.16606453,27.79375786,0.000387413,73.02859674,2.967667682
49.37811402,44.25384906,54.85639178,18.77366794,0.125782,140.4506851,3
41.95056318,34.93227499,25.83029628,25.72349166,0.842869429,203.6675119,3
24.5741089,25.93146219,26.33979885,33.64175917,0.27173837,114.7996424,2.92252579
37.72816148,32.42827009,55.8826648,44.56770428,0.912198889,240.0122413,3
17.1302762,25.47737057,10.66155354,30.01405405,0.874546115,216.5415113,2.018384712
9.507619681,44.59933895,19.69830757,17.45308826,0.154927034,146.8861784,2.162960007
20.85939615,41.1816246,31.09661333,6.923296161,0.898152042,127.0942828,2.69861828
23.13377601,20.65596972,45.03607837,12.89547752,0.627834831,104.2215036,2.237631726
5.744170605,43.69440079,42.3783083,34.25799293,0.630286805,178.8987574,1.291970601
41.66564007,38.02662768,43.47059376,12.21966351,0.852679866,120.7351922,3
21.16370311,22.0595313,54.00110142,26.66927989,0.405055765,200.2691046,2.109149124
31.11881746,36.76594366,16.05152061,36.4529757,0.735263296,130.9290432,3
8.328343427,36.17316745,36.10808481,18.87012056,0.667764356,113.565146,1.343643565
12.87485729,25.46971865,46.27388446,35.10976504,0.771514668,112.6758004,1.287980172
45.03621764,38.9611675,41.80592215,31.14824277,0.660188949,131.3635374,3
32.39093875,22.17661758,32.415706,24.75225981,0.080054801,162.6646219,3
47.76278226,32.23612953,10.85572929,45.37604655,0.292711002,128.1045427,3
49.94375155,20.24808018,13.02261328,36.14265007,0.939920873,112.8185327,3
21.73370519,44.21843722,15.94706634,21.22686649,0.223425189,150.9530594,3
18.44613788,38.78909079,27.16138764,41.19190401,0.472260401,189.7438808,2.629839405
43.62602248,23.9713019,15.88267263,38.21459964,0.356927976,211.4661683,3
49.93751422,28.541851,31.30411565,40.62577845,0.086298723,177.3010174,3
33.33385554,24.01405945,18.93209953,33.84301924,0.181188689,212.3890501,3
40.78133251,39.1654366,48.95830988,22.07167771,0.286667121,77.42160311,3
40.17856365,21.47240814,53.57438084,20.6860332,0.463318486,131.5417128,3
20.99028687,41.01016639,29.4823754,34.43681123,0.874523986,175.4019204,2.733948486
30.84216711,43.55490847,35.56658827,10.89050036,0.515616282,126.9746552,3
42.48756236,36.91569857,57.67481208,41.89614577,0.651904961,85.14979703,3
35.96512443,25.32413625,36.77538777,21.66509228,0.425955152,150.0244947,3
5.952371629,29.0022524,59.75366079,33.36673952,0.870062352,215.0814035,0.529411126
20.1517551,31.93099687,17.10654968,27.45787617,0.662621454,149.2178682,2.577165848
11.50140635,35.11561931,53.11132103,28.36969214,0.090630253,147.8693579,1.744232941
15.48374954,36.71657725,34.86015013,38.21027658,0.477501207,250.6924155,2.184908758
45.74702649,33.85536788,11.13570556,33.20015242,0.827234205,237.0347086,3
6.660198001,28.78284802,58.61114707,16.26390448,0.733655353,145.4724048,0.67250892
14.89103204,42.27293201,58.25239499,8.340166914,0.905311148,198.4300551,1.863021414
18.93062085,22.03480145,29.16354201,42.81053303,0.227667839,185.162275,2.222086127
32.75978324,31.65640136,57.70710355,44.82023336,0.977172164,160.8471248,3
29.03457605,39.38912096,17.05048211,12.40234398,0.285077668,81.92553984,3
14.82212673,21.52181663,44.00550706,18.92646801,0.050179878,231.5079743,1.734461551
12.39084803,37.63338042,19.59644934,17.70540719,0.495672627,179.5831324,2.049730009
15.65591156,40.49279057,22.33236182,47.18518523,0.110338738,218.5476108,2.636857854
27.6138332,36.52078246,48.96687186,14.21498219,0.681310941,202.1294811,3
17.20300036,20.32342231,28.86790423,12.49426544,0.900556271,145.4799758,1.658790268
47.64211257,24.50342568,10.35637514,13.18273474,0.921343272,121.2524466,3
25.87393496,28.55282697,30.71192121,37.84411292,0.607037243,210.9606619,2.928516562
7.645820745,25.84225089,21.40346603,44.96089299,0.535264871,108.4167505,1.144323342
37.81698826,44.06630351,44.16649568,22.70153348,0.993991423,216.0278684,3
19.79803797,36.28984785,19.72243484,11.1235957,0.579425719,165.4244286,2.702528184
34.40700194,27.42427393,52.11267642,31.35748988,0.927458324,104.0099363,3
17.58174667,43.24243747,23.35465061,14.44707312,0.916595051,87.45259798,2.507745218
30.68346838,38.51485499,29.65141291,7.886815131,0.289513796,122.5120442,3
39.74686272,27.1151803,24.90184304,44.88041203,0.013751076,158.3543702,3
46.76039338,29.47203924,42.19616739,44.18785744,0.439168408,140.6200253,3
16.7507215,24.98572146,15.05817706,48.91595721,0.861370136,236.2219639,1.926662693
20.06856279,44.27684996,33.90496863,26.33021397,0.836134217,120.5557843,2.725634483
25.89198891,32.9324124,26.72274076,18.23005392,0.603669188,206.6764173,3
46.7228677,42.40141719,54.20689816,39.64026855,0.15665841,163.7199999,3
45.56240856,28.66249428,13.67060468,13.12227194,0.107587714,244.1078077,3
9.044522605,41.52104008,51.48475325,15.94814346,0.954681984,206.80249,1.296298405
10.93684216,21.34717121,18.38402383,16.50571818,0.421397682,135.3100291,1.41071751
27.29791298,44.55225794,14.428883,47.82287345,0.648161017,197.8635669,3
9.797867276,42.80085918,20.11614291,37.84203135,0.905864415,154.9024216,1.752388397
20.5511393,29.08007362,15.1326491,11.01626567,0.869893176,225.8763821,2.438176638
11.67734202,39.36805413,36.04919741,9.178064516,0.566903182,89.13938647,1.836059108
33.62181598,38.80644816,59.41074765,42.92666841,0.487905181,134.2642842,3
47.72729443,42.53136993,11.7163676,41.10234454,0.735259213,158.0424811,3
49.85301966,27.68137453,33.05641747,35.19475601,0.349645692,132.7127519,3
21.88585096,31.63800013,29.30351646,13.82452936,0.62539063,227.7935918,2.637454621
31.95556867,41.62499032,26.98032071,26.61275925,0.023152434,126.3084678,3
43.53204441,39.46448635,26.59318052,32.12266755,0.824312561,153.1508551,3
10.28579328,29.83666797,54.75063783,46.94618871,0.998032275,201.888424,0.976612411
36.0303985,41.14313082,10.94880751,12.62406831,0.954706492,123.2980529,3
23.39796478,21.17385098,48.74581937,28.19510632,0.359894841,88.45078989,2.378185896
14.27657721,39.55115757,22.64665894,12.09882375,0.531101282,178.8316557,2.25401241
23.12391284,25.16914649,29.16477554,24.97322033,0.236216963,200.0708656,2.741606597
8.418212913,27.1530227,31.00749564,14.00607386,0.302987405,155.2256911,1.285353389
36.29332169,32.33037109,25.2365877,42.62837937,0.457346102,109.4566845,3
16.37342009,31.24336253,14.67794309,16.46313249,0.747080907,171.2424133,2.158467543
19.01325403,33.01425267,15.71654244,23.76971223,0.017882391,267.8160405,2.835693872
10.44865842,33.61938989,24.9065562,23.35044436,0.39377413,236.4996903,1.719559545
43.90966013,28.28819228,51.09045264,43.9832732,0.556496918,144.9968073,3
27.20499257,24.38068783,16.73138264,39.10088591,0.215183042,186.2036131,3
30.7466095,39.21203073,47.13199166,7.590897006,0.078478698,184.0418583,3
30.62447074,29.99940373,24.44348647,8.018935573,0.539573859,175.9293828,3
23.47219015,32.64602156,54.17324676,29.80387603,0.637809984,208.3207111,2.574782274
13.66384619,36.11741796,31.41642377,24.24735623,0.64100229,142.942404,1.935633169
38.53097368,42.74094806,18.58616566,17.40128992,0.356584385,233.5508682,3
10.71753194,37.68882078,59.29222251,40.66794222,0.237361796,144.4310813,1.616444097
9.674320563,21.13648064,18.83172596,10.78858274,0.220386439,236.8464171,1.373470932
36.95652669,40.96400908,38.38099106,48.83256108,0.04052394,210.5740421,3
14.39766592,44.73387538,38.4643239,6.084612804,0.184683352,229.5666962,2.453910856
18.80477381,31.81212563,28.64067256,10.32038261,0.818606127,129.2112876,2.24517178
26.38523602,44.23975841,57.57442963,19.00924944,0.003051266,87.11738685,3
25.22080925,33.68321856,52.19372812,27.91170929,0.043888603,251.8705298,3
36.88606063,31.4903999,51.49097804,14.72612713,0.12701894,242.7736106,3
33.0544307,28.28511912,58.70759677,38.1296817,0.420240583,164.1331454,3
33.9978273,36.4388719,32.85546691,21.08938565,0.333737834,124.4173633,3
37.13244488,25.74551051,14.85928878,6.734225003,0.177835858,148.8310203,3
18.16757273,22.62335546,48.27279627,44.49748853,0.110949474,158.8715467,2.032666422
19.50499903,20.68092756,29.04062897,47.47395529,0.938862537,227.7862457,1.880026597
24.70989866,27.30950282,19.51725759,32.83536301,0.911250221,233.8320044,2.73050894
18.83579779,29.8942708,34.16236716,41.29413749,0.771898608,196.0040771,2.152482496
49.3222041,33.80191741,56.28594701,10.45001924,0.252021975,94.65441336,3
41.63233669,27.31874563,18.56785095,17.09691268,0.323698032,110.6342249,3
12.40946097,44.60148931,52.43494076,19.63542595,0.665844968,124.7764812,1.870390516
5.251737015,27.29362921,30.91024708,48.23389251,0.291698895,98.81666965,0.980009423
6.925247071,31.02438471,16.84009904,28.0500188,0.530622813,98.56481685,1.292958467
15.9828553,22.58190414,52.4191152,5.333610147,0.651283844,103.1433702,1.501182593
10.14310786,26.51566283,58.48101706,22.10836203,0.519196297,74.80212018,1.053757895
29.00021517,21.20830349,24.56353579,5.348777039,0.413284764,156.9884108,3
43.60978502,33.98771584,25.17681049,15.70125832,0.347894014,100.6682854,3
38.15375994,38.77661708,29.52729915,25.46150302,0.777749916,246.2436832,3
14.70240784,24.89274536,50.70651822,19.55268749,0.738998995,230.5108838,1.423434283
22.96846652,29.19777345,10.52085984,6.473039553,0.696228064,128.6038715,2.816783137
27.85523943,20.41540567,21.19782759,10.23510751,0.374677113,145.0956989,3
41.45926323,40.98805139,45.29499056,29.78989526,0.775736626,148.6476094,3
42.76047214,39.49908812,30.28197252,36.3022207,0.957703632,99.50652328,3
45.93732404,21.58135077,26.51478115,23.20470555,0.688979519,123.640252,3
27.91603627,29.12169023,53.61414445,37.91667859,0.407899251,114.1737291,3
36.24236359,43.88216535,55.86669601,12.34997998,0.796481263,173.3579524,3
10.03101671,29.8006764,57.39931096,10.49260765,0.609302076,205.7991803,1.117813403
30.4380032,33.15521692,23.62752663,42.77541722,0.877677045,171.1809692,3
16.19113143,28.88107153,55.62563048,20.26460068,0.713182532,106.6615899,1.668967956
24.42725983,34.9032847,46.84827774,24.45115649,0.769920054,136.7744929,2.752726002
33.53227287,44.45392189,17.71073742,47.6411721,0.667436463,148.7015064,3
16.5643672,44.93756259,40.51350142,24.08505476,0.092020459,133.6520374,2.70321023
7.348327601,39.36787445,11.31674097,5.157054763,0.48511722,91.28170579,1.691369222
5.460523538,30.10777745,45.41890779,47.20873728,0.056489875,129.9786924,1.06721092
5.9971791,32.36080502,46.67837613,5.635338507,0.447549153,185.3984943,0.987853073
5.375738188,28.9182832,49.46692543,34.80288277,0.716426989,126.0766535,0.648633844
9.965977545,44.63936575,18.62625271,19.53009093,0.421255472,132.1627398,2.08768635
15.77699216,37.69400765,41.41249705,26.16758405,0.001630252,109.084849,2.419226041
14.95496814,31.22328614,18.94283424,29.62783255,0.369285093,119.864791,2.162202129
49.40584674,20.30288175,57.33250417,23.38070258,0.067758983,114.4055459,3
18.77027473,33.01208536,43.75053463,39.84659542,0.780596388,168.0044902,2.149626778
10.73393525,44.59820504,14.7662924,46.88178843,0.783751569,227.9306577,2.020461651
29.55031449,33.07652272,19.3516115,8.888542345,0.806378589,135.3287762,3
43.60808549,24.56066714,43.17300491,41.01137966,0.030327191,84.11028253,3
35.51271696,20.55234368,33.83352481,10.79020134,0.032269309,152.2847586,3
18.32369401,28.86759395,46.81488331,8.612473246,0.903449359,182.054508,1.87474902
30.27272719,42.95570139,24.03943995,48.01241537,0.12368388,224.3927538,3
37.16851884,44.9138527,42.89587684,27.01840017,0.67009023,137.9457231,3
37.76470216,43.63419937,18.8480084,11.8671481,0.795454392,189.2394532,3
34.99423049,38.23549983,37.18551317,30.64807009,0.447863704,114.9210536,3
44.18646911,33.95356821,57.88997958,16.84567124,0.546472093,128.9277163,3
44.15474563,34.76715366,41.41111161,25.89390576,0.227380724,97.02373839,3
31.05214517,33.47480023,12.49968088,33.10968172,0.923599955,154.5999183,3
24.34353661,37.67623262,59.43810689,44.1171423,0.301801103,108.380718,2.944946461
33.8706633,30.47183067,17.84331648,5.138662922,0.217811189,148.7446369,3
41.81954006,36.73010012,45.90345513,14.63632974,0.525403525,197.1251864,3
5.254344718,23.04030287,36.62650195,9.332174431,0.190513723,133.9882292,0.831922687
49.63986541,26.64238266,24.71803439,9.36939657,0.686691629,155.3949324,3
13.23021975,40.90007597,18.86552427,47.55998359,0.51511545,178.0686106,2.240144874
26.16120435,42.59372327,18.88511821,47.12373205,0.147804454,131.1499948,3
44.24133807,33.47520594,52.91998406,38.71886359,0.067246418,201.2320631,3
15.12681796,20.79089043,53.64562571,33.93783691,0.136953495,115.8222652,1.600778472
26.45578508,43.17433927,33.25727608,43.15867009,0.136624655,151.4612829,3
10.96619811,37.55160645,15.18107315,7.628393214,0.312850525,121.0738621,2.040104032
22.77843464,30.35069809,54.20825519,10.37686069,0.833270649,117.8604323,2.330815524
12.97109547,34.95947358,34.35082431,19.27008155,0.05729402,124.0068375,2.090270079
21.36324869,30.74437086,31.93812114,42.4621571,0.128088939,107.5396854,2.777711551
21.80588976,31.63348067,30.36785122,26.25046442,0.302899183,116.327614,2.779910228
49.69268553,42.17024664,28.25070869,27.66086435,0.553333179,182.1449957,3
49.76658632,24.02710617,36.30027018,15.31694433,0.76288284,123.8487687,3
10.16538254,22.59172839,40.22706133,34.17743665,0.921191453,106.9249048,0.906729527
37.66859507,20.06821861,33.32161018,44.95289693,0.412088209,105.0084472,3
7.328546585,27.85000939,54.83240817,19.82813989,0.105834814,162.7236486,1.059946816
6.35864069,23.68534416,25.88306143,32.86336729,0.213515543,139.3726872,1.059787155
9.740025241,25.49963738,38.91559284,19.93770339,0.28724763,107.6316687,1.291210693
48.44685457,20.28097457,24.99769601,40.67236003,0.786097644,213.4977962,3
47.33885966,25.67988537,47.66750119,26.37318816,0.686643318,89.05071076,3
13.72675191,28.31778955,15.10605497,20.276106,0.209005323,117.2693924,2.061038298
12.2752551,20.78918741,19.43494984,23.90219844,0.838745505,140.5344516,1.306776173
15.82407889,35.19760311,50.0600705,9.105238463,0.859155844,149.1952286,1.825482699
28.19961473,34.22000872,19.15987976,43.9752719,0.882438775,88.37928941,3
30.63670844,22.42589446,41.28731731,48.11310749,0.275004189,188.7003598,3
14.97170437,34.87524444,58.5121726,26.48363809,0.133730245,131.7079507,2.007691736
39.04802546,44.96634797,36.14453069,14.96017436,0.103957407,140.2134086,3
18.92989262,43.61172382,19.36982232,34.90952896,0.400087753,110.5644587,2.95297129
46.49590965,20.06677483,26.03455228,25.35716658,0.42932481,248.4032796,3
34.55252179,39.88445778,51.17290382,16.35350364,0.868209998,221.781861,3
24.63580374,28.84013191,27.58304566,6.729491457,0.267756045,95.9758039,3
40.54604008,21.59128426,46.17556795,45.03670033,0.626892142,207.6481211,3
41.80615817,27.39958034,48.86750314,40.85304584,0.78821271,210.6350465,3
18.07167225,28.04341291,35.05914236,42.30527259,0.269152894,243.6184035,2.256779785
20.28715447,33.08110598,49.16066922,24.79278789,0.267139597,108.0289896,2.506242489
47.11798192,36.52709418,25.84515022,38.89649264,0.669155262,157.7091169,3
12.41334673,38.72639031,35.80798234,31.15513687,0.72613628,128.3644592,1.811066386
6.896768763,26.14757606,44.3279132,21.86488834,0.959762641,127.908712,0.638102293
25.43248952,28.04426426,18.40365737,42.92339397,0.849940671,218.4076009,2.869050851
41.05444551,27.70954267,23.68109837,49.94408966,0.822051404,168.5436889,3
39.72506478,29.0684217,42.60183017,45.46770383,0.692314224,132.9579139,3
46.3788783,44.99140772,42.76800599,39.92863873,0.118486634,113.250093,3
28.9940299,39.44858257,34.66513232,38.63785875,0.809241225,154.4020126,3
9.50291022,44.37476163,49.77926784,34.26119794,0.935321726,140.7180975,1.463996202
31.49100385,37.32777649,34.1027451,43.41278736,0.390717816,164.3997491,3
40.02780265,30.15676754,54.06611327,27.18865615,0.313661958,140.9886749,3
9.199765412,29.74360459,46.79517154,13.17782796,0.522481642,178.9115994,1.182237491
12.76958305,32.21452862,25.73474317,39.56223759,0.9564556,129.8613273,1.615200694
5.553079752,30.42174458,29.76270042,46.37778684,0.050832274,125.8884285,1.246322987
31.71436608,40.70815615,43.38433429,20.36085314,0.708880641,202.5683017,3
44.90304764,31.62505033,54.72263094,40.23424841,0.814668333,156.3295322,3
35.17984922,27.39035901,18.93543664,17.31752164,0.788749167,154.6762374,3
49.19180394,39.37150672,35.73317694,47.4170123,0.566774405,119.2570947,3
7.836514362,41.36051023,15.93922107,35.75574464,0.920562997,124.2580806,1.542661401
45.63504883,30.5107239,23.97275777,30.61741942,0.134523759,138.8657329,3
41.63307293,36.6952143,44.29906796,40.09415711,0.245150597,154.8657901,3
19.14086842,21.47011335,13.88673176,41.59540268,0.306956303,126.2662482,2.337411818
48.80869483,33.2366213,43.11792909,45.15664542,0.00867741,104.288435,3
17.95719867,21.12452844,55.04055605,45.55037898,0.370669257,101.3386645,1.764130626
45.01871257,20.72977101,58.46851455,7.37108715,0.160659838,210.6923452,3
44.63368597,35.32312126,20.83161005,10.53084236,0.724626152,128.48438,3
39.09459275,27.58338456,47.44489783,42.17273952,0.414952807,99.84728197,3
30.35617132,38.56342906,56.31852244,47.5723244,0.704459447,123.3017067,3
10.40012373,42.40206402,14.56846554,18.84523317,0.29365327,91.04945229,2.160903217
28.93872805,23.48477934,30.70118042,5.387081829,0.131917747,144.9078873,3
21.0558315,38.11307096,55.97048834,19.52173351,0.131989024,144.4198323,2.750319454
40.64976649,32.86299996,20.13937491,22.22888612,0.203263752,144.1490214,3
39.11581429,22.80298125,56.68803419,39.24650141,0.115215693,205.7952111,3
45.97756283,36.28981516,36.35960355,7.141309954,0.220547074,147.6131552,3
5.667357309,35.23667008,14.99465413,14.56881062,0.579034345,111.8494834,1.301827687
41.40964476,32.89104669,32.49386584,45.22858638,0.256336015,147.7878992,3
47.23079239,43.16178011,26.31305977,11.96691843,0.342946561,145.9305178,3
40.51852021,33.0269924,24.11020803,39.16614434,0.052733984,103.1200544,3
10.85875069,44.76287789,37.07377878,21.2589687,0.892209093,145.1004324,1.761128665
8.657559718,32.73072035,34.17963454,34.81970967,0.138160992,153.6521991,1.545903142
5.938035791,22.89630096,34.09835798,8.323092649,0.348665836,171.1672323,0.841697113
33.29353516,31.76178128,14.40708656,17.89510753,0.37947925,165.5100741,3
33.33526933,24.55821906,50.11590905,24.11553819,0.772126269,86.92535346,3
49.41111714,34.92833713,34.07196577,43.57456817,0.483542853,146.123167,3
22.91194283,37.32830438,51.04529144,30.35731359,0.382956289,140.7389954,2.833540037
19.93578282,31.71088197,51.22973208,7.035138188,0.695874699,227.434129,2.190373011
33.09912172,22.44257419,25.85676624,41.0839958,0.597014751,188.9469817,3
42.15239026,31.71603496,10.21731519,7.453467003,0.078134584,166.2882387,3
47.15482773,22.03635537,55.56228387,47.04649538,0.312700251,138.8105184,3
41.14058748,37.05314889,48.03473465,14.52728507,0.978608129,222.7218692,3
24.20032913,39.75920562,15.36259784,26.95667651,0.483335203,107.9663096,3
33.57114059,44.05950818,45.0863517,8.252643594,0.42419307,101.3584055,3
43.5334697,23.72005268,11.00116343,30.27705738,0.149919801,125.9457526,3
27.07743597,33.31050839,11.38795346,27.37529153,0.839070174,156.9310128,3
14.75089897,34.18843419,36.29116198,23.46118407,0.133307877,228.5645662,2.185138811
12.63755479,43.06191334,14.80187146,6.600781267,0.105083744,90.37007253,2.498592004
5.007098506,35.68191601,58.21682612,44.55213704,0.439000351,205.6915937,0.888438615
37.32070977,23.63774114,54.69156133,41.11864695,0.436646879,128.8795593,3
9.999374398,30.9087831,42.49060156,33.48635091,0.981468987,98.37926481,1.114589701
15.97275949,36.36906321,13.18544854,30.75034922,0.127533487,127.6692628,2.613956827
18.40443492,37.5071108,26.24176289,36.27258941,0.483827099,131.7032955,2.58634934
30.21709371,41.57684996,28.5861499,11.47955072,0.201245312,115.5787239,3
22.90807748,24.512678,34.04399179,46.96899108,0.701763892,155.983082,2.416575151
35.36032964,43.78855367,18.4451437,17.81029812,0.391686877,157.9125125,3
7.50373967,21.4784853,38.87558214,34.54206226,0.648467889,136.9139595,0.753333711
10.57726374,44.59405336,31.7885324,32.30400565,0.338411184,155.6777115,2.057103904
27.46451766,41.44417732,57.36484817,33.64762909,0.564545987,149.6476348,3
20.16341545,36.50681957,56.80976148,44.55284554,0.469136975,175.6709468,2.430569429
18.31160132,38.37488751,38.27369777,18.3160043,0.374364977,130.2626248,2.540403583
8.016263557,21.81730015,42.2174668,38.70266847,0.537524793,134.3919996,0.83793263
45.30736286,21.03699657,16.88982339,31.92759788,0.383798677,118.0676255,3
36.13183638,22.54414491,21.16616194,8.422714893,0.806018778,127.2097259,3
10.47281706,22.18399537,55.03577021,23.63696064,0.4952376,236.5701277,0.988771716
7.927068098,33.68453084,44.95829614,42.7078208,0.903127266,109.9099042,1.01437791
48.869264,25.38609968,19.47150986,19.1906325,0.222804241,242.0785296,3
35.65276477,41.50514093,38.5105153,26.70187475,0.11212388,111.0590828,3
23.7855232,31.14371558,56.73806252,26.98873557,0.38096736,116.8901662,2.658811867
36.57789683,37.38776191,27.25855531,32.81044401,0.183659561,196.8076397,3
39.03493039,36.32182732,19.29101878,44.78080369,0.393119393,186.2627351,3
40.09829911,27.99632597,57.10126385,12.80926395,0.207410944,128.3448644,3
26.50447875,26.07918934,33.06326801,27.70775972,0.868216309,160.1446133,2.755013352
24.34472412,28.56140713,30.86209993,24.09202667,0.56790453,209.6927035,2.793946052
5.496263792,39.91645935,23.37835999,18.31640405,0.497589265,96.20176356,1.397596792
46.69507018,34.65692121,54.57926475,46.38236796,0.787745094,152.52991,3
32.14885453,26.33846656,52.28083834,5.367699158,0.130367013,195.6556393,3
14.14192717,40.44616108,30.14951997,10.49471567,0.857014721,128.1285971,2.032395527
46.38215387,21.36898465,11.53066399,38.00050025,0.483304058,216.8689908,3
46.17193558,37.47958437,32.33257153,16.85487221,0.13643323,159.0080986,3
49.5132874,30.97752014,19.04290083,37.54306675,0.819411466,157.330364,3
44.33254534,38.28225965,17.13670351,42.45141248,0.46077521,176.646944,3
49.90029745,43.18653201,29.65468059,16.45772076,0.604600542,186.4380354,3
16.01087847,38.75085245,14.95384687,13.63749295,0.893608886,201.5490187,2.296440017
42.90123133,31.04913388,57.87322535,11.53852847,0.890691632,106.8983001,3
42.0362739,23.77439204,12.37695909,14.00398749,0.892818892,128.8257631,3
15.39231616,40.1587744,30.06848137,17.02334251,0.416917459,239.9726727,2.368713886
9.429689705,31.51763817,18.1351351,44.09374174,0.749605882,145.7691701,1.437402618
49.07392312,21.88280809,44.44056608,39.6501986,0.23327086,123.7999237,3
18.32110482,37.97638494,13.94057246,5.082994261,0.831176989,115.0465773,2.542995761
44.19013057,27.29629915,37.34027871,44.33536139,0.341722306,166.632836,3
5.18572196,21.22220574,48.65507476,8.546553487,0.463912462,145.0656851,0.507472075
5.946116325,42.56877537,57.50299175,34.48695279,0.891391648,140.3881601,0.99284507
25.96420889,32.0775273,44.92637815,11.81636457,0.805739952,122.2341012,2.813538042
15.74216078,27.02402633,14.97458788,7.802411473,0.952511205,115.3574885,1.849015474
36.04285775,37.90966395,14.42602749,39.18968139,0.36347299,196.1620131,3
30.45039465,42.14755944,46.57990243,26.02414012,0.15108527,126.3812446,3
8.486860885,20.00767688,20.76647025,31.9578131,0.910410423,165.113554,0.852738737
12.31827333,37.19630463,32.36196543,24.14088585,0.493154387,162.7399024,1.901507306
22.46221715,39.17529235,58.83105507,8.022733813,0.889400791,118.3150206,2.519053847
13.35218288,25.24818568,50.99533992,38.28281748,0.732073593,139.3040917,1.300834282
40.65000563,32.24059579,52.32966787,41.91580045,0.874802906,202.9671139,3
23.7231606,22.23214747,53.03849524,6.863924439,0.654722936,198.2027034,2.255641222
9.204434008,38.66874706,40.97726701,21.90727386,0.812372014,221.5455707,1.393442959
26.7954306,41.18640046,47.19669619,30.07924417,0.120335999,130.1900807,3
9.087718148,22.70466643,27.94804573,32.23325402,0.968294689,139.1811338,0.901966227
10.80217874,40.41150634,59.92231133,31.01688235,0.180979223,188.5210422,1.737555361
15.78244244,39.28925426,23.98110848,36.18232943,0.024502768,114.2276517,2.635823584
43.67874674,28.67283301,39.50037017,48.50672911,0.530807375,153.4502953,3
46.60756395,37.25723825,24.10308392,22.57639345,0.711912263,211.0063944,3
42.18159782,20.0012031,15.60355253,30.04806051,0.716418434,171.1294642,3
20.03347478,43.29494136,38.37929074,36.45853833,0.339232845,113.3296348,2.89310286
17.26008985,33.75958088,27.66743354,31.65907199,0.753831836,143.5469423,2.197738094
29.71200609,35.5084716,39.16096338,22.40379635,0.842560054,157.3873092,3
37.48339222,36.61648534,37.93392383,33.08356796,0.610011742,152.0438826,3
49.70177547,34.03422543,37.11283646,34.25501887,0.385992007,217.8971938,3
10.92068203,41.41909719,16.1650561,31.32358139,0.613574584,175.163939,2.004266923
7.218139956,35.2425458,32.00903872,14.22997973,0.8622304,124.1265936,1.145359935
36.246015,42.69399978,50.60019697,27.76916112,0.900471761,110.2287074,3
42.45016026,34.55829056,25.75717478,44.79605644,0.031516627,167.8334591,3
43.08569509,24.27806055,32.19157526,44.08708451,0.122398558,205.3889058,3
35.53085971,42.8390639,34.69157952,38.78545662,0.004514048,132.7376807,3
47.93071119,37.04068746,53.13656563,36.37379815,0.492442182,237.3450279,3
27.99521436,37.48097486,42.77998846,11.8975612,0.436390927,130.3163394,3
46.12166593,44.63704376,15.01012674,25.6759099,0.545801662,127.731873,3
48.55154616,21.87991386,53.25854929,9.992808939,0.683646732,110.4400991,3
43.12208557,30.71481518,51.60329877,41.77780023,0.365783742,133.7316311,3
18.93913535,25.97738482,47.68229903,18.09694429,0.208577269,161.7924467,2.178714737
13.8297043,35.76066162,33.30290092,39.50896389,0.394820378,168.6563083,2.044553286
29.66540292,40.17029209,47.87726917,41.65605012,0.009011001,185.8656509,3
25.38566377,44.15776772,33.93710313,45.16232438,0.829446677,145.1020804,3
44.4991254,31.36490267,46.83117672,38.92235353,0.3837263,148.6360668,3
9.501425198,39.65545577,54.00550825,30.41280502,0.622788342,113.2780681,1.420541792
16.59830276,42.9262898,54.52707926,31.91832116,0.324725623,176.1125932,2.383072999
38.8309525,37.08313581,32.72892871,19.42620246,0.614812389,171.0135035,3
9.274399024,26.06831381,52.96713397,12.96482861,0.540435394,136.4792018,0.99649466
19.43439863,35.19635378,15.07286903,10.87862922,0.20855933,121.429969,2.8616433
22.42199273,44.2488012,15.09097087,13.19105845,0.625324025,163.8058863,3
33.01672085,44.68884572,37.41334734,47.02783493,0.109622419,177.6997132,3
12.11596906,36.05899559,42.59223092,12.39949644,0.481085847,157.2902556,1.747098193
43.72720207,42.17469395,17.6496888,37.56818502,0.719878059,183.5509235,3
25.1394006,25.0087341,33.60900224,13.30828445,0.549062722,104.1847692,2.736943146
46.26597703,26.15196512,14.71813339,48.88803966,0.746271067,121.8869437,3
26.05414611,43.82219032,40.10497428,21.4963041,0.273162588,164.874353,3
17.37681165,23.38088439,52.75470184,23.54613931,0.04881853,96.16791546,1.965087695
11.38229729,24.77766095,46.8819488,23.20302105,0.055970378,93.02695012,1.467347084
5.168529262,30.51371498,28.91457762,41.74066328,0.268725485,171.3607674,1.11046824
28.94708682,34.73960719,59.68968983,14.82307361,0.407667092,151.5462225,3
9.822051362,35.09543047,43.14674882,42.39611312,0.537505205,173.4847999,1.451832728
22.62774936,27.29940022,50.76242172,34.56764845,0.757661295,132.1545374,2.286300079
31.51722926,43.01534745,43.48486936,14.91260755,0.839609483,176.5683266,3
17.40586536,42.87749769,59.47081455,7.943339563,0.693680974,226.5076884,2.228287827
12.88509316,29.80170133,51.06798836,39.87466436,0.463208955,196.5630985,1.539614999
39.86247302,30.85729424,35.97116089,14.85333706,0.264487016,171.1043229,3
47.60560275,37.56242792,28.34397814,45.00800734,0.427802325,168.9043531,3
9.519818804,36.57489741,44.10774146,10.84033748,0.273396152,250.625832,1.593369637
12.0015646,29.55742537,39.51109044,32.73640542,0.624462614,150.1987176,1.478061761
48.20056958,30.35610629,41.46752955,36.14757772,0.81820686,137.6813318,3
6.700289982,28.70097359,27.15058831,34.59660866,0.518188744,111.4625641,1.096127863
48.99345514,25.88462517,31.43642103,19.22134165,0.045839475,188.2230542,3
5.209001739,31.45345907,37.90482874,44.39855854,0.939748628,196.7789248,0.720426208
44.3150895,37.1608533,51.9641701,39.64123925,0.294284012,68.40247502,3
18.82963314,38.54916763,48.14544589,27.95928537,0.914510339,117.830422,2.229225941
47.23649862,39.47184121,15.93279353,32.14818626,0.813068303,230.5621644,3
19.26253799,29.36830034,22.2777125,30.48670521,0.413125113,179.6043167,2.475857462
34.44378447,39.11589986,11.33288625,47.60143598,0.056703767,152.6660909,3
8.601465639,20.16290789,10.3980284,45.33859566,0.947703904,226.955518,0.954411257
15.90484152,31.92624844,21.21877346,15.59737783,0.659053667,127.8020608,2.112977865
39.81557059,39.84761,49.9660474,16.82419,0.249653983,186.8305018,3
28.79086342,35.75111802,55.23738291,49.16471325,0.533536203,133.4377707,3
46.75860778,31.8515781,29.58841829,15.64523159,0.635370509,121.1262202,3
24.29381338,36.11605017,38.15992983,47.9065696,0.226659327,237.8411099,3
44.14155646,42.67365008,45.3026301,34.23891673,0.0935405,88.63408808,3
25.20299469,34.15954502,57.64683496,7.254924757,0.267465546,223.2409682,2.948749847
49.06617254,39.99465479,55.64661186,20.10772398,0.047602668,218.233331,3
48.19254716,44.51856813,12.85961517,26.42693324,0.06998651,184.6672688,3
19.81115175,37.63920505,22.40829216,42.48918012,0.156585043,187.9901423,2.9333799
44.86656517,34.3331441,12.4572272,19.7863436,0.158406371,125.4938239,3
43.14251184,20.93714868,40.82712105,18.97602405,0.247951585,118.2428069,3
14.48061788,29.36194746,45.52466582,46.41184666,0.937429232,122.9187599,1.502832096
33.09306804,34.13606834,25.41417062,8.556545543,0.575820023,201.0761756,3
8.270704202,39.93016429,52.69259541,29.81845466,0.42250518,112.1478454,1.419897353
42.65198243,30.95261974,32.64063752,27.69076714,0.563799669,146.0221574,3
12.85456476,44.00145689,59.91907575,7.58006421,0.005711553,85.62640845,2.150125171
8.186661562,26.79484382,10.01998463,8.949164923,0.89474691,155.41111,1.164254316
23.0098593,38.61417988,15.47448542,22.18853448,0.532313141,156.5024792,3
30.96149624,30.47578543,25.08966215,11.03725487,0.451650665,91.28905504,3
43.47126314,32.14971236,11.2753799,26.5132357,0.941601939,166.7775365,3
48.84091365,40.06255085,49.11697289,32.39999984,0.730408084,138.9605191,3
24.77716307,27.40538154,12.63858939,36.1128508,0.33742084,82.70213378,3
7.720111534,22.42030141,47.44898166,29.59115297,0.936157481,154.5090204,0.576785977
38.71020106,33.00638962,12.62842294,22.08470072,0.851997625,172.8397608,3
30.43279653,33.2198653,22.63636323,10.8391382,0.954533729,138.5999582,3
25.15511052,39.92919431,52.06384078,16.13684367,0.096223937,132.8971526,3
18.91709955,44.20798016,57.55476471,23.87397547,0.955284889,161.2211488,2.312119201
27.60793375,21.38251716,30.72631713,46.58515175,0.542882839,150.5543402,2.894839356
20.2405822,34.79223684,58.49694822,14.11702615,0.67221508,80.26924509,2.262722426
39.06553405,37.03196326,41.34404619,23.60049039,0.2122389,138.2840739,3
29.47521634,44.64503377,30.79175612,37.95389858,0.14040149,167.7354079,3
44.45814984,43.56475536,50.1400672,36.73415084,0.079387498,132.8948055,3
29.45947616,37.81126912,24.76642601,48.45166675,0.422313092,154.3535276,3
15.7218086,33.04473528,23.28981307,13.59055835,0.22134947,238.3919088,2.330099171
43.2991347,24.03809806,42.82738385,5.743382522,0.081622909,112.6190275,3
30.07485702,29.60441388,29.5243681,19.50454674,0.955066196,142.0933536,3
14.30784672,34.62805813,16.79590135,11.73616756,0.733391343,116.2155555,2.050398591
33.05785145,38.13000991,13.34821176,29.68110736,0.517854508,149.3941682,3
21.09725442,35.88498894,49.39212881,45.44505749,0.743347483,168.8796588,2.440296711
42.99825255,37.85307005,43.79553659,35.97020748,0.611458172,214.6047491,3
25.39848824,30.72881261,30.58991123,11.11094854,0.178032594,199.6697778,3
37.68986111,38.19068226,54.81138176,10.2240511,0.633436444,122.4759954,3
9.299129344,23.5935314,30.54283762,46.0152416,0.681012269,155.0554971,1.07042947
22.82109558,24.06465779,45.51477357,26.94242975,0.237470839,159.3707409,2.510381663
49.24586464,24.07080365,55.45576376,46.56528464,0.320144647,147.9138403,3
41.38071303,42.27162393,52.03577294,38.1297972,0.38330066,212.7837295,3
12.19733611,21.90085158,35.55523882,49.70068073,0.60254664,188.7655398,1.292936289
17.49938223,40.03770932,44.03181962,44.20524842,0.126807982,134.5988332,2.580806346
19.8417114,25.83927245,30.68328884,23.63954865,0.743478124,114.8409196,2.166908271
34.26645022,31.71074851,42.35985861,39.12025224,0.346024271,147.3803124,3
39.06476418,42.89891489,22.87762192,26.20526753,0.69177262,167.3711903,3
38.7286974,34.64843074,31.73710569,15.48825319,0.932887393,77.80680679,3
27.94433253,25.25294216,20.47728688,15.84631664,0.869874647,157.0998115,2.9964878
41.4869242,27.10225151,11.90924763,22.8794965,0.737581129,137.7575245,3
24.66851372,43.0111656,39.42699253,10.01598017,0.193326984,132.4880146,3
10.57462544,30.67859813,53.22146727,12.99948282,0.732074369,106.3686025,1.181830624
30.39988287,34.67463708,11.27891373,27.52739077,0.635789406,105.2261727,3
47.85356231,31.49830492,19.80148704,47.92651148,0.772546823,145.8180564,3
40.68471431,29.4609522,33.00925296,30.99588539,0.868813921,138.5934651,3
31.04152915,25.58197817,43.29484084,23.38235371,0.311475114,135.718635,3
34.10625472,37.15478751,18.56145968,15.92151439,0.644304072,110.8843296,3
46.87529122,37.95605066,12.83474145,13.81555871,0.275138185,189.8922857,3
24.27542575,26.87212729,35.95243589,34.62831632,0.346284939,123.1599328,2.790613323
19.91273625,39.72527108,50.93548565,43.17463928,0.520644544,193.7997714,2.545772199
48.97587043,41.36338001,11.76174547,22.94851669,0.434163392,134.9070683,3
43.85494101,43.01687741,27.46847252,29.77965709,0.600630602,110.7641513,3
19.53696131,24.03031035,43.17573714,36.80270426,0.75876147,128.1181812,1.943568369
25.87012688,27.59809209,16.53710031,7.623300878,0.605020025,148.2494532,3
23.67851581,41.50883369,21.79733884,20.79036713,0.969800495,164.7454854,3
11.70930554,24.96350507,36.77463219,37.83888004,0.738120009,153.3045925,1.266241063
48.10186957,20.08671148,57.66158482,35.80785619,0.985011826,71.90993858,3
23.1940594,41.77068276,24.36713091,7.400647599,0.743440724,155.4984921,3
44.38980872,28.16123604,34.37637106,15.70183243,0.507918872,155.7610618,3
13.52103025,30.36243813,29.99654315,35.59807465,0.411005763,112.0484331,1.858715982
29.65418648,31.15835064,54.8698336,17.21372191,0.73566039,100.0141151,3
6.078262331,41.20686502,13.5944932,41.64846323,0.687124391,149.9660839,1.501881273
39.38992177,28.44730361,38.30737957,6.327718664,0.668764704,126.3509196,3
31.14112542,42.30699715,52.30598496,13.56561632,0.721783844,180.8191217,3
33.15153126,35.42347845,59.40587885,17.6590841,0.872172113,159.7918559,3
7.327439715,33.1821681,44.93627488,46.63804257,0.227760308,118.0223918,1.275573339
14.49672486,28.14036268,28.99677378,40.83435304,0.564894729,109.8164316,1.815269473
8.344889256,26.09279241,30.59121763,44.78652889,0.603301188,93.24019705,1.096685902
18.00114421,35.60146107,27.58411099,24.82156162,0.292856838,157.8557819,2.564560261
33.23475535,31.172354,40.18065499,42.01529411,0.987949615,128.9678023,3
30.47836929,42.76290025,46.97028854,43.40721073,0.785537916,114.6546363,3
32.54674197,32.2909679,50.97337818,22.99805707,0.321266103,123.9925975,3
29.71630721,32.79487292,30.82965548,49.75078315,0.358434356,212.6702082,3
17.28629581,30.41808203,45.83542511,43.30573831,0.718258149,143.7857255,1.925082323
16.00283738,39.73157492,55.8111296,48.83436359,0.011493421,139.9663496,2.360811562
11.16768576,30.62097995,56.04123972,43.99236989,0.464040338,131.9203825,1.345035342
43.20818937,26.73354999,45.20145014,39.92916381,0.343110972,191.691027,3
32.74157113,41.55077186,41.84510964,47.47297431,0.854002968,133.3263504,3
13.39299556,34.92070553,36.57630378,23.89186601,0.79129491,215.8412488,1.741912581
12.97442209,34.78775549,19.15988341,40.25000451,0.332096927,230.9779366,2.099386762
44.28660207,35.27055518,16.18148263,14.58010427,0.864796977,116.7213824,3
38.42288887,37.97099371,34.28555034,37.97572346,0.913600006,141.1963483,3
34.6729586,27.82669973,17.97220781,40.34089774,0.552458849,139.395423,3
23.30888484,20.84610927,38.84999628,37.24359844,0.159237003,182.4619426,2.557640329
16.78890039,40.26482902,42.28513652,43.24158794,0.770328083,131.075588,2.2130356
49.07528434,23.22262635,36.28077988,23.60009511,0.31934424,152.6717933,3
40.87578088,38.04549343,11.82133563,29.51456594,0.52728139,187.3894304,3
18.58006504,22.05788246,12.88639794,5.480033481,0.045588665,214.3780313,2.441610941
43.14041583,29.38269605,15.66705923,11.57239234,0.500090423,125.8530725,3
39.15193769,21.57565175,17.68229025,33.98872665,0.380264533,266.5089374,3
18.36862474,33.05534199,59.49413069,30.30427398,0.686065293,144.554671,2.000733254
24.19487844,36.32839432,27.22475084,13.87996311,0.04078368,128.920543,3
13.36790504,24.28582853,24.59866868,15.95591574,0.624945472,207.7295277,1.587858699
9.997359997,29.29069046,12.61333178,20.48369909,0.771956074,165.8946888,1.463980994
37.52429148,43.25598728,41.76601953,37.23866208,0.012778147,128.1217176,3
17.03803358,31.05972793,42.60953926,32.43724712,0.749963345,235.3168456,1.938050557
41.90267146,40.06358922,18.77243448,8.130706888,0.130204027,157.9440796,3
49.80239202,43.17961863,55.96207705,39.19726171,0.698056115,108.5014311,3
8.447891627,44.35864562,50.02467733,16.81968034,0.455276376,117.4801581,1.595525722
26.28658063,42.45805049,21.51596584,35.22918553,0.551991306,201.4130035,3
41.09281517,27.93513323,34.29248655,10.55132801,0.33734725,172.182901,3
40.50279034,44.06432215,32.91954281,49.90645745,0.245466406,131.4700149,3
39.19987212,40.30988104,27.42602222,8.615082681,0.071047358,117.3106796,3
20.70477209,40.92938959,50.88173564,38.37803128,0.864689987,133.2290081,2.493627845
25.42339651,20.3793246,15.46322428,29.35986617,0.610429216,228.2771521,2.76180362
31.77357608,43.85597158,30.76571199,8.867263608,0.982799159,165.1021209,3
48.82732626,39.4522556,31.40155653,6.20647059,0.8504519,124.4604773,3
19.73962719,39.19918741,33.43628023,21.31995729,0.869633267,169.6674261,2.511422864
46.54147495,22.03811827,53.06749955,41.10007694,0.597849681,175.1147582,3
17.12106132,25.81421353,20.90834351,6.851805813,0.080942704,132.8766894,2.323025129
49.50835095,44.05654163,15.14615868,36.69793985,0.913396262,126.0328372,3
35.16186591,32.51692687,40.89042314,34.49193243,0.117886234,191.6980896,3
25.85801662,29.94645046,18.69172375,16.94919545,0.517146009,142.9448887,3
32.60256926,40.99852043,13.74660429,8.487141608,0.856855738,114.1858424,3
17.26390261,22.18351035,31.33246103,46.18948822,0.472408014,284.2025172,1.916311988
17.33782359,30.42355041,20.98232154,18.51574112,0.165670354,120.2469444,2.455242313
10.10995447,29.39251936,28.06083094,10.01224543,0.373196849,165.7634186,1.523539359
10.1322634,28.74628468,22.98555401,35.66826853,0.98838736,167.4452493,1.247386609
20.64522837,27.69230609,14.63182314,14.7506553,0.999759186,125.9936707,2.341401882
39.32849651,25.25187392,38.01736015,26.403384,0.71083499,240.6977711,3
32.35870254,24.32277007,11.3509209,7.268249491,0.887992309,110.0665054,3
9.616305215,36.01015292,58.3187674,49.6842777,0.044206728,146.4015334,1.556677914
43.35064362,42.98487103,27.06652609,25.1429507,0.275971575,98.78988845,3
32.06154321,32.72129113,44.75787552,49.95994916,0.368959549,204.5011157,3
48.23850096,27.44936381,50.51814363,22.35536946,0.011997647,172.5957779,3
35.15834603,23.97900494,23.95523978,20.65336502,0.376961556,174.4389295,3
12.88286887,40.75358413,47.43693546,46.15575477,0.093031585,157.1618332,2.125854544
26.3202513,44.28730141,51.62104277,19.82596342,0.517409302,175.6457158,3
34.18239189,28.72888504,22.06586169,24.44024963,0.004419309,157.4453208,3
6.271911547,27.27376064,59.62473384,8.514969652,0.270449889,125.7230292,0.804844227
5.670961887,35.03732382,11.03443414,47.99580746,0.866283403,187.2953411,1.19152094
10.82313503,39.38322452,20.85002401,8.831805838,0.213058054,97.08063729,2.080058386
16.32489958,31.38507009,49.00103781,39.70332201,0.06484343,159.7282543,2.156226868
24.32971056,35.75182875,19.70655125,29.23769272,0.249730784,236.910734,3
26.93482132,37.9137267,44.91299317,7.763231482,0.827558706,263.672355,3
11.2112424,44.0148072,52.77652025,5.076672262,0.587187363,143.0188036,1.766925596
35.30262106,24.12593326,57.96071363,47.09991373,0.586074369,137.3310191,3
31.82621278,44.93456235,33.71237577,38.39780319,0.000574012,182.594827,3
18.25088445,29.80391638,58.55545615,35.88963096,0.472151214,106.5085874,1.996922156
5.614694755,38.08000357,30.58111483,24.73504388,0.26561804,163.3210363,1.39218276
8.494156191,34.31035945,20.90640198,15.7376204,0.336209012,120.9315325,1.615925741
22.6262649,32.16671543,35.69609265,35.59383836,0.598686638,138.3644573,2.678546092
11.9288458,37.45188422,42.49116222,32.37354809,0.874339775,277.9836524,1.579199211
21.95688228,29.89384626,32.8981658,37.68539877,0.181656906,131.4750453,2.772339659
33.2682172,23.15274953,38.3486222,21.46066333,0.768222024,145.5633371,3
29.62568425,32.22233458,30.82045939,49.41156922,0.048902177,125.0560151,3
15.40291474,33.04789677,36.2380977,8.015389494,0.326729166,148.1475676,2.116142473
20.47201211,25.04755383,57.6297836,8.586572767,0.21891269,221.3368552,2.196365491
32.63140393,43.39048391,34.99155763,46.25941314,0.915583984,149.4555698,3
43.73847626,25.68689117,22.65898164,34.14678957,0.177997906,153.5843489,3
38.89460474,30.23068985,47.93733108,19.68503307,0.578631918,153.2168269,3
29.90300121,23.87324217,26.87922289,39.2878741,0.164783166,145.3085888,3
21.30318492,33.39491615,50.81035854,25.37480245,0.473483715,135.9614914,2.498636921
21.42730749,27.6909402,12.84209945,5.950467896,0.413399901,202.618598,2.730641144
44.57377896,32.231813,26.60889886,34.29966512,0.041357192,142.7626665,3
6.765960922,25.61542291,14.71799541,15.94003717,0.825867594,151.454727,0.970329772
49.459219,21.3443782,14.26589121,10.19008025,0.780112715,152.6958347,3
34.89689349,39.48066628,42.91947796,15.13729321,0.277858372,157.8713031,3
35.65119646,36.0271571,29.26674007,26.42710465,0.613995137,105.776172,3
6.709902679,28.51848389,53.5739471,7.243539408,0.362669581,259.856581,0.904532136
32.24881737,21.18735562,35.82025689,44.74185741,0.769227143,109.2136338,3
26.8150127,41.63937657,24.76716106,30.19631075,0.692484456,209.7591391,3
9.76005081,24.24487512,46.0444444,18.18482811,0.090466981,170.0214296,1.278489651
17.50649048,43.26855546,41.20083958,35.91521816,0.844188165,174.1285516,2.358831752
45.06415053,31.96488446,49.97973104,41.19064236,0.179426105,117.0755496,3
29.74947871,28.50966775,42.17941382,32.62660826,0.174109702,77.62889854,3
23.60374588,38.54398692,18.35067085,14.11226069,0.733746875,202.3587358,3
8.270697013,41.92098515,43.51550188,9.962978907,0.183251061,158.2528216,1.697655323
37.13546873,29.26783909,29.57745988,43.69548637,0.122396954,138.0481322,3
36.62828705,30.1835938,33.15715151,15.56093361,0.335582827,107.4752055,3
32.63196231,30.82895548,56.07822879,5.90370938,0.838712481,97.79564569,3
27.96181908,43.05807654,27.99820231,33.93059487,0.176808758,117.3140225,3
24.5202981,37.31409979,40.59795715,11.87983984,0.339072993,147.3408096,3
31.69719918,26.19115293,28.17408667,49.59364189,0.286253951,128.7664892,3
15.50279533,24.62499244,14.73637427,44.13788743,0.356060865,80.67734709,2.045718439
47.35665789,25.75919159,32.6762671,32.38005767,0.714271794,213.6182012,3
31.49575381,26.58909723,39.85307522,42.52395392,0.405465581,215.3410415,3
19.00366,25.75458728,30.3751646,26.17410653,0.759576681,139.0582512,2.075312256
25.23559329,36.46266118,29.53330923,40.481881,0.640403138,168.3232186,3
41.2558155,22.89833777,51.01892569,34.09400986,0.361099182,131.1879445,3
12.27272273,29.68396224,11.48425861,6.289009159,0.432240782,108.2671764,1.885774704
18.17760301,35.62633932,24.77926984,47.69409504,0.703622712,104.5229232,2.405700891
35.57786102,27.27149935,50.58786327,43.74138102,0.534755413,135.6370418,3
19.19701429,21.63185962,56.02650743,47.90333258,0.868340161,191.7606279,1.646328261
40.66257568,22.04559807,30.61497929,37.91146706,0.933183418,241.9745907,3
10.87040692,23.14916941,54.43971216,23.54274147,0.717707326,105.5932015,0.955428888
39.32087767,40.89607562,19.94650611,14.31433505,0.98920712,224.3065401,3
8.075827168,36.44658764,21.07135339,13.09983564,0.596536787,103.7959658,1.513487044
5.56666757,21.61306028,52.30956883,11.52123118,0.03983079,133.9008551,0.734091016
45.42005835,29.77672198,55.16288707,14.92743392,0.504852056,180.3804102,3
31.16026476,26.96462932,21.1402884,29.7786206,0.230009279,119.7235373,3
20.83221037,34.45100279,12.9662095,35.76852785,0.33371318,118.5266217,2.935069111
15.46675866,33.07014874,14.51620685,19.13254525,0.490070052,92.24441931,2.258817063
32.75986025,32.02810058,23.06904177,29.69361363,0.295050804,216.5095709,3
27.90509826,27.86280926,48.07245386,20.35636968,0.309621639,178.1408794,3
49.6218999,23.4449943,35.49959139,36.34294882,0.402016336,131.5061005,3
49.2447194,38.55940957,32.77944211,49.48187991,0.286457348,141.3262166,3
33.57610548,41.99641922,39.20699656,36.00576358,0.169500995,147.8649172,3
24.92917277,43.60377273,54.51115567,7.656375958,0.765560263,182.299162,3
27.10134361,21.46547427,14.52151898,26.4755731,0.395211762,129.6979245,3
35.71155798,38.49771779,44.73620638,39.66743717,0.8317573,134.1845396,3
9.570854491,38.16258649,56.33954228,29.40087228,0.88271699,192.6219792,1.224417748
19.77584332,43.67774035,20.66750209,47.79783634,0.750963486,138.6852477,2.851352247
8.387250845,26.32286486,51.8886158,7.464725564,0.396673162,161.3377078,0.998931174
8.301234178,38.55447596,44.90123554,18.10199945,0.721322113,97.98660909,1.305599205
13.81276589,21.36565722,10.7234268,14.93231484,0.155220504,113.7355627,1.908620642
26.83639646,35.78114302,21.58058402,39.54299908,0.661115759,194.0801292,3
40.31484445,28.7711956,40.29223804,28.57068808,0.406032064,116.1789646,3
26.8473151,39.22273599,35.12001697,11.22548951,0.655644415,112.2100277,3
20.09644748,41.58260716,36.39681263,17.85169686,0.754790592,142.5841864,2.654368231
8.705884565,29.12052606,21.59652123,28.51966953,0.562686488,154.9486673,1.343964202
29.76329854,33.13965232,43.75017354,49.82580416,0.642478593,225.7653128,3
17.20708639,22.93510156,23.32091855,21.39315608,0.213527931,104.4964646,2.145238873
32.67203801,30.42267413,29.47174832,12.05717438,0.592699555,208.0906412,3
48.97344826,29.02000983,28.44579579,27.36799366,0.460474289,206.9152882,3
10.00914447,24.57808649,43.60125111,18.95838698,0.42805286,226.4257329,1.170145056
14.54564294,42.36196562,14.51263808,30.46850707,0.410315754,154.8688514,2.516345557
26.28925421,23.70219595,20.27709505,26.00196363,0.310924028,166.9980852,3
48.58762169,35.89348394,20.02485353,36.02704648,0.305334662,172.2781998,3
39.73143993,42.25356609,15.42123371,46.1430819,0.699706428,142.6563891,3
45.42031369,42.7992145,20.37974894,14.02314578,0.557799756,203.093917,3
20.01716818,39.8309925,40.3530134,41.95310317,0.029952107,102.6207951,2.91091038
49.64173132,24.40352835,46.60840854,47.7169572,0.04852523,108.5431864,3
9.627476723,40.43578523,43.01517235,21.81243567,0.570119001,107.7758321,1.595395956
7.383780772,26.91412031,33.7594069,10.11482153,0.846283479,200.0865506,0.874779612
43.50211822,43.05995069,12.62172855,41.98600269,0.043977811,98.43084065,3
46.72691916,37.72716704,57.95035053,36.54931142,0.507206934,106.8540301,3
9.07634109,39.63168903,18.40382304,14.57204922,0.851135376,128.4810207,1.619084492
10.1042342,22.12581134,43.42106852,25.03506169,0.004447978,230.6334081,1.311515791
6.492837099,34.56912784,55.64453077,31.00964929,0.275793908,157.0138916,1.10724571
9.702840319,40.52855317,44.8888548,12.6434339,0.919920218,179.5667954,1.412387147
14.42389176,41.53975882,20.90248201,37.1710772,0.081469623,187.2110391,2.577288171
48.65344785,20.71579262,25.78981494,36.04472336,0.606996477,127.017655,3
35.05371,43.47898081,11.51029335,44.92069756,0.507381667,102.6869623,3
40.03488615,21.08346833,40.63791204,30.5272834,0.151679363,108.022614,3
39.92627317,35.36296699,40.64964904,30.84408638,0.04248701,139.4529613,3
29.07831874,37.33468819,46.27502907,32.87243102,0.502587102,180.6443345,3
40.887004,22.68363228,10.54981446,17.32024676,0.735130189,154.1330861,3
31.81133896,21.20029664,50.89206444,39.13726331,0.177242777,202.9614798,3
19.15457439,39.62280386,46.93554787,34.81246676,0.691319829,100.179651,2.421202175
30.24995489,29.61676562,17.04433048,42.76155315,0.546383312,147.6746173,3
29.00788638,22.67781288,27.38133046,39.58637022,0.357846426,96.46039891,3
42.05538742,39.06669541,41.92624465,33.73575037,0.664430496,142.3436158,3
49.17772478,41.22907675,34.78984375,12.24014679,0.191976778,186.9908974,3
23.49691544,34.68465477,15.7547132,46.36162954,0.456931321,164.2339266,3
39.35258053,24.03092021,14.36726876,21.52454816,0.549304982,175.0734211,3
9.489335182,20.38056179,49.07281496,48.39343558,0.45869554,109.4542723,0.908209658
39.95741163,37.52006203,17.7983559,23.08418609,0.397501377,135.0002339,3
21.71376104,33.75349187,18.6046337,11.56722317,0.74091364,117.436342,2.739989343
6.77255733,36.26992854,51.54615627,44.81778864,0.656100967,168.7609671,1.042741305
21.34607804,40.32961675,40.60698173,40.77764331,0.639462085,158.9756494,2.753127502
32.47892379,30.85569442,40.23578041,40.38332253,0.891800645,200.0505628,3
10.36625755,23.11288672,33.96728857,9.023483783,0.993500657,190.7954405,0.970632098
46.58155216,43.49958213,38.44975072,44.56759249,0.567204533,180.5575279,3
8.495258597,33.63155318,40.08848452,31.83802867,0.348267878,103.1016734,1.395558848
46.85030239,35.38235298,58.39131174,26.16600813,0.778875349,162.4428836,3
36.82118831,43.33528574,21.14866537,46.09272296,0.142099063,195.7889789,3
19.83704789,43.28959141,20.72812099,34.97186086,0.512909171,134.9538278,2.962955374
22.58376565,34.30236517,12.86092439,10.98638707,0.524508482,223.8248139,3
38.33642141,27.44028562,42.90993994,28.37917292,0.983467868,178.0221657,3
32.06619954,44.92784085,37.45210904,33.6477465,0.991006815,191.433418,3
35.22393147,37.02042725,15.56196019,45.4347814,0.799214138,119.2775859,3
22.51240774,30.21091692,28.22694676,17.59523458,0.473015688,121.002296,2.739494027
26.95160668,33.99592007,18.93316027,40.74052485,0.54722579,126.8030789,3
49.54403678,30.39585126,26.57408702,40.99158067,0.319741632,226.5600162,3
14.62652917,42.20762881,57.56320847,10.76222682,0.829845704,190.5423434,1.879018941
23.80352839,32.06248437,44.16594194,5.775493224,0.746546194,156.2501273,2.634169802
18.13204344,40.5882094,10.37845504,31.16343632,0.771425288,214.8196835,2.676647463
39.43001797,41.00440745,22.62540369,40.52654988,0.138676338,228.0559782,3
39.38056815,40.60830844,10.51807735,29.94938709,0.398633971,206.1642828,3
18.16004574,38.05471531,45.74342494,41.60063683,0.53735169,118.8400481,2.35838499
8.662564248,41.37194292,33.4710901,33.00364132,0.124657969,201.9768007,1.848281303
5.51447045,29.68073949,59.70093459,34.39815628,0.368623026,140.8803687,0.759484169
24.235274,22.86658015,46.67916305,6.266949159,0.087432522,128.9204439,2.675238846
23.46519175,41.06135511,35.89564714,8.986919131,0.958841227,134.3903754,2.876853926
49.47754454,32.45421039,50.23527141,37.6263328,0.75126333,200.9912424,3
26.14109341,23.18440081,45.24018256,39.32794771,0.620748121,154.7740948,2.624146815
16.53882663,22.88281305,22.18880888,29.39800901,0.204856434,185.6131213,2.092326793
45.10532485,23.98105985,36.51291374,31.55743074,0.334127437,148.712357,3
27.09805773,38.77433149,37.79993624,32.64646279,0.144484902,215.7880256,3
31.96290358,37.77141684,32.56158493,9.724609348,0.536119627,169.8868318,3
9.305091969,25.095467,18.95963114,35.05588719,0.82051599,98.64076026,1.167170457
22.23123833,41.17308545,21.16845258,26.53114895,0.019036522,174.321134,3
47.49006535,27.03236989,24.05237005,32.11353395,0.10330867,118.7087735,3
31.52774229,39.82463958,10.51275747,30.3413823,0.229349774,220.6778579,3
20.50258348,32.22014769,55.84719461,39.33501118,0.714066743,190.7209606,2.208757954
33.15502313,38.28871706,44.30479958,19.33557187,0.893979839,100.7648967,3
45.96849903,29.53469158,44.48086579,21.80868103,0.753012337,115.3267955,3
17.32957702,28.67851493,38.61653069,22.62228379,0.52494755,114.7017465,2.040269118
27.73025233,41.03398997,44.46554041,39.31052446,0.105112364,201.7782836,3
48.14107943,20.88255636,59.09312749,24.40006798,0.754914374,158.5941693,3
12.75782645,44.36842368,29.25801688,12.96836473,0.10563974,124.0972841,2.409330062
37.38487665,36.20448896,45.62627934,49.23684367,0.347689855,102.9202436,3
32.65164537,30.8120847,27.97645022,27.20218388,0.307991511,147.8916713,3
35.5853809,35.70136328,52.71443994,9.916163742,0.359223463,157.5683655,3
20.80488338,23.06852366,52.90143034,35.16237302,0.329529043,82.14341925,2.155660302
19.12457181,32.85131138,55.11332127,38.26230609,0.769179717,179.8446516,2.071777822
35.78943518,44.62738808,10.27316621,27.51002775,0.171723734,106.1496354,3
14.69944783,25.88173595,24.90957225,34.09057482,0.84584605,259.1704696,1.660650567
23.88446352,38.05695248,16.69621756,12.7703689,0.858260247,168.6918983,3
13.46785907,30.8742844,32.69930989,21.55650734,0.490925823,171.6583702,1.80347271
5.373717851,36.31145371,34.77248213,12.28228715,0.106148748,92.50288754,1.34695438
48.6525812,25.12218072,22.79520214,22.42558654,0.575407239,136.2705764,3
24.42663404,31.76162457,46.1723246,30.3260235,0.820931372,170.3304651,2.629195291
48.62073265,44.50231785,23.48848586,24.91427332,0.289473519,76.5788708,3
11.31455839,24.88217878,52.69456876,31.69466783,0.837747424,88.83131674,1.015042398
31.43150508,35.9111257,18.88296841,27.5791628,0.676918853,198.2394482,3
14.04383148,34.38994372,28.36176474,19.3016468,0.987246441,154.3972097,1.773473737
40.55333571,34.12628966,41.11188792,11.45371992,0.824711363,130.4255023,3
40.26663449,35.37808224,40.26675352,16.37027876,0.201500464,95.76882321,3
10.06732171,32.55594934,13.9014556,14.03209634,0.44900406,137.5125127,1.728413896
46.04290038,20.42326876,52.31293061,36.83400322,0.103508465,142.26441,3
13.75833412,42.50242029,39.90324667,41.898508,0.069670567,175.3633639,2.358713005
32.58398037,40.67447069,53.49297744,37.41748724,0.706054241,175.1513001,3
49.3535129,24.35419202,53.38177891,33.96803661,0.912931805,246.7560583,3
44.70784406,30.33182943,37.29593452,18.85331092,0.973575517,191.5343881,3
48.04537679,39.26372452,55.53907287,36.99435016,0.270466354,181.9328809,3
20.4169447,44.50155788,52.42038994,32.2287557,0.201771342,123.063484,2.899990163
9.7509039,43.77842616,57.90614723,7.110201501,0.560219887,118.8301295,1.575199846
13.4756093,42.48397999,52.52491993,45.84254533,0.200860073,118.4993765,2.13801436
27.52227028,23.95934743,51.06019255,8.59792285,0.29590709,191.2946215,2.892316472
40.69533552,42.86187765,33.46802403,27.62185569,0.83722633,116.4806574,3
11.75691399,41.96112282,20.60155302,28.08811187,0.810462856,86.68695375,1.963148535
34.68791895,29.42374778,55.53543665,42.66532349,0.895073275,209.0411147,3
19.56099218,29.86306486,46.12745932,46.08803755,0.482243515,254.3986632,2.249138363
20.35409326,31.49772305,24.08739321,47.28541062,0.564085734,149.9055313,2.562416628
34.78629786,36.40439077,27.04978614,30.63524601,0.770589508,133.3116443,3
26.01497388,26.5208904,44.30392559,35.55690036,0.239265533,153.6797229,2.922855045
41.54149819,20.57371074,33.89086542,8.983393809,0.823093591,77.04345871,3
12.01633293,23.53073811,14.07412809,26.95622049,0.01755748,207.1664845,1.83647121
40.54767214,31.00289769,17.07239729,45.40355169,0.797659889,204.8216405,3
7.890586163,27.05006424,47.28243418,25.5063718,0.775907948,110.7899504,0.829949108
13.73242461,39.11291403,26.42847642,8.131727095,0.30177995,136.3817462,2.261831523
34.52673715,22.66725176,35.38247142,14.02885141,0.727912358,131.5073323,3
43.47165454,42.93663064,48.33107391,24.32781151,0.213993614,193.8423799,3
16.37058325,42.3831795,47.55877969,15.68877372,0.576232638,146.15776,2.286126859
19.72362226,42.71892042,18.35075134,22.65316634,0.700586775,178.2138039,2.862525339
29.17043367,38.49024997,14.91969322,19.98328439,0.714698882,147.3013251,3
14.52077629,22.67499929,39.55761465,19.35180738,0.982935135,237.8984993,1.320867225
41.50203177,30.95343928,47.0816437,9.102407439,0.182005662,161.7178407,3
39.81364903,23.2851343,17.4519961,44.7221611,0.480798629,147.2616676,3
11.53812704,44.69247982,28.59776437,36.17178141,0.880104544,107.1401896,1.917532115
25.87233793,28.32596058,53.5138998,33.05218588,0.561512606,107.4442446,2.715537178
39.8672495,34.63326355,57.21115708,32.29112336,0.876389025,143.788813,3
20.1798289,39.48482636,32.70348805,22.84260011,0.434058777,121.1697282,2.790079499
33.48980702,43.01540211,13.9757967,42.0491889,0.795351421,92.45077198,3
7.259590466,38.88869315,22.88482281,46.85179973,0.870049299,207.1600031,1.35837594
32.39099422,36.86259447,21.64849602,5.252776205,0.84643937,74.01855593,3
11.8693841,31.64954455,21.94818603,8.563931458,0.871365045,229.9052327,1.586758846
42.37624963,35.13500334,34.69408527,35.37390278,0.219554697,146.2403369,3
20.99522586,22.35409522,39.16128258,15.62300252,0.438984131,115.3965419,2.233554202
17.66992382,42.09806355,16.12547943,46.02672494,0.174571871,237.720076,2.921720437
42.84000395,33.59443272,54.46780033,35.03358793,0.180541177,108.3119378,3
7.256481038,21.00337626,40.99869116,21.57310648,0.487827308,175.9989152,0.77186008
22.84739597,42.99755314,39.86258651,23.68770813,0.960087755,136.9543251,2.839321626
21.65015933,32.23254935,59.36394992,36.08971274,0.591911306,152.7123333,2.349839092
17.81601684,41.71472854,41.40719887,11.34338462,0.853845097,171.9840442,2.331098098
46.02894494,41.42219886,56.44795747,44.75353461,0.937183995,103.445239,3
38.79177771,40.39378969,24.31284862,5.214726429,0.086575359,167.1511956,3
7.876542389,21.53507548,22.00647452,49.0526129,0.16206399,161.2706701,1.204393348
37.16093522,26.17666614,35.82593434,12.54404662,0.29084178,151.1212748,3
28.72846099,41.88869681,35.43044738,38.39501114,0.616777068,159.6880484,3
45.53905525,42.4747764,21.32418247,6.796611817,0.061729218,182.9674954,3
19.08255278,31.45172156,44.98278284,24.41430046,0.78665451,172.6903424,2.113490913
30.83728998,31.00103669,11.48169096,33.3641157,0.063788717,103.6939517,3
27.53398736,24.37851585,44.53152363,8.160235592,0.158431808,85.2341009,3
27.03024078,44.21026972,32.85889431,24.9482088,0.381707864,110.2869925,3
25.52474298,25.32846188,44.45037554,18.64113814,0.557719857,190.5424489,2.673392677
14.2533264,24.77341961,33.85403153,27.42096254,0.881504674,211.4641584,1.471820641
39.00694651,36.51822425,58.86668914,27.70594412,0.963729779,109.2224546,3
25.31012147,26.07110758,26.73424756,40.33542226,0.884642124,172.0550019,2.690385529
48.13323238,43.46929028,59.12864685,10.55770378,0.107044658,213.2275999,3
16.73637922,20.27267488,13.24869712,8.722382047,0.631229485,115.8373793,1.901292038
35.72347278,20.14383156,44.18803874,23.0850605,0.441714572,157.5419955,3
47.33226858,32.62192004,32.71096034,44.93839637,0.125792218,217.7039828,3
34.85562454,32.2015615,51.10688128,43.48712839,0.555112371,181.2341198,3
44.20728084,24.08410055,49.48080349,30.19968092,0.356658306,166.2133154,3
42.23664319,32.36298907,50.01050914,44.99482185,0.345787839,125.7672706,3
21.2052972,30.29152763,14.73692997,41.24046189,0.094445119,182.0804303,2.935655448
32.0055773,42.25823813,51.11828499,17.5072757,0.978852966,183.3839873,3
12.03176029,20.23134801,20.70200787,12.65478262,0.7259599,154.2769358,1.307554267
29.09866472,44.40674513,11.28401319,18.55204254,0.280334211,129.6553338,3
15.36898873,35.60981911,20.88693598,15.22030453,0.917475157,80.06693929,2.056285905
38.46815667,23.79608614,33.96425523,33.02234567,0.948087196,168.7122391,3
28.76262899,21.16900035,47.105568,31.32046007,0.810374843,105.6615668,2.705653142
23.50523132,33.45264146,20.93162404,31.92968226,0.659315164,108.1954964,2.926637358
17.09586933,25.87225415,15.6503774,13.51865914,0.37637662,157.8777258,2.22730332
49.94143168,27.52913843,42.29836275,40.63382264,0.434346508,183.8325614,3
8.22697344,26.12830412,59.19490182,24.51317376,0.455011253,134.025838,0.87418617
6.960230626,36.25430784,40.0435151,26.26033642,0.948762655,161.0217288,1.029683512
14.77658302,33.83822405,44.55286821,49.86328308,0.760134605,193.1474904,1.78000312
48.69826064,21.94936059,38.05837219,17.70223037,0.292014303,186.9771442,3
49.06571757,33.16316333,49.11742221,22.73621018,0.624640587,178.5856136,3
34.47174806,39.77974414,58.79022101,35.44084436,0.593900537,166.398984,3
44.60480002,22.02986477,37.20646147,44.61858591,0.812126999,107.7324716,3
14.62827789,42.24347441,30.83952559,10.7051453,0.095308396,128.8939114,2.514894148
48.74189424,34.45766624,53.01715306,38.07706129,0.701271592,83.68896528,3
11.42531826,43.76561173,58.48641719,46.32262367,0.33116984,139.4044448,1.850936458
9.550633468,23.70353044,16.45908204,24.0316076,0.129632041,159.2631981,1.515774187
10.04951927,44.83912498,38.90854827,17.90271153,0.731773331,97.14180746,1.744617278
30.79075655,36.10682165,49.62299963,35.4981716,0.331646024,106.68856,3
40.14384803,34.18735499,36.66697026,16.07331431,0.730123744,95.353704,3
21.500023,32.8819906,30.45984841,22.29303859,0.16243695,161.8369964,2.860251695
49.00531945,20.59135933,42.76149106,45.36110183,0.985927824,118.6002256,3
24.54890622,43.49097979,23.50640473,31.56496487,0.803408016,106.8481207,3
11.77018478,36.09986182,27.45668715,9.273976997,0.289151786,160.5759866,1.961204441
25.96850367,22.29066211,59.61383294,19.83638892,0.740524254,153.631875,2.373471981
35.55667244,20.52380426,41.82326672,33.22693243,0.135799876,109.0806452,3
42.45016012,21.26959098,53.64636492,26.66739367,0.653437452,176.8357849,3
25.64457305,35.23489409,50.38842565,34.71526925,0.059636865,111.4119423,3
31.71230717,35.35038537,42.61362772,39.2648638,0.33338746,228.4593844,3
17.03051205,32.49168229,52.03645412,26.62768041,0.978462545,129.882373,1.776511467
34.06624369,27.66914552,24.35792477,49.41282588,0.120920374,233.8493941,3
49.36873748,33.29356829,41.85582244,46.16032441,0.597424032,156.2759525,3
7.207410766,32.90754552,39.53017448,7.695833273,0.070605386,206.8916305,1.387054823
44.89388018,20.485389,41.12098004,16.9894012,0.669401212,190.5666849,3
30.30271262,27.06173076,18.43159636,18.52445805,0.278662153,105.570719,3
16.34443968,21.32963354,23.862152,13.29306605,0.309975601,178.7491235,1.951822432
47.97003695,42.50386879,24.33291594,19.04074264,0.337802535,140.6880857,3
26.75094364,38.13057907,40.09730813,24.11692848,0.205156815,97.12975548,3
19.92606133,44.90287925,58.62734402,7.319794055,0.941657385,218.3378727,2.432266642
13.16739327,27.55428158,57.70337756,10.72851063,0.905831842,159.4777496,1.205265683
16.00034946,41.96214619,21.35947765,9.331064546,0.87001523,73.02859674,2.350170761
42.47820687,35.0763567,25.24226215,7.084262262,0.106445547,140.4506851,3
32.64845042,31.32813517,11.80309461,26.66736591,0.233444839,203.6675119,3
46.09605288,25.56432778,29.94077949,20.02113875,0.612225859,114.7996424,3
15.43858035,38.45980413,51.73370608,47.09512533,0.970371001,240.0122413,1.823328944
10.45123582,42.60351872,55.78758695,9.624224095,0.604817382,216.5415113,1.604956312
5.273938894,25.88270995,21.82482398,46.67159011,0.327101762,146.8861784,1.008351767
27.85379169,24.38475837,23.28972367,8.894552783,0.817404111,127.0942828,2.956605156
49.92381187,37.40554788,21.04249083,32.8647806,0.13543055,104.2215036,3
36.2734371,44.42432907,27.50517838,16.14786518,0.881741883,178.8987574,3
18.87775664,38.74887753,50.23796993,42.20625409,0.97467679,120.7351922,2.18968682
44.45863624,27.11451848,42.34287349,7.766367217,0.967652654,200.2691046,3
40.17750197,30.4988856,49.29704589,47.86286701,0.147696563,130.9290432,3
5.693682473,29.60794089,39.15155532,7.126574015,0.549607507,113.565146,0.889980304
41.75872162,41.30237545,22.8866539,15.85009707,0.58491903,112.6758004,3
18.52370408,39.28426947,21.39970901,25.88831267,0.19491859,131.3635374,2.850389671
11.73530591,34.72438587,10.45003529,39.0226049,0.546777347,162.6646219,1.953121093
15.18488779,26.87397776,49.04910684,47.80007229,0.646537574,128.1045427,1.600528182
26.0860912,43.44971319,52.35606131,24.26190941,0.328961745,112.8185327,3
24.11905672,36.33288062,48.41412998,39.07895422,0.315680767,150.9530594,2.981020009
17.99992847,44.26191616,13.72010289,37.72231495,0.0602385,189.7438808,3
12.7498245,34.50292583,48.11108136,30.70260029,0.95682556,211.4661683,1.465556384
39.30038553,40.52981896,12.28837266,36.09136292,0.803615928,177.3010174,3
49.55494027,40.32763448,15.27965329,6.713000738,0.759449131,212.3890501,3
40.00062112,28.43321942,32.02376865,24.87098304,0.02177892,77.42160311,3
18.31716355,44.10051807,33.80735045,40.36373123,0.624309105,131.5417128,2.651505567
16.01640326,20.54853669,50.80593183,26.33995153,0.180628535,175.4019204,1.688217963
14.79496442,39.21777272,43.9763446,44.30770629,0.661717531,126.9746552,2.016133321
11.15127835,44.13892714,17.66600893,42.51370445,0.621155491,85.14979703,2.099187572
29.80987474,28.47270508,21.30733916,43.85507136,0.851925358,150.0244947,3
32.24301674,36.20276469,24.28375941,10.84985085,0.255434095,215.0814035,3
36.74761973,34.05558125,16.18363187,15.98635061,0.027461779,149.2178682,3
35.60960169,39.03768274,24.38224432,6.331877295,0.914110879,147.8693579,3
18.15499901,41.65444804,46.42990778,49.22603271,0.908636028,250.6924155,2.28536441
19.86399524,35.07611423,22.07007351,15.62621627,0.455859541,237.0347086,2.706972826
35.66815409,40.39761466,51.76798235,21.51920005,0.078088059,145.4724048,3
20.72514384,27.8071394,33.47584976,17.37169013,0.497968989,198.4300551,2.415676038
14.56804353,25.71467647,26.14678806,6.790713028,0.524014221,185.162275,1.790485245
21.84512692,30.76669224,30.62090523,16.75661043,0.821725472,160.8471248,2.492997311
17.24378709,36.94341499,45.47483703,9.418804979,0.717101444,81.92553984,2.142526783
8.974072455,24.68117372,35.83963516,22.74273889,0.070804576,231.5079743,1.326314397
42.3562506,37.0088048,10.3639332,48.50708533,0.705337611,179.5831324,3
43.39001251,29.85234121,56.11619233,36.42180674,0.135739469,218.5476108,3
14.88876351,39.88938185,13.29980015,36.81053554,0.089472027,202.1294811,2.640788397
7.914748979,20.92089543,56.93106744,25.392917,0.398607131,145.4799758,0.720223839
38.24723468,36.69956595,11.40764118,41.50868048,0.077363607,121.2524466,3
14.51878816,36.24555842,48.54896675,45.87278751,0.829268994,210.9606619,1.759939933
22.70459702,43.5233869,36.73373541,48.26975027,0.463129185,108.4167505,3
7.886086351,37.83418884,35.28630903,9.454560024,0.587003756,216.0278684,1.403383295
15.18213131,39.90754741,13.63892513,44.58398039,0.576864524,165.4244286,2.423643199
40.68060252,42.6147754,21.93725052,15.12872976,0.978109786,104.0099363,3
41.19784011,36.87629796,48.87736585,22.87701059,0.915782507,87.45259798,3
14.31881712,27.25384087,54.5629915,20.54647376,0.849128059,122.5120442,1.37014913
20.11612303,41.74434499,36.45593405,35.3808518,0.383269227,158.3543702,2.846896515
11.04072886,38.68945299,27.66716982,31.90660431,0.145099701,140.6200253,2.04449977
8.337768363,30.6109401,12.9971604,9.909719365,0.591867003,236.2219639,1.428236401
49.64772715,37.76322932,44.1089263,40.22701833,0.440316075,120.5557843,3
34.50172781,41.69222193,23.92233053,24.78404308,0.225526652,206.6764173,3
29.39434291,44.39130328,12.75068575,5.09998295,0.097692115,163.7199999,3
39.44743252,43.8087876,43.29258645,23.65264701,0.436093297,244.1078077,3
42.80347219,28.13319567,34.28598968,28.23492091,0.65086772,206.80249,3
41.30216456,30.54234284,10.59810749,8.099360834,0.625389814,135.3100291,3
5.744275218,22.73841512,15.54620196,11.80108667,0.77392144,197.8635669,0.789951953
13.40635542,26.18860718,44.96009646,49.71074772,0.466554627,154.9024216,1.530710836
34.4707386,42.06053021,13.18356665,44.20379309,0.321639575,225.8763821,3
21.90917065,29.02124816,53.29815324,10.99973387,0.538700417,89.13938647,2.355960263
49.2117193,35.51381646,25.56631387,31.11392299,0.97500606,134.2642842,3
34.94321567,36.64914046,14.43332352,22.06594837,0.045090538,158.0424811,3
48.04470089,39.54573188,47.98786891,29.46831839,0.528665803,132.7127519,3
14.06509167,24.57000076,36.22136172,26.17408371,0.329264502,227.7935918,1.698663324
43.87806627,27.62032837,25.33200162,7.166701626,0.105350239,126.3084678,3
19.46085376,31.20840854,30.30491708,19.19391399,0.434670566,153.1508551,2.465981207
49.53041637,29.12102653,11.07061978,10.64842619,0.64116413,201.888424,3
12.09599024,44.57263082,43.13492688,27.00356415,0.528165567,123.2980529,1.999921333
28.23529185,40.87352008,28.28868445,45.8292524,0.02917647,88.45078989,3
40.67800402,31.99216887,45.70187849,49.79897477,0.579117464,178.8316557,3
24.46891163,41.98171565,41.4085573,47.49138808,0.232002584,200.0708656,3
26.06378271,28.69132369,42.5627093,49.35637062,0.341476555,155.2256911,2.966390357
49.3860108,39.6457081,49.64463555,5.68608421,0.312204743,109.4566845,3
24.13886676,25.59188995,41.55790392,37.82511403,0.858513308,171.2424133,2.422113982
32.18324453,39.30805113,30.93629646,17.28269646,0.047573018,267.8160405,3
7.45428473,31.41133508,29.49637809,43.95280902,0.347996752,236.4996903,1.323510819
42.89945361,22.68748302,15.97910534,41.61800708,0.394816337,144.9968073,3
34.1675622,26.83156136,48.97217066,24.06535591,0.618834263,186.2036131,3
23.18090463,30.0568656,48.05542209,26.29673038,0.788964848,184.0418583,2.444949338
5.727629298,38.73232279,22.31491835,16.9291251,0.727665138,175.9293828,1.276858604
31.62509693,21.82456787,53.13409563,17.99618163,0.752622103,208.3207111,2.98234328
5.569602282,36.48867488,39.45016289,49.15284905,0.192387016,142.942404,1.282554254
5.054162626,37.90034102,33.93434212,44.99837999,0.911737274,233.5508682,0.973548905
32.7244353,36.34803425,10.87481508,13.63410375,0.414148679,144.4310813,3
13.50576803,39.01674095,29.13705929,17.3986105,0.011109031,236.8464171,2.354209726
13.63493974,24.4542154,42.03353841,9.889159688,0.668096182,210.5740421,1.424251012
34.39722046,34.67758388,14.48739188,49.49918523,0.604002799,229.5666962,3
7.416373457,43.52862368,32.97836544,45.82444327,0.125957635,129.2112876,1.799828996
19.10325027,35.26960675,59.67179757,29.84440941,0.959867605,87.11738685,2.009326806
11.7244356,35.28340867,45.82693186,36.18018968,0.561564431,251.8705298,1.609505648
31.10793664,38.41099105,37.34354438,38.65761228,0.469263986,242.7736106,3
34.77943196,28.3301058,36.65164425,14.17150524,0.398122222,164.1331454,3
37.45111341,37.51189753,12.18825411,47.05998518,0.209851378,124.4173633,3
16.48540476,42.90584583,57.86572187,28.70342212,0.952812809,148.8310203,2.023671714
9.016238824,20.27238683,56.40888301,9.160319188,0.702158639,158.8715467,0.66220196
8.540764562,41.75282603,44.12023553,22.86871735,0.567603749,227.7862457,1.520833094
24.17681968,25.46545828,14.95058248,32.07409503,0.631200202,233.8320044,2.801424652
47.56299841,31.39808184,20.39169484,20.87704362,0.840420458,196.0040771,3
14.79780654,41.30869502,19.19547679,36.46419925,0.635720281,94.65441336,2.346922246
16.55337206,40.59780319,35.97892426,44.69224912,0.114590729,110.6342249,2.591512705
9.539996095,42.29818695,20.39019373,39.7351456,0.697295159,124.7764812,1.811389658
32.25066233,43.51041982,44.79002808,33.9196109,0.564869376,98.81666965,3
35.59427933,31.17892392,37.2614943,28.04708666,0.966344108,98.56481685,3
33.93190437,36.40909527,10.88290885,16.45085686,0.733719215,103.1433702,3
43.75086094,29.76196101,47.20286185,25.47257742,0.344002916,74.80212018,3
26.88916258,28.76791794,19.44143683,18.18288082,0.135397851,156.9884108,3
11.05056683,30.78988526,51.24425598,47.03105215,0.482280592,100.6682854,1.377803336
18.02323088,38.57690337,27.75227186,45.82900206,0.679354281,246.2436832,2.471020008
34.8093488,32.53601868,26.930984,12.01218725,0.177275518,230.5108838,3
32.59048882,40.35149186,10.59086679,42.01790995,0.649444274,128.6038715,3
28.89514084,38.63046193,59.38644915,36.63116135,0.825611758,145.0956989,3
35.73339884,20.51196153,40.60021696,48.88452743,0.157050178,148.6476094,3
33.68258827,35.75595393,31.13650831,25.84879559,0.705785704,99.50652328,3
44.65962003,30.91427808,14.83107022,37.49784671,0.068257634,123.640252,3
31.37073699,31.41572473,44.95740321,28.30477641,0.007950083,114.1737291,3
40.03706114,40.45932635,24.1365235,8.123022351,0.032634686,173.3579524,3
16.19182202,33.69019965,59.41404092,7.104413738,0.631504578,205.7991803,1.832296159
35.51821631,42.14054559,57.52736796,10.49501493,0.973362053,171.1809692,3
45.59873533,37.82013981,46.76483394,18.32859787,0.771372252,106.6615899,3
22.35795476,33.82100022,58.55359651,16.66008976,0.25440926,136.7744929,2.650421554
40.05968843,38.8634494,15.28169312,37.77470009,0.071688687,148.7015064,3
37.61551855,20.95872627,23.99576803,37.21652307,0.616654129,133.6520374,3
7.678678859,20.67709137,22.66216444,48.71275609,0.003228885,91.28170579,1.228868178
31.16787393,22.08373317,13.60063292,18.96758714,0.792585624,129.9786924,3
10.85852071,30.93913313,58.6113299,47.23034377,0.243120526,185.3984943,1.409482947
48.52936275,25.88625364,12.99870433,32.57827716,0.299217076,126.0766535,3
41.51333762,44.60653236,52.8344452,27.28889199,0.343978987,132.1627398,3
9.937571056,33.55725348,48.40807123,35.052862,0.763552942,109.084849,1.246475038
10.47883989,36.56039365,28.79335437,36.62399532,0.265741872,119.864791,1.845759298
31.75132347,26.97050341,10.94036813,12.7368063,0.284470894,114.4055459,3
20.52001284,28.04492271,10.30479525,38.82719766,0.540991938,168.0044902,2.613288119
6.570763658,28.38654785,20.19969203,37.6327744,0.463000529,227.9306577,1.169797443
29.37386785,37.46839263,34.693829,49.88895278,0.955569689,135.3287762,3
22.45302949,31.84265519,32.89549891,46.03765013,0.263396582,84.11028253,2.846071508
9.548442157,32.94209131,39.26462883,35.80971043,0.091891243,152.2847586,1.614322016
41.08641765,34.80007455,48.59796548,37.05636709,0.540981475,182.054508,3
46.17845444,39.22029141,28.86773074,47.56935352,0.184519579,224.3927538,3
39.04672703,22.25924371,18.01818478,48.52302228,0.4136267,137.9457231,3
42.00900395,39.42184781,50.00244584,42.21343387,0.187197944,189.2394532,3
14.74207553,34.08087672,26.63453407,39.53270955,0.880969889,114.9210536,1.903406492
16.86078279,36.72738612,24.34409489,10.01146205,0.327449632,128.9277163,2.503158718
14.38373931,28.18879412,48.21560192,42.36449862,0.774867505,97.02373839,1.50841063
39.42785441,30.23467092,56.7069719,16.39380553,0.948603393,154.5999183,3
47.65626855,25.77914549,55.7480641,30.37029332,0.94055058,108.380718,3
37.2576743,44.48249994,16.87212129,23.24176117,0.524801097,148.7446369,3
44.66600442,32.42507431,35.15790767,20.55232853,0.983255106,197.1251864,3
33.74145927,44.90192289,14.64351419,18.96125007,0.655937218,133.9882292,3
22.44469553,32.24464945,58.04879795,43.49421863,0.128488937,155.3949324,2.674558753
24.15927267,25.49378161,20.76139429,39.61112543,0.888376943,178.0686106,2.613917573
8.389464448,32.68630992,19.87147874,28.55519386,0.468689242,131.1499948,1.4954307
6.415573786,20.98988929,54.44428365,34.90162222,0.152694288,201.2320631,0.720430375
36.29640219,42.61924504,58.39252776,49.30375777,0.791421755,115.8222652,3
24.72930014,40.46375628,44.88161296,22.88908111,0.624403008,151.4612829,3
29.84967806,38.14551302,16.05025168,29.79952727,0.882120972,121.0738621,3
30.09475614,35.24566789,34.29278053,29.00856707,0.827322463,117.8604323,3
17.4819116,34.49585584,50.8302547,47.11875688,0.320110426,124.0068375,2.229695261
26.41516299,44.91820535,38.62385919,20.82030879,0.256314565,107.5396854,3
26.18420998,26.94993585,16.62974274,49.38146376,0.733828548,116.327614,2.983540491
22.47922496,39.49210913,18.59438748,18.71139261,0.573312864,182.1449957,3
41.93039225,34.53511926,53.20708379,9.90081659,0.06987481,123.8487687,3
25.30238017,44.39701359,36.35145818,13.61180954,0.181637799,106.9249048,3
32.1640036,40.69507958,45.29183869,24.17996038,0.151353447,105.0084472,3
45.29840542,44.96312782,28.65312631,34.23901774,0.589796883,162.7236486,3
43.98051303,34.70812486,36.62427915,28.2571349,0.085762263,139.3726872,3
45.06899917,25.11359894,58.85515702,21.93251795,0.207700937,107.6316687,3
17.15022484,32.59217589,26.48515185,30.29149696,0.545376496,213.4977962,2.263888581
6.574211974,37.77777835,43.73942638,42.74628243,0.13305681,89.05071076,1.412757807
16.748006,39.35900965,18.62527786,42.75189624,0.248271816,117.2693924,2.676378902
17.54183055,20.01274973,16.08699426,37.68025497,0.906791034,140.5344516,1.807009253
45.9212147,32.62567721,49.18200556,47.86018062,0.697117518,149.1952286,3
34.21592298,25.8808645,52.2054105,31.55921003,0.306881428,88.37928941,3
8.676678182,41.87279583,43.41558477,5.344593694,0.877355122,188.7003598,1.39059427
11.09203682,23.8226361,17.90979188,18.09183348,0.250284808,131.7079507,1.599051229
12.00542565,36.66140624,22.02939828,19.7700217,0.58908271,140.2134086,1.907754102
33.36897867,26.65155476,55.5587854,29.62967348,0.368494338,110.5644587,3
38.09363115,28.91355358,24.43520244,45.72002621,0.752149409,248.4032796,3
43.68397598,43.51398152,50.94302581,42.71517336,0.371587356,221.781861,3
47.32864479,26.01120314,24.29686445,15.44778434,0.248861673,95.9758039,3
14.07670508,22.37506905,56.97312847,28.37256062,0.607704607,207.6481211,1.279922555
18.93976181,21.73212254,55.72264564,34.66168859,0.745340442,210.6350465,1.688483589
15.81452963,32.61537775,12.16315868,49.43801933,0.536363688,243.6184035,2.278818791
21.14427054,36.04278706,48.52069934,6.408626871,0.716288286,108.0289896,2.472502153
46.15992983,28.18234109,18.47308801,25.87447925,0.422016205,157.7091169,3
30.88006551,37.25649354,20.7635813,49.46488943,0.795446145,128.3644592,3
38.21863538,21.52584296,32.99226062,48.97426087,0.58502468,127.908712,3
27.05536563,41.43336612,38.81590749,19.88269329,0.196249985,218.4076009,3
6.2986061,40.41418024,26.28998595,5.000753132,0.890751703,168.5436889,1.26872424
7.88879687,44.63740678,38.76916828,31.40305632,0.836823958,132.9579139,1.470689585
29.20653641,43.41262452,18.53291857,44.01224829,0.963912209,113.250093,3
37.34550657,28.9049291,11.11688272,19.59337509,0.569008516,154.4020126,3
14.68987374,29.9818846,38.56121942,47.04214842,0.675740984,140.7180975,1.744900841
37.48593083,38.64912119,35.870763,19.97160967,0.863579236,164.3997491,3
41.47995981,23.3520693,44.4826982,32.4590594,0.052591332,140.9886749,3
23.53538653,27.85036776,42.4911031,37.49207329,0.912204633,178.9115994,2.400870897
38.58886548,22.96352342,54.87431901,20.5437094,0.271163421,129.8613273,3
23.18134776,31.37216123,32.97343101,20.84928854,0.057043682,125.8884285,3
35.52577833,33.800107,10.41847373,26.14976734,0.237606987,202.5683017,3
39.37986722,25.27901175,41.53263408,42.58505426,0.586359963,156.3295322,3
49.63669782,20.66579217,43.75662148,9.53828454,0.047846999,154.6762374,3
20.54284979,37.98389579,36.07474947,33.41657234,0.000764766,119.2570947,2.959284961
23.49683513,20.50012911,44.46524351,35.48065682,0.639362673,124.2580806,2.268687378
12.45290267,44.33506522,26.17919066,30.1042742,0.453387347,138.8657329,2.234640194
14.18328763,25.54018142,17.44041516,47.11272743,0.844330251,154.8657901,1.673098866
36.20277512,36.5975023,43.2276832,32.08958226,0.257547287,126.2662482,3
46.26705156,30.86879316,22.25932146,33.5559538,0.280707604,104.288435,3
22.75722282,21.49184651,32.81579546,31.98920126,0.077546404,101.3386645,2.625186009
13.09300011,31.80459017,34.58113653,37.49084487,0.53851168,210.6923452,1.754385811
17.82947747,32.91901586,33.85997752,11.0934237,0.36590439,128.48438,2.358696306
25.47732672,41.3670802,39.92245718,45.24243456,0.339707848,99.84728197,3
18.07926482,38.30872674,11.47268545,6.912154531,0.457632674,123.3017067,2.741340849
15.51105874,21.98256187,59.48412475,33.8334782,0.849687377,91.04945229,1.264173
38.11930199,25.22906709,45.8155237,32.69664195,0.105188596,144.9078873,3
5.353021456,27.79719211,31.26938909,14.36545073,0.523593628,144.4198323,0.887384511
29.26537373,22.91019216,19.56650151,6.831993816,0.196435004,144.1490214,3
40.71950632,31.42247677,14.00886612,11.24759287,0.212391197,205.7952111,3
16.98027288,44.60772977,43.60952103,17.22524247,0.256735212,147.6131552,2.620488798
32.14811798,32.86531978,25.84778075,44.69475608,0.459401693,111.8494834,3
35.10050475,38.54705421,21.47392291,43.50804819,0.494400049,147.7878992,3
34.47611134,37.07344494,28.99771936,7.873500842,0.871511262,145.9305178,3
25.06323354,41.24778588,39.64615439,18.01706036,0.892112141,103.1200544,3
20.59600945,25.39308726,43.58526083,45.01923095,0.586664203,145.1004324,2.176852478
42.61658329,38.84565654,42.25850347,15.64965628,0.281404156,153.6521991,3
39.13006806,42.03388101,53.16327917,49.81843867,0.818436991,171.1672323,3
19.4564828,24.28774557,20.93787155,16.55780881,0.792881994,165.5100741,2.149420087
9.63586375,28.67005549,41.83730816,38.26009655,0.797953433,86.92535346,1.101905094
8.231339545,44.25254411,15.05571881,23.76766281,0.016367584,146.123167,2.139477778
9.242419005,39.51969615,37.39673449,11.13100484,0.753863858,140.7389954,1.490665832
31.22912125,27.06477081,39.19792012,16.4819576,0.852719457,227.434129,3
7.324797912,34.09854424,20.81186495,35.3803134,0.605032938,188.9469817,1.358462814
20.16170937,30.10815307,29.5846565,20.16753809,0.751244198,166.2882387,2.348307376
38.89398659,32.24912941,51.35964448,32.18576993,0.776170207,138.8105184,3
18.24566749,28.87915478,17.42045269,14.24889692,0.506583406,222.7218692,2.359709012
39.34886347,26.98327546,31.72530988,25.18614375,0.813620716,107.9663096,3
38.54601672,36.86907603,56.63665356,28.05106011,0.792290974,101.3584055,3
16.06222097,39.46354538,35.20544638,23.57530535,0.916104357,125.9457526,2.111566967
37.7969981,41.84892807,46.25668559,13.90631141,0.921373632,156.9310128,3
38.64994872,23.88324918,51.34330198,25.76990861,0.529714583,228.5645662,3
22.88542666,40.57138809,20.18871874,36.18052522,0.03149384,90.37007253,3
14.46892177,26.37002061,20.91086178,48.42075483,0.019106906,205.6915937,2.107230793
28.45718631,30.68340975,47.9295728,40.52847292,0.938926702,128.8795593,2.919739877
46.46289146,42.53609215,47.66533691,12.26617167,0.337361086,98.37926481,3
33.78275296,31.36259002,13.00916603,17.27158324,0.377533203,127.6692628,3
12.78151239,24.92658835,26.12491203,8.547075295,0.469908029,131.7032955,1.612834383
35.72406161,23.99671638,29.9266246,11.10422859,0.265798997,115.5787239,3
24.22413623,31.82459417,51.45202017,16.28073342,0.590414195,155.983082,2.673506129
31.61879588,39.0668106,31.09311277,13.97873148,0.784620392,157.9125125,3
38.03288158,44.9301286,56.29644452,14.61421628,0.257341637,136.9139595,3
28.17263082,39.68521571,59.83038886,15.38466019,0.743061258,155.6777115,3
41.62927886,41.92529897,49.03630828,18.53054131,0.672019143,149.6476348,3
37.49700107,38.69580902,43.31933448,10.65137309,0.525583463,175.6709468,3
32.6783003,42.38587752,29.5948583,17.50257427,0.325442097,130.2626248,3
11.78567671,21.90733858,13.3519723,35.97853223,0.87277446,134.3919996,1.338905338
42.61770999,43.24828997,38.65693782,15.63804499,0.402796072,118.0676255,3
47.11575134,29.91015384,28.08524528,12.73272924,0.374663068,127.2097259,3
11.16343057,43.04035558,27.54490379,8.046304798,0.641370851,236.5701277,1.954887113
26.97085082,21.89332094,44.38546264,27.49871688,0.920331658,109.9099042,2.522841992
16.64999339,37.88107393,33.18196793,42.88922275,0.508017919,242.0785296,2.341873164
38.95354883,38.39221872,47.60469224,7.655748992,0.722690664,111.0590828,3
37.47333362,44.92277223,29.90866113,29.40467123,0.456883025,116.8901662,3
11.33983043,39.22138177,17.54316927,34.27785119,0.218807651,196.8076397,2.156526917
44.46622721,29.56434265,33.06737631,31.66077456,0.123952326,186.2627351,3
13.14378788,33.93121379,57.55062572,44.49304416,0.136326436,128.3448644,1.801749772
40.87665615,29.16377345,50.07623146,43.98780111,0.021325716,160.1446133,3
25.56411618,24.90046613,20.28746275,7.578841664,0.552902277,209.6927035,2.90710139
19.77225321,26.21255819,29.56502508,21.24247862,0.131105979,96.20176356,2.48977402
12.12076682,25.55026336,56.38960476,35.18734237,0.865698341,152.52991,1.067006909
12.54264153,33.72038325,16.18495294,47.8600095,0.982897525,195.6556393,1.724978636
34.78507496,42.65401586,22.69751209,41.21081584,0.495868727,128.1285971,3
29.76936746,42.81816565,23.11113229,12.94651897,0.449673946,216.8689908,3
10.49384397,21.36909444,38.54664378,17.5643977,0.348072475,159.0080986,1.20218487
10.07140372,21.99748502,30.53666599,39.36172386,0.638026946,157.330364,1.11600974
8.253975865,26.12797643,13.9935337,26.21636813,0.608027092,176.646944,1.252381251
38.46953063,26.37648631,41.45907273,29.62860989,0.343382121,186.4380354,3
37.03469384,22.37222938,14.95389323,32.40409191,0.343166652,201.5490187,3
7.629394588,29.71158353,40.3207466,9.648118298,0.644803833,106.8983001,1.027716194
30.2121534,34.69313482,35.35041901,43.5182915,0.554546182,128.8257631,3
8.810426986,34.45405501,34.68343304,43.84104977,0.718555428,239.9726727,1.323399155
45.66855968,33.58574203,13.37481226,26.07077499,0.94139235,145.7691701,3
45.82028386,28.46679812,41.96102234,33.20803483,0.779591561,123.7999237,3
36.42048454,37.66139213,31.56601293,34.6956854,0.304345708,115.0465773,3
46.67850146,40.66209852,30.55530611,13.53751631,0.759122434,166.632836,3
41.51538637,28.65685666,39.82256982,10.06631728,0.450024527,145.0656851,3
42.28423592,22.13838398,40.312403,5.930282588,0.777656391,140.3881601,3
30.63685328,27.40825628,10.75166479,46.0796822,0.886571271,122.2341012,3
18.77266392,23.43421636,16.26129506,20.557098,0.249939349,115.3574885,2.370824312
14.80096018,31.68396818,21.82591104,8.862392075,0.238645012,196.1620131,2.198646675
19.72400099,23.89837878,43.89886667,25.96099903,0.432624908,126.3812446,2.113711604
33.28229435,31.57111894,38.83705635,8.403130101,0.051533874,165.113554,3
12.76954411,25.52507231,47.88145662,8.836283876,0.685685939,162.7399024,1.306132619
16.63881065,38.46827764,47.03039028,26.99984056,0.74970108,118.3150206,2.101002544
26.06273883,20.68920602,52.65914346,27.89764969,0.345430005,139.3040917,2.596607646
15.48725443,33.8686576,28.84074306,31.10643884,0.465285253,202.9671139,2.156630639
31.48896514,24.23720687,27.25319331,34.5340166,0.590356587,198.2027034,3
46.54292128,20.02479661,51.55077015,35.07203166,0.073597846,221.5455707,3
38.66402146,41.7300022,21.88007669,24.48485094,0.711297534,130.1900807,3
34.98919764,36.7881947,33.05861868,33.95898763,0.526701671,139.1811338,3
31.22246642,22.47357055,19.7162826,18.71328903,0.624262282,188.5210422,3
26.95765592,36.60180919,55.69203711,24.8588686,0.723830581,114.2276517,2.996990237
13.39537368,35.29118332,30.39015065,22.69971718,0.675558741,153.4502953,1.874229269
45.26197049,31.83391718,20.62434491,19.80995005,0.095321589,211.0063944,3
16.18412009,30.48145246,44.60066953,15.73568715,0.782592076,171.1294642,1.797157691
9.108899491,42.17674407,22.23223391,8.530655024,0.610046582,113.3296348,1.789435788
38.75068307,26.1287005,57.17518016,27.7659715,0.714880842,143.5469423,3
12.90269904,29.95775143,28.38085074,29.17796838,0.261501725,157.3873092,1.874302249
21.73531998,28.22788532,43.23203561,20.12697698,0.221427219,152.0438826,2.571427543
6.272821773,39.28002573,27.26224656,48.91297384,0.826092278,217.8971938,1.250947764
11.16805741,42.91163266,50.36227915,30.06325446,0.390389185,175.163939,1.848376113
12.79416338,41.24454247,54.84613705,45.00547335,0.575346722,124.1265936,1.818099689
7.448455749,39.94259826,49.39591797,30.65383893,0.551595472,110.2287074,1.306508601
34.54956305,44.66974864,52.42495094,13.54621338,0.585166822,167.8334591,3
42.66535081,37.42861376,15.0940414,48.85801428,0.069506427,205.3889058,3
21.79919329,38.77634478,56.20323385,44.84007547,0.302473646,132.7376807,2.759194993
44.35594145,44.57006349,41.21503644,26.20731553,0.066480539,237.3450279,3
14.60059586,20.17476963,53.46087661,15.93760513,0.480160975,130.3163394,1.357862653
19.64256906,35.85120941,44.22183821,15.02013273,0.90209868,127.731873,2.266029497
11.78316469,38.4742883,20.09238343,41.27091922,0.389176183,110.4400991,2.065280819
32.92516379,42.94567634,40.47775508,8.110337515,0.782449754,133.7316311,3
23.89413159,42.0961076,14.54731199,33.71271716,0.287246359,161.7924467,3
32.59775061,41.04901703,44.78615151,33.80607156,0.856265772,168.6563083,3
39.27537074,43.6447818,30.45005705,13.21045465,0.419503109,185.8656509,3
29.55663572,33.4344797,17.58665866,36.72105658,0.355217416,145.1020804,3
33.24336597,20.17300239,58.96149079,36.74328301,0.697479605,148.6360668,3
47.08626415,20.27635997,55.05422121,20.75138903,0.512757282,113.2780681,3
18.45789393,33.61597639,54.67718567,26.75191607,0.337320045,176.1125932,2.250890061
21.16237724,30.88180597,49.44101532,42.4743598,0.058092229,171.0135035,2.622174988
37.29665128,31.28112633,44.59905626,28.54189731,0.166639324,136.4792018,3
32.50874827,30.01011843,42.75397401,32.81706954,0.772323717,121.429969,3
13.0339807,42.94314523,15.30469189,23.57463427,0.920731708,163.8058863,2.121423472
21.92662895,28.97925878,55.02831177,11.73195901,0.168838285,177.6997132,2.523935928
26.05271059,41.40567354,54.05641982,49.91299842,0.569441222,157.2902556,3
23.87254271,42.57161984,47.39263133,28.91914341,0.034173694,183.5509235,3
13.02236637,32.48754425,56.36574795,20.14009076,0.290843457,104.1847692,1.676075571
46.59935413,31.17345093,37.65417257,37.12042967,0.448787959,121.8869437,3
39.30434428,39.02551511,32.38211674,32.9369795,0.735877867,164.874353,3
26.66101244,37.69928769,58.39737011,15.48087261,0.044107853,96.16791546,3
35.60274627,28.21337791,33.20655939,44.46164747,0.781230651,93.02695012,3
45.37772025,22.56370315,42.06622205,8.190632161,0.202647764,171.3607674,3
11.12783641,26.62131,28.65310734,32.25642133,0.759531771,151.5462225,1.333863682
16.26678728,23.27571265,41.8163113,26.50498212,0.625470812,173.4847999,1.671637297
29.42155613,27.36830689,46.00494978,19.31892862,0.339575837,132.1545374,3
40.95546671,26.54553914,41.23277626,42.18710577,0.723751481,176.5683266,3
6.631470295,35.9427856,35.72814706,34.53246834,0.236322584,226.5076884,1.38579712
49.28081676,43.86240071,25.00553988,39.17747736,0.219727959,196.5630985,3
25.47079713,37.14359331,42.19228381,23.65964342,0.061744758,171.1043229,3
21.16540133,43.1662352,55.42144476,47.40792491,0.393077174,168.9043531,2.804661605
18.1725997,39.60330647,10.34562956,20.51255402,0.097706631,250.625832,2.985060575
12.84605184,38.19694055,16.69645137,28.8970216,0.419500905,150.1987176,2.18112157
40.6208259,30.35154851,15.98865792,47.01425503,0.009803576,137.6813318,3
47.99363741,28.11986257,56.16026514,8.743503105,0.155083347,111.4625641,3
23.61401397,41.15693431,43.13738445,9.896469673,0.932371941,188.2230542,2.835739392
47.85893126,42.63483082,57.58940532,49.73844948,0.795561816,196.7789248,3
42.07089269,31.29706234,39.14066366,48.71260206,0.236163591,68.40247502,3
26.64730074,20.22657745,33.08664486,39.72657226,0.718292007,117.830422,2.64893687
35.33117806,39.81327647,49.61714559,26.78847242,0.668481791,230.5621644,3
24.57428806,27.12672101,18.04711337,27.77273819,0.176925614,179.6043167,3
30.14255337,20.24719663,29.06690582,16.57457931,0.371058527,152.6660909,3
7.612085166,40.12471397,33.31371203,24.47289663,0.913705743,226.955518,1.308708991
36.33185639,32.93535472,24.92291973,24.410722,0.738717883,127.8020608,3
7.377109002,37.13026866,28.56428062,6.624050852,0.760349196,186.8305018,1.309569118
41.76882261,42.86724553,13.90525935,25.39211936,0.563886034,133.4377707,3
42.12261183,33.52934575,19.89917947,26.59074838,0.665539799,121.1262202,3
15.66847794,32.57985181,26.77483602,34.96024284,0.508738476,237.8411099,2.130725256
19.56482515,27.26655303,49.79452166,28.2403811,0.740893803,88.63408808,1.996975497
26.65896704,27.62984586,19.12486774,43.77573196,0.732727645,223.2409682,3
31.84983081,39.91355165,27.3320187,21.54028214,0.031083188,218.233331,3
17.93091478,31.22573114,13.24601441,23.4372916,0.631774393,184.6672688,2.385601842
31.66188821,24.08815522,37.85521724,30.71671311,0.629813664,187.9901423,3
18.4004183,22.3632191,40.56254441,14.1225226,0.067319966,125.4938239,2.146197039
7.497082448,31.82300292,53.27582317,22.70741385,0.410381265,118.2428069,1.072526145
5.113739742,31.62387559,50.95579993,35.87753623,0.898789124,122.9187599,0.6065506
9.551797606,36.33645696,24.26889773,23.53139327,0.953438825,201.0761756,1.446986603
40.65128151,31.77668694,16.84768446,45.79774295,0.782210948,112.1478454,3
48.26440906,23.5868926,17.80415911,32.68852344,0.151471189,146.0221574,3
24.21347897,32.69507212,58.44819715,11.91954875,0.374719957,85.62640845,2.739341684
28.07077791,42.6697351,43.6612907,26.93499534,0.182553349,155.41111,3
11.60816761,23.98603529,12.12853939,39.41504355,0.652136136,156.5024792,1.512997809
29.79641087,37.24386602,16.83896275,33.95053244,0.773144451,91.28905504,3
11.50947059,34.84648162,34.29000326,44.83686082,0.883765719,166.7775365,1.527713555
32.5046449,38.71464317,20.39144021,38.74923034,0.860648475,138.9605191,3
46.99664004,23.76500684,50.18294925,7.772619767,0.099209928,82.70213378,3
13.80643427,43.54013342,38.66085588,10.06306922,0.125674007,154.5090204,2.382535645
39.40536731,35.52416069,40.63161039,34.23869144,0.909671813,172.8397608,3
6.057609027,41.17677844,33.1412774,15.72835813,0.843784432,138.5999582,1.225015194
21.89737586,26.16516909,22.80313877,31.45257062,0.460378165,132.8971526,2.603689419
9.983682852,38.48532223,39.47018066,40.64979164,0.430052092,161.2211488,1.671484507
20.86139487,39.52576761,45.84850231,30.96192145,0.552799675,150.5543402,2.668780214
12.80916138,29.93588181,28.54740388,23.69698565,0.59663585,80.26924509,1.694986902
21.79872456,29.59883632,35.24718153,34.082164,0.25421656,138.2840739,2.686920237
23.78852627,36.44490663,51.98419852,11.46287499,0.403741763,167.7354079,2.871969981
18.52660053,22.33519204,17.43408809,37.5443598,0.619692964,132.8948055,2.112979091
34.54798773,38.39060376,37.26122096,36.36613012,0.206267386,154.3535276,3
46.34834231,21.072169,27.42063309,28.14815142,0.998833238,238.3919088,3
23.02679183,24.76475753,45.13973791,17.54660728,0.282939452,112.6190275,2.535303996
13.65544204,36.60359393,10.94051216,40.8903704,0.552415278,142.0933536,2.200051241
17.18252412,22.45809168,43.52366499,27.97476365,0.554159594,116.2155555,1.754539021
43.43003706,44.29605229,15.1448867,7.662960764,0.451485228,149.3941682,3
30.72378755,41.70990524,13.23838765,46.33756483,0.241543457,168.8796588,3
25.47549645,35.65755831,46.23116505,39.54723964,0.565353072,214.6047491,2.991146736
11.73365247,40.47643639,42.01710765,31.31623165,0.091014415,199.6697778,2.056901509
25.23772887,42.18950121,54.74679654,24.65714828,0.386926113,122.4759954,3
17.53214015,26.48689124,35.98274779,48.19548641,0.224252195,155.0554971,2.164156814
47.44234075,41.2352897,36.50122128,39.87592584,0.124177774,159.3707409,3
44.78315492,24.86984459,45.35089178,29.07468803,0.925482931,147.9138403,3
8.775614382,30.3335566,26.16987882,34.39192528,0.699942915,212.7837295,1.277009746
28.24940702,33.95649078,11.84562277,17.63376808,0.168828882,188.7655398,3
15.12762555,37.84727408,21.50229129,13.80721742,0.949395861,134.5988332,2.084617514
23.48496903,20.75353294,21.90067059,17.29937963,0.215992108,114.8409196,2.713278574
44.45815992,27.26273532,26.78294251,18.19112447,0.235613264,147.3803124,3
28.73815339,35.21297746,57.17313665,38.28823028,0.133270376,167.3711903,3
20.0396882,28.93421698,50.24213993,11.30274683,0.727853135,77.80680679,2.102094752
14.35497593,39.37562639,56.79781226,39.99142408,0.570875433,157.0998115,1.894602634
41.01461867,36.29130403,59.93047951,28.5527891,0.058251132,137.7575245,3
33.10331069,25.86003634,31.6889502,22.3057897,0.025299949,132.4880146,3
26.06294572,23.64822449,21.35366583,18.51782493,0.532659488,106.3686025,2.914702319
14.78679592,35.72617484,38.00020806,28.0940272,0.651531192,105.2261727,1.96378441
20.04108684,31.26168319,54.0567207,19.28833082,0.822873617,145.8180564,2.094160775
48.1929542,24.22392603,33.28659305,24.32533966,0.478272924,138.5934651,3
28.40404719,28.15935513,35.26996513,38.25568804,0.676530479,135.718635,3
23.03146766,27.57616871,16.7219553,33.16993279,0.733655661,110.8843296,2.688305006
28.46399191,22.70329931,31.02277463,38.65920694,0.613052693,189.8922857,2.986421741
40.05448277,33.67272548,29.34974049,37.08381603,0.352216252,123.1599328,3
20.30490214,39.09121585,27.58442514,41.6782622,0.131895483,193.7997714,2.99173875
13.04177544,34.38667222,54.3649335,14.07604819,0.647538545,134.9070683,1.582981344
31.32212533,40.65728412,12.96507166,49.78053498,0.768696332,110.7641513,3
34.93418466,23.18921368,58.60735914,26.40967024,0.189827119,128.1181812,3
37.07231013,30.89029645,10.41234126,37.32048221,0.494866719,148.2494532,3
44.68944158,35.23537759,57.2797007,35.49875734,0.397245385,164.7454854,3
21.70283543,36.90003902,37.40237514,30.47675381,0.205703076,153.3045925,2.923409555
8.39097033,37.39465766,45.12226222,49.81172984,0.24531315,71.90993858,1.511706425
48.12568626,38.22413568,19.35664248,14.77921323,0.237674148,155.4984921,3
24.57553673,36.2857453,42.71057695,23.97779903,0.418930954,155.7610618,3
33.04658794,22.35570222,54.09788343,10.74787517,0.390461918,112.0484331,3
34.98373954,37.38264194,16.97400699,13.18259624,0.554178732,100.0141151,3
29.59311689,38.11956642,16.35408061,37.08338286,0.09321069,149.9660839,3
14.23658884,44.83699836,25.19889546,5.217920544,0.581250336,126.3509196,2.375611373
38.98143726,37.33406092,18.08629462,45.04192931,0.021846088,180.8191217,3
41.16883884,37.17075989,15.5322924,33.49330175,0.257375128,159.7918559,3
29.88390137,32.87033225,43.9159518,24.84072742,0.502138014,118.0223918,3
26.98525223,41.69807271,20.6913307,19.91124983,0.686936303,109.8164316,3
10.12721824,44.92086905,43.35074497,10.68233219,0.771265624,93.24019705,1.690943864
8.777824767,39.47612175,53.09646136,46.47031639,0.035561316,157.8557819,1.64490793
20.28041805,35.31250945,42.60123957,37.05450463,0.537486888,128.9678023,2.510369614
18.988077,21.97387067,15.9683535,20.13768495,0.354436593,114.6546363,2.294368224
47.91454029,38.16847829,38.6788787,8.192128075,0.69490892,123.9925975,3
40.26302341,37.71403921,29.68143421,19.65572742,0.283779762,212.6702082,3
34.69659329,39.3892037,27.16854684,13.30854327,0.74372363,143.7857255,3
28.29416401,23.11388471,25.92657343,40.3822991,0.602236908,139.9663496,3
12.53153888,36.3433125,56.47161119,37.38194081,0.789672384,131.9203825,1.505045335
49.03055025,27.39309762,47.12537283,27.41722823,0.984393958,191.691027,3
21.87683142,39.00678109,16.69243948,44.86284964,0.908585977,133.3263504,2.866691795
9.81165211,26.00934885,33.80027399,13.13063097,0.593290195,215.8412488,1.213495669
27.22095031,37.09946692,25.91115376,25.33845134,0.893762177,230.9779366,3
44.32991052,27.37482367,58.89691563,36.97791368,0.153089813,116.7213824,3
44.92809508,20.22485732,58.90144865,8.051105737,0.043035157,141.1963483,3
5.493466223,35.8339478,25.97672372,21.77048124,0.53313325,139.395423,1.217477687
44.88330851,22.83172708,27.60565581,30.7249161,0.974369776,182.4619426,3
17.21678979,36.48228682,39.97071036,21.50615924,0.709736447,131.075588,2.183179879
6.753756379,43.14023621,33.96535072,26.60895452,0.305142404,152.6717933,1.621158803
43.15056217,44.23114836,20.65504361,32.36532572,0.668771353,187.3894304,3
43.87400402,25.89807718,43.02060835,21.57757764,0.039907713,214.3780313,3
31.83039859,40.23133069,26.70643219,9.770646017,0.470619621,125.8530725,3
30.84951908,28.83883192,42.68582492,11.27500238,0.237255683,266.5089374,3
41.59041227,42.51142682,29.18407612,28.71517863,0.049198152,144.554671,3
40.38392987,39.68723922,45.01049469,12.86330115,0.249910381,128.920543,3
45.0547463,21.84804292,43.38997354,45.04251525,0.722460431,207.7295277,3
29.87363514,30.17842485,35.4406378,42.53835583,0.551188782,165.8946888,3
48.54411917,28.43294565,45.23699954,20.70644311,0.023434898,128.1217176,3
49.82660739,39.62952552,33.04828381,42.39442274,0.409737753,235.3168456,3
10.24450745,30.25714277,15.80691498,28.99345237,0.752171105,157.9440796,1.498867468
43.22946918,37.11470994,19.10531267,12.15729179,0.954604694,108.5014311,3
27.4920016,35.06088139,22.29965671,32.63953345,0.874357571,117.4801581,3
22.44048522,44.39096798,13.16144641,35.57530027,0.001519751,201.4130035,3
32.58825394,43.44462392,45.56906103,8.775121031,0.218701997,172.182901,3
7.518450077,30.69248787,28.36951134,19.15038907,0.207736884,131.4700149,1.387364381
27.79075034,38.08945529,14.67616482,5.242279443,0.41309463,117.3106796,3
44.19007565,40.73650235,50.99790604,19.23929615,0.645754565,133.2290081,3
14.60576823,42.47214385,44.18271422,20.09503998,0.153069061,228.2771521,2.357953278
24.18754526,21.70335659,32.61121186,33.35938821,0.915678694,165.1021209,2.358248281
47.27663995,27.55196998,22.37126675,13.95694758,0.777116915,124.4604773,3
24.2853727,28.00575102,17.58729469,6.354094403,0.419331937,169.6674261,2.976523389
21.12654345,30.86114878,32.91870959,19.20355401,0.583993476,175.1147582,2.520175471
24.82414917,24.23161877,54.26228715,42.15287958,0.541802005,132.8766894,2.476611668
28.37537449,32.405147,19.41976616,22.96153425,0.582230056,126.0328372,3
33.43961049,36.58035818,38.43296145,23.67921964,0.860115254,191.6980896,3
41.03117604,32.43409801,58.08429976,26.10624033,0.200119639,142.9448887,3
25.34459926,36.64482738,41.85582874,38.83049739,0.683713969,114.1858424,2.9955389
41.78664208,21.6610408,31.99823651,26.60112016,0.1070328,284.2025172,3
29.01742976,41.89968329,45.81864865,9.107723864,0.459163975,120.2469444,3
20.23162297,43.4767298,51.22889595,14.28799098,0.635838869,165.7634186,2.642178229
34.60778727,35.4476856,39.52581489,13.45538151,0.012501661,167.4452493,3
37.29750146,42.03477497,53.59161795,27.85384933,0.108066264,125.9936707,3
30.1122039,23.28615042,35.72958797,6.346825928,0.091266769,240.6977711,3
7.547673791,39.936223,51.50145011,17.76274738,0.374692608,110.0665054,1.383614008
12.64472938,22.97870484,57.60096202,32.32377235,0.622008957,146.4015334,1.143415667
17.83839744,30.20025579,35.06217335,20.9592804,0.99596503,98.78988845,1.941910688
17.71815227,28.09546336,40.25008578,36.84704713,0.254078885,204.5011157,2.178790372
35.30393601,34.63979563,40.47337715,22.60496016,0.135959531,172.5957779,3
5.825689775,27.53786338,49.07174318,49.06658878,0.414762648,174.4389295,0.802399001
39.00567997,35.93284074,51.14829201,48.44103292,0.145975433,157.1618332,3
16.94041137,29.18468223,11.36146581,40.99283215,0.024544543,175.6457158,2.540976948
18.95098308,41.51975953,46.6679782,47.94757376,0.563959059,157.4453208,2.530430981
28.75594226,35.84709601,49.19076223,14.21502087,0.879572513,125.7230292,3
14.71665204,25.38245743,45.02147197,38.79154246,0.860850105,187.2953411,1.437107346
44.80120911,28.40323555,45.68478297,19.4746385,0.100788573,97.08063729,3
8.84159507,41.18552219,12.07014296,37.63824435,0.147476915,159.7282543,2.062570359
24.9972063,29.66199375,32.1019331,21.82520577,0.491120993,236.910734,2.921873928
43.22400213,33.39497664,50.90898249,18.02392969,0.36771652,263.672355,3
32.71297525,36.2235484,56.70035706,48.14577928,0.703074543,143.0188036,3
18.15482821,28.69524124,21.47339603,14.44484488,0.494941,137.3310191,2.309786402
23.93420935,27.34946577,38.95974702,39.13558676,0.020118179,182.594827,2.905413234
36.80124712,31.88137257,50.21651198,35.36024734,0.284564178,106.5085874,3
48.79673345,25.3720243,47.62038214,18.65649388,0.901491871,163.3210363,3
45.19124233,27.10526467,40.94450585,25.62543579,0.511508827,120.9315325,3
20.40947638,21.5519621,10.93455941,11.43243932,0.797948752,138.3644573,2.251026404
49.91890457,27.5992569,46.19429201,46.4543872,0.402296099,277.9836524,3
5.157709859,28.01760233,48.66212516,48.56539107,0.676963648,131.4750453,0.624587988
6.243339011,44.04582916,46.14247533,37.96083643,0.169003217,145.5633371,1.546601844
42.07282318,34.74322064,48.29045807,43.22391547,0.736533267,125.0560151,3
13.97582091,39.68456064,31.54574463,8.717784386,0.786581046,148.1475676,2.011652809
7.734617078,21.13443132,59.6876073,22.27858781,0.090140259,221.3368552,0.835996549
15.6716633,22.66341734,48.53934579,19.88650017,0.183310743,149.4555698,1.745564745
24.17450693,40.36342402,38.93400026,30.42282045,0.462889274,153.5843489,3
37.87548217,35.58873874,56.70956349,13.25098826,0.637436736,153.2168269,3
33.09509869,24.77455076,55.40991697,30.35215943,0.637491335,145.3085888,3
15.69295479,30.11988515,50.72835327,34.44644145,0.668202981,135.9614914,1.731906628
27.64717016,33.4668125,38.18474595,10.95588913,0.714415247,202.618598,3
46.67963474,41.09024573,36.35505096,10.9274319,0.505766638,142.7626665,3
41.67534996,21.51029979,26.4353966,6.594052543,0.574855489,151.454727,3
19.54354032,34.91805723,22.54389896,39.24016023,0.008406134,152.6958347,2.888647216
49.20190526,37.92589804,35.61797585,19.89538416,0.166600705,157.8713031,3
36.88791802,44.44729645,38.88908809,15.14392051,0.498564042,105.776172,3
7.810221005,40.17900196,22.22632157,40.01424778,0.745593058,259.856581,1.525262421
6.582232098,26.90568284,56.13006218,11.44650605,0.8089249,109.2136338,0.589316233
12.57835771,37.73947985,37.86369984,24.22325422,0.728943692,209.7591391,1.772709588
37.75351406,39.08194712,36.32526627,38.5154004,0.486402723,170.0214296,3
13.26825166,38.2433875,31.78191942,30.82245429,0.281277548,174.1285516,2.143146781
28.01690461,40.5036017,12.90356479,29.93000646,0.44471616,117.0755496,3
9.196705408,42.59324941,54.12006672,12.08585348,0.009294898,77.62889854,1.793597405
46.4398771,22.46074672,25.84971132,13.14197275,0.597959456,202.3587358,3
20.47822761,22.61909644,42.12301672,31.21514573,0.074566904,158.2528216,2.343279023
45.86594255,39.90999972,40.37167795,6.060508749,0.145390095,138.0481322,3
47.51940389,26.30931191,39.22434127,44.1103095,0.62597662,107.4752055,3
5.275789129,21.46353555,36.2856101,20.77118603,0.013348672,97.79564569,0.873499661
25.88608342,30.03072952,19.07199167,23.74772977,0.573555333,117.3140225,3
6.109522507,40.4969228,24.03028705,16.62945506,0.638380087,147.3408096,1.401356763
45.89117448,23.1641256,36.20940356,44.45019947,0.788275014,128.7664892,3
28.32833951,36.7960493,49.46712258,33.91268328,0.068030528,80.67734709,3
8.372480571,20.09039654,31.59944853,25.24588111,0.002931663,213.6182012,1.189467625
9.962452772,22.74343618,20.19612765,31.3388958,0.766857894,215.3410415,1.168969593
22.2579061,28.77125864,14.39722124,22.11663182,0.290053879,139.0582512,2.895833413
47.31053868,22.09005703,43.15055017,25.95121152,0.887205222,168.3232186,3
36.18091182,41.14754169,31.16699853,21.0934487,0.184968594,131.1879445,3
44.04284898,41.60176258,16.26854463,23.48036574,0.585505755,108.2671764,3
21.49054909,38.88926758,43.723344,19.17394448,0.109409664,104.5229232,2.953425556
6.94461648,26.06199078,20.37893654,8.49384849,0.402690148,135.6370418,1.158060235
48.84429367,33.08117688,35.45080242,6.680582517,0.882064395,191.7606279,3
5.77278458,24.60471314,25.30939875,12.83477919,0.608347508,241.9745907,0.840167821
47.64432439,27.03196125,56.58450322,16.32369847,0.689617036,105.5932015,3
21.59048407,32.9001323,21.41440331,45.07123373,0.22597033,224.3065401,2.928590286
5.454068226,38.37534521,30.99592608,32.50618945,0.92275092,103.7959658,1.053250275
36.01207543,22.36635951,57.97467984,48.12337263,0.62348244,133.9008551,3
49.12431368,27.41741744,25.936259,20.28410871,0.105885484,180.3804102,3
48.45315753,43.16553371,42.22965815,23.07821017,0.015552248,119.7235373,3
12.2421655,30.72808294,25.83635219,37.38889524,0.015922517,118.5266217,1.982161202
13.15615127,43.47174185,15.53374896,31.00559349,0.051211792,92.24441931,2.583729803
30.44925116,44.78501354,41.37736163,28.75460362,0.911615862,216.5095709,3
33.67871719,33.16649565,55.80157676,30.90038187,0.35837873,178.1408794,3
38.27380611,27.20110024,32.62823336,31.28608905,0.298232528,131.5061005,3
13.14726622,39.76942021,41.30882713,39.45831909,0.416545723,141.3262166,2.01901283
48.1553189,23.98276839,40.44492066,35.06369123,0.40957158,147.8649172,3
33.74326653,26.30117149,30.75448513,48.07914119,0.238493276,182.299162,3
43.11711135,39.62199774,40.74483194,47.65833581,0.09182801,129.6979245,3
29.30295719,30.84114812,22.96590422,23.98652824,0.108626593,134.1845396,3
23.64245814,25.03844842,28.90189523,6.607517428,0.599188698,192.6219792,2.61024746
48.9732308,36.27814362,32.11594282,5.4983652,0.396835052,138.6852477,3
31.19546169,38.31904653,53.20043418,10.54370322,0.902455388,161.3377078,3
44.00931123,23.12678099,27.41664474,8.37038295,0.46373671,97.98660909,3
47.89815784,26.9245065,41.75685241,21.8014722,0.503491576,113.7355627,3
35.39095822,25.53191888,20.67019187,7.37935695,0.928244981,194.0801292,3
29.70224053,29.49636572,22.62848645,33.12113163,0.501640739,116.1789646,3
5.157988291,39.08612239,42.42144377,13.55784017,0.501981978,112.2100277,1.143464149
6.800883833,37.84270256,48.11549637,28.12843934,0.36316298,142.5841864,1.278775348
14.03830472,36.56309776,33.10585883,9.638545219,0.71041186,154.9486673,1.936335879
13.37037943,20.15713865,26.75498484,42.24780796,0.392227668,225.7653128,1.545278882
16.46414578,23.55358283,55.5135778,40.09814727,0.58832217,104.4964646,1.582237143
18.7220587,25.58243873,16.79039075,22.39192495,0.447395344,208.0906412,2.333352248
21.20294721,26.79889615,46.03571188,45.97669996,0.528744861,206.9152882,2.28886171
23.92419605,23.66066354,44.50853749,13.35652908,0.827027299,226.4257329,2.322509366
9.448985231,30.25788879,44.51225814,41.62715173,0.413733021,154.8688514,1.301505724
6.906286938,21.87951463,56.77102222,29.56349455,0.230077806,166.9980852,0.737196723
35.32750021,38.75055476,46.40951505,19.83110307,0.570320425,172.2781998,3
29.18006712,39.69301968,25.07825947,8.796242071,0.937508819,142.6563891,3
24.9864891,34.35666724,27.67046121,12.70900069,0.693212021,203.093917,3
33.54979735,22.24262193,29.55554866,43.82881724,0.308363244,102.6207951,3
42.24557332,42.25207924,11.5404337,32.30987338,0.962993832,108.5431864,3
24.24618091,44.14089572,55.67551577,15.66930013,0.342716901,107.7758321,3
33.85037593,25.05908901,13.67763019,27.31337949,0.983254024,200.0865506,3
47.91075007,37.61599549,44.9897141,9.852650142,0.191989729,98.43084065,3
42.78310231,41.04846577,46.50805024,9.447912125,0.999649534,106.8540301,3
24.17003647,33.49608806,52.18575253,45.84940932,0.07590565,128.4810207,2.973729566
34.0122577,28.08307749,37.66811278,25.60353302,0.713239882,230.6334081,3
12.96819149,31.96396788,46.26322119,21.27052193,0.740441586,157.0138916,1.52943174
30.22349832,32.80671877,25.13614622,47.7082322,0.679574687,179.5667954,3
49.1597731,30.0159261,47.27920055,22.95503054,0.777606768,187.2110391,3
28.32418018,43.24606234,27.17078686,20.13089576,0.471832942,127.017655,3
46.74372346,38.59707777,55.14192392,17.2843777,0.054113947,102.6869623,3
23.33007142,26.03254106,18.16909039,30.42782693,0.357753293,108.022614,2.840190961
49.94801722,34.63892968,25.78786553,30.12847665,0.642314497,139.4529613,3
31.06490159,37.21722877,34.93847258,5.72873792,0.646247047,180.6443345,3
6.902104741,23.50391054,48.79252786,34.43280458,0.195193832,154.1330861,0.888151964
31.40396585,28.96064356,47.43995526,40.47381964,0.253005206,202.9614798,3
17.35577131,42.63870704,20.53584372,32.71840441,0.486698138,100.179651,2.708159859
6.461659492,34.1793275,17.21178483,44.14496622,0.728610523,147.6746173,1.249053756
41.93839871,25.42494365,25.19848021,17.43873625,0.852798103,96.46039891,3
17.40783366,23.06961995,34.18770758,13.63907312,0.086484848,142.3436158,2.124651198
40.84468493,32.95567234,36.95025224,36.37751422,0.925619916,186.9908974,3
17.96979123,33.69214308,31.45687955,13.4851596,0.927731663,164.2339266,2.141615932
13.74468592,28.36036128,43.15450583,9.099719572,0.007933742,175.0734211,1.884302039
48.82710083,35.76040071,31.37794718,9.347678084,0.506409576,109.4542723,3
21.27403975,21.71711716,57.3164505,39.5777072,0.587144264,135.0002339,1.984571243
32.06192951,23.62849233,23.0484424,6.293178575,0.553713429,117.436342,3
32.44916718,33.65684553,41.36860603,18.02555172,0.615771658,168.7609671,3
30.2213067,21.54539235,40.56889693,10.81338845,0.503351282,158.9756494,3
46.16130846,42.02271912,24.07873609,38.97095661,0.293806914,200.0505628,3
35.34984821,23.55365926,30.58438123,27.65718885,0.095704386,190.7954405,3
23.16798518,36.84799685,28.27368097,14.24715865,0.208379411,180.5575279,3
43.8071173,29.78008604,18.624953,38.76849044,0.740255114,103.1016734,3
13.14783046,29.99469369,33.86476063,38.76649291,0.241063519,162.4428836,1.855426803
29.49065409,39.12223822,29.33311265,28.53601912,0.829710336,195.7889789,3
47.77476674,32.48655335,18.915868,17.41324042,0.403488367,134.9538278,3
33.14289334,38.14138659,32.49400227,31.38246947,0.414475855,223.8248139,3
41.76358027,32.62978072,31.09219841,47.00885453,0.868498741,178.0221657,3
34.41023265,34.82263354,16.56828388,7.323637443,0.214288828,191.433418,3
42.77168886,39.0178657,16.5593771,17.0127431,0.189619237,119.2775859,3
47.50195459,35.18271857,42.37536899,17.82361379,0.985406406,121.002296,3
17.28147774,35.39037773,45.32904024,33.43152486,0.54060444,126.8030789,2.184234409
12.63474866,39.73048979,57.059021,34.30239785,0.190520704,226.5600162,1.921973963
26.77958376,43.7271704,14.35023452,14.28419277,0.16580483,190.5423434,3
36.58380921,29.41790385,15.89307462,14.72452689,0.861664969,156.2501273,3
15.22360639,34.42792893,12.59090642,46.7695708,0.599845967,214.8196835,2.244126223
5.184565269,22.15682894,36.61142154,39.03344679,0.115038254,228.0559782,0.833384149
20.43208021,28.97009701,41.13733071,47.04213643,0.886908089,206.1642828,2.15405057
48.5986701,30.30123065,30.1761726,42.33483447,0.443905006,118.8400481,3
36.27353573,40.88093292,49.89511105,23.09530911,0.989357272,201.9768007,3
23.05964498,32.83481005,44.3349718,10.48584366,0.281760328,140.8803687,2.816228284
13.66592438,38.27665933,59.29202105,33.32976648,0.528817231,128.9204439,1.785152256
21.02403532,20.475185,16.89474916,20.8395978,0.173100281,134.3903754,2.529412067
12.6427745,31.61231674,12.91578322,24.14353958,0.439705979,200.9912424,1.96901052
9.783761959,42.53294163,23.74018528,24.16458834,0.176537549,154.7740948,2.07047029
45.80340677,25.60784773,10.95250977,47.14338297,0.307231087,185.6131213,3
49.89426523,20.78805463,56.63057139,8.098808864,0.269865738,148.712357,3
12.38514978,30.83521834,25.19758293,13.68966927,0.283093932,215.7880256,1.872832794
7.45351515,37.61079552,37.62150835,32.3574292,0.969826311,169.8868318,1.13791646
19.83789982,31.36158767,25.90348164,44.76911296,0.038446486,98.64076026,2.750918179
25.77466313,31.49945784,22.2904311,46.30741933,0.496861525,174.321134,3
14.21695612,36.74512603,17.6182362,30.14118169,0.629245804,118.7087735,2.155727882
18.56412103,26.35972021,26.01829602,6.555254848,0.660761374,220.6778579,2.144505796
14.03918311,38.79724479,40.77094652,21.32964655,0.754545688,190.7209606,1.912177494
39.84172558,23.82783827,58.58105998,46.34749815,0.760965408,100.7648967,3
37.06600745,29.89376513,37.90460202,27.49748387,0.955502982,115.3267955,3
33.57281821,36.40020271,36.6354533,37.69759756,0.755667955,114.7017465,3
22.42480357,40.70922518,11.76315091,17.11370392,0.823689249,201.7782836,3
45.90684236,39.78827678,52.00495078,6.125313665,0.532315415,158.5941693,3
48.62896437,38.04213998,12.24206875,31.02620838,0.657673344,124.0972841,3
12.81376907,28.97740959,55.31161371,42.5741452,0.478124317,102.9202436,1.455112264
15.03556886,23.05760791,36.93358627,49.56209136,0.276417047,147.8916713,1.764599431
28.65339626,25.42085544,18.42333026,43.09821985,0.31338308,157.5683655,3
9.106275618,41.62084536,32.5853696,29.9297463,0.360532743,82.14341925,1.791869006
24.64017795,41.43328425,59.74922403,32.3927415,0.340643348,179.8446516,3
31.18060691,43.78902131,25.2541426,42.08738179,0.533161063,106.1496354,3
28.4933107,21.8997163,23.47298843,5.891481357,0.247631725,259.1704696,3
19.89088624,33.42022713,15.90029475,47.82399567,0.516642114,168.6918983,2.685772191
29.41006127,36.21707612,39.85711744,28.90495606,0.916241311,171.6583702,3
48.14604294,37.76643443,14.46134995,47.842351,0.405963829,92.50288754,3
14.27078319,36.09658088,48.30040319,39.4033175,0.222646064,136.2705764,2.035970618
34.46741113,39.25028475,55.96117572,11.85429554,0.346855896,170.3304651,3
6.952851237,28.98678941,56.59355556,12.43669166,0.876887295,76.5788708,0.657132234
7.988738202,24.4858193,15.39581264,20.91406892,0.941697923,88.83131674,0.990260709
29.83227009,25.1145843,37.91312987,16.87946099,0.886686893,198.2394482,2.997905074
9.722263115,20.29946724,14.85549275,24.76844417,0.287347611,154.3972097,1.356646486
6.005605479,28.7580468,38.60080707,32.17567419,0.387845514,130.4255023,0.97923128
12.71808489,22.29360127,50.74902926,24.64607748,0.974933825,95.76882321,1.019971327
30.41821269,28.03721732,36.88950812,7.538926312,0.323852311,137.5125127,3
36.65034295,35.70525193,53.60269131,48.90342268,0.137859885,142.26441,3
14.11153539,42.36195139,50.08371774,24.13049604,0.282094204,175.3633639,2.181334305
35.07167467,40.99013627,23.8274175,43.29837519,0.963977525,175.1513001,3
13.2114349,26.3168553,41.50511414,8.327943152,0.41587545,246.7560583,1.575383133
32.6055842,23.35207855,10.37060632,41.45291959,0.93388194,191.5343881,3
23.5381856,24.82680684,29.8020958,12.8032087,0.104082214,181.9328809,2.831316723
34.42097792,44.2746663,21.89800839,35.57322243,0.766055572,123.063484,3
49.77737386,33.73686199,56.8558173,34.78130133,0.093343397,118.8301295,3
47.20176344,24.56255558,30.26945059,45.94130232,0.197495725,118.4993765,3
5.192679103,41.01865387,42.70322142,19.43045062,0.616102241,191.2946215,1.151473038
44.8447444,29.87978111,46.59908046,9.903189196,0.434478162,116.4806574,3
7.992085783,42.4805538,48.66062693,43.90546173,0.666674253,86.68695375,1.395283643
47.88709638,26.51692817,46.7887596,19.92098883,0.973406292,209.0411147,3
17.68215556,29.83054397,24.45825305,15.46402051,0.052713727,254.3986632,2.491627628
22.19156737,32.62369407,44.30338484,26.87938754,0.191626672,149.9055313,2.767766022
9.123719233,42.31538335,37.45047411,11.57610605,0.640223923,133.3116443,1.628267999
10.05227412,41.71893579,39.86863324,18.36335089,0.89652645,153.6797229,1.548909048
37.70332544,34.35887676,10.04073087,22.33762853,0.79764791,77.04345871,3
47.49495061,25.54438774,22.91288005,17.47648821,0.465582486,207.1664845,3
32.48368227,30.08392429,56.53418484,25.26167753,0.745474675,204.8216405,3
37.2132507,44.39082663,24.50380417,22.30928025,0.208097561,110.7899504,3
39.28863851,35.1943306,31.90077611,39.8565964,0.013730592,136.3817462,3
16.82664235,39.52744388,19.33369911,46.32839046,0.57001665,131.5073323,2.521900382
7.035333391,31.24661738,16.9301276,9.541544754,0.813244671,193.8423799,1.16916364
5.084273476,33.30018189,20.43344843,42.04861445,0.433443539,146.15776,1.197377157
20.77921773,30.72385281,37.68236644,46.92970435,0.56924877,178.2138039,2.44060215
15.86589027,37.57302495,55.95143257,35.89759157,0.422181195,147.3013251,2.068418269
7.804297627,41.28677535,26.30995899,49.83888543,0.5140379,237.8984993,1.636537068
13.07877316,32.68408858,26.17039761,20.07693498,0.884346264,161.7178407,1.693469828
10.60245042,32.02168647,38.20702934,42.36394737,0.478140109,147.2616676,1.506494243
46.16952713,28.50716168,27.83713588,35.31661271,0.007475586,107.1401896,3
11.31202461,24.42741736,55.5208024,19.55429542,0.799848642,107.4442446,0.990317361
29.19418088,43.48119307,28.89240213,36.71044176,0.617717341,143.788813,3
31.68976798,27.90199297,34.52211263,27.93298276,0.730393337,121.1697282,3
29.4570256,40.01728659,36.6694642,13.50382509,0.901087206,92.45077198,3
9.45753954,37.88367553,49.10338976,12.82458571,0.286214236,207.1600031,1.574402123
19.34592628,39.77294001,38.19529697,37.1029481,0.503069921,74.01855593,2.626869364
7.307164961,43.41920333,21.95775501,37.0368708,0.602483549,229.9052327,1.657203949
22.80514613,35.58426901,16.19936033,28.88481924,0.345391164,146.2403369,3
13.48695191,42.44875858,56.88872733,27.56370503,0.846067152,115.3965419,1.771732961
30.273464,24.19243307,50.07814973,13.10173006,0.69756618,237.720076,2.984196248
36.17637772,35.6678144,11.14826051,24.31787554,0.733407584,108.3119378,3
28.94539371,39.30689032,51.07644922,44.21288845,0.808007268,175.9989152,3
24.54065135,26.79102827,39.5298897,43.46272877,0.258084181,136.9543251,2.822758423
22.43000394,38.51884503,35.94471175,34.74135058,0.74564179,152.7123333,2.794693883
42.87612956,39.46192073,10.61145895,49.88105051,0.77380686,171.9840442,3
14.87156293,40.7796989,49.04320282,45.1930256,0.842392547,103.445239,1.934851288
38.03982528,27.82207281,19.90325071,11.53536906,0.488537831,167.1511956,3
39.08670461,37.04016475,46.39906066,22.96113814,0.504189615,161.2706701,3
23.86400033,27.60633209,10.79341237,10.93718681,0.09817822,151.1212748,3
18.37852697,38.47600969,49.81768248,25.97403274,0.852120959,159.6880484,2.196149049
26.17436687,31.57434163,11.15197342,39.93722711,0.533488189,182.9674954,3
9.194626665,34.93860936,21.7946452,12.01049195,0.594434722,172.6903424,1.568919166
7.06685145,30.39599954,23.41391063,44.61899146,0.121440656,103.6939517,1.425025695
10.02214398,24.04957317,17.87543191,30.60758982,0.601822532,85.2341009,1.324201252
13.42152642,24.45073824,34.05290981,38.70250047,0.04198835,110.2869925,1.795653976
27.68795692,21.93922268,24.18439798,7.032011545,0.923208767,190.5424489,2.796654751
43.21114863,35.45181699,59.66439879,9.222716901,0.863537472,211.4641584,3
15.60390494,41.21595995,38.99843967,32.93875339,0.194317424,109.2224546,2.447112717
47.08229048,20.52092066,38.32389125,42.71863608,0.593800666,172.0550019,3
47.9708559,21.65598755,21.04348151,44.3239288,0.602699121,213.2275999,3
48.15070722,31.43667481,30.43447194,35.97661964,0.803432415,115.8373793,3
42.69032306,38.4430184,16.19889972,14.04224241,0.756920363,157.5419955,3
21.37212684,23.94269112,48.12646261,13.77597716,0.993243216,217.7039828,1.957416154
8.270775995,26.79128299,26.55796231,44.66132363,0.350840677,181.2341198,1.279120404
30.59684293,25.80015503,47.59829167,10.09559235,0.124632452,166.2133154,3
30.14066498,29.97628047,28.5848,35.87318888,0.57347172,125.7672706,3
43.24890952,25.62496693,59.43786201,29.00780776,0.763991674,182.0804303,3
49.81959729,28.81496696,18.55608111,23.96390433,0.285793352,183.3839873,3
27.8670788,38.21356497,10.07619469,24.81505548,0.236206367,154.2769358,3
20.5341814,35.27523121,39.74127707,47.53433132,0.802454595,129.6553338,2.430619112
13.36557702,22.02954263,57.64766,43.764944,0.753722292,80.06693929,1.117538044
5.215992117,35.94364166,42.35270275,43.92427387,0.203391968,168.7122391,1.194497589
27.91011616,31.92692929,14.28617614,23.29782387,0.869270604,105.6615668,3
29.99834,43.36413937,37.02401912,9.814154393,0.134729417,108.1954964,3
42.12223159,27.23260793,55.47434681,49.90277449,0.109239825,157.8777258,3
27.70596356,38.15416049,10.32530339,11.54043893,0.351107236,183.8325614,3
46.24107569,38.27152058,18.34561064,28.20120486,0.886532593,134.025838,3
33.26375645,25.53751953,50.72807781,16.90786349,0.695440169,161.0217288,3
42.81513072,42.58059062,54.69535533,27.98342877,0.394718583,193.1474904,3
11.67357807,32.27958001,45.35803104,18.72199373,0.157250923,186.9771442,1.711138035
43.49012586,36.97208417,59.57800818,45.35989883,0.713476513,178.5856136,3
35.38147345,23.64638897,14.51079648,48.57537181,0.599147219,166.398984,3
12.66048646,26.44509792,37.28382579,23.45289272,0.987682911,107.7324716,1.280872197
13.53936012,34.65267795,44.24973613,8.158533826,0.765559462,128.8939114,1.683748184
46.69252786,27.97568171,45.13223602,34.85012447,0.102123956,83.68896528,3
6.44969122,32.49232296,49.67423077,21.94815038,0.728215059,139.4044448,0.867196717
25.81407245,29.35012998,55.88130225,49.36858952,0.257447046,159.2631981,2.872208366
19.10638805,36.01384492,28.08207228,9.021865005,0.961895699,97.14180746,2.34933173
34.9284848,32.17863407,12.14816964,10.36068983,0.019273617,106.68856,3
42.78332244,20.1152484,28.12209572,36.47404014,0.23835059,95.353704,3
21.21701547,36.24202095,43.58073817,39.13923211,0.498998377,161.8369964,2.644462342
24.21059393,30.55303893,20.67280437,26.19933819,0.0790684,118.6002256,3
49.1863003,28.54245851,50.49864758,17.47690711,0.344062834,106.8481207,3
40.27624294,22.35366881,20.98822289,18.94145221,0.497234973,160.5759866,3
45.37418589,25.50924226,10.50317012,20.20878349,0.446933253,153.631875,3
24.74429993,25.59430729,35.40403871,15.13768958,0.460585225,109.0806452,2.74324057
15.53342918,43.38423749,46.32307857,43.27891467,0.879023052,176.8357849,2.096741856
23.53385594,30.81282437,27.48276703,7.92847434,0.505290874,111.4119423,2.853006633
37.2241363,21.05164618,47.44478998,23.32750208,0.941046851,228.4593844,3
9.924368218,23.47041706,31.92021671,38.64214152,0.147731681,129.882373,1.38171605
17.17110975,21.97581689,18.58573087,5.17214635,0.280256088,233.8493941,2.123652853
7.098615521,34.72173476,14.52791969,44.51146326,0.656515775,156.2759525,1.393715626
24.45564823,24.66553729,45.52935825,36.78319456,0.283122582,206.8916305,2.670894525
42.23505812,32.46394101,29.28573938,8.301828058,0.347276069,190.5666849,3
6.109865973,29.25155157,55.6386884,45.2748465,0.901028198,105.570719,0.579137333
35.38955871,40.09690943,37.01275293,26.92872467,0.538559175,178.7491235,3
46.96231435,28.01224093,27.42162091,34.35077003,0.334660756,140.6880857,3
15.66175377,31.45663706,27.44954635,44.69150185,0.776711778,97.12975548,1.951878593
36.21356783,38.03213871,16.57189322,44.65230551,0.070664754,218.3378727,3
48.87958555,30.83378017,39.68945768,23.39348533,0.56366261,159.4777496,3
48.30251271,39.8303884,39.10835677,15.69602683,0.099669722,73.02859674,3
15.57181369,36.54210891,49.9996846,16.5839695,0.176850802,140.4506851,2.186829419
9.514897395,30.26322785,20.05984812,39.46737139,0.062445454,203.6675119,1.728442793
11.67271421,32.59954814,24.53948212,46.82436625,0.901683029,114.7996424,1.55768669
36.59160508,44.1800864,14.86189845,8.250380299,0.048204459,240.0122413,3
37.6591494,36.54028741,24.76711011,5.675887763,0.516416448,216.5415113,3
35.34064527,42.62488065,31.40510579,42.03207777,0.224977402,146.8861784,3
20.12352745,24.46896259,58.2014203,22.39711715,0.383588634,127.0942828,2.054176311
12.63996229,32.08090391,42.65330014,17.44021602,0.493656185,104.2215036,1.659998599
31.13424914,42.71654175,49.14369649,13.47682314,0.450060141,178.8987574,3
26.76562006,28.06530154,26.27549426,20.59162744,0.74808719,120.7351922,2.97527352
37.79753662,44.19160495,17.22564064,48.71606402,0.911883326,200.2691046,3
24.86120354,22.42693726,22.8359971,48.96858985,0.300272214,130.9290432,2.855188851
20.23878626,42.56677926,22.82338455,19.9181087,0.024540497,113.565146,3
18.20653598,31.13030305,39.15576641,48.36605532,0.893945436,112.6758004,2.019799984
14.5161644,21.84360413,27.07355662,18.49385524,0.978784066,131.3635374,1.419608979
16.95858693,41.98803981,52.86994322,43.45164929,0.433351174,162.6646219,2.350085001
9.267369748,26.29850531,59.42722596,14.54018941,0.455788877,128.1045427,0.98118712
20.60856549,20.55625314,27.16492026,42.19194148,0.14415611,112.8185327,2.402337729
6.645641556,23.39517764,45.25301368,20.91786789,0.47552345,150.9530594,0.754111548
13.38862312,36.47786855,42.8743291,13.8075584,0.303349236,189.7438808,1.974373355
38.60467001,44.44528723,19.72312439,47.06509583,0.994380068,211.4661683,3
19.64610449,22.78655349,55.90042974,14.63829496,0.184847964,177.3010174,2.072733953
35.07066576,31.5487012,19.97212936,49.63258516,0.378586732,212.3890501,3
37.2597879,24.51591377,46.84785658,9.885825157,0.616501982,77.42160311,3
31.15334042,38.62591335,27.38048211,5.450935253,0.345123552,131.5417128,3
48.14139836,22.95147249,28.35407835,44.18570957,0.474423539,175.4019204,3
5.964793998,25.99604371,32.77245264,31.39719837,0.973483633,126.9746552,0.648547847
38.23936928,24.91014919,53.2253989,23.97318359,0.508071376,85.14979703,3
48.14539898,33.81299451,17.01259708,8.688376649,0.910320438,150.0244947,3
43.80222782,41.8296023,12.72847889,30.87016389,0.043082869,215.0814035,3
12.55517113,32.77725503,30.10204095,22.71765134,0.119818344,149.2178682,1.987162699
19.70691378,21.45608632,12.77925496,26.76298608,0.944511595,147.8693579,2.085845908
12.76033279,34.08472326,44.38004415,33.36763376,0.128731112,250.6924155,1.904024724
32.05887637,39.93802498,48.01625375,33.79701225,0.736551195,237.0347086,3
37.04845919,23.30390493,52.73561974,48.22696586,0.446003604,145.4724048,3
19.26831962,21.81778036,47.19211227,34.4774036,0.406748329,198.4300551,1.97879602
29.27779583,24.69519444,55.81756968,20.27318631,0.659220264,185.162275,2.863166902
36.09142565,38.65215807,47.41505614,19.83347725,0.727600825,160.8471248,3
23.96029175,34.79201049,56.80378199,26.47224288,0.93196928,81.92553984,2.521740398
43.43069887,33.51486635,19.65553971,16.66974649,0.256885489,231.5079743,3
39.71974709,26.23699737,34.99315664,21.93975402,0.698080378,179.5831324,3
7.909949473,28.30591488,59.69652999,42.89507474,0.342285818,218.5476108,0.966417235
32.95063846,44.14712532,44.07890913,43.68927213,0.717609745,202.1294811,3
15.58964979,26.01563067,53.9320559,33.25066152,0.142116126,145.4799758,1.815774046
30.08832191,42.54113558,11.51968969,31.22784239,0.45754255,121.2524466,3
48.05997992,34.51328761,53.58789493,24.21949243,0.183629728,210.9606619,3
44.5577902,23.08241166,44.88566173,33.6154512,0.33644623,108.4167505,3
23.20323814,31.68280945,18.5377717,41.27240056,0.715629407,216.0278684,2.833225042
18.11812363,43.71371793,11.28404782,38.20311761,0.233349849,165.4244286,3
15.5482585,30.46413995,22.99632891,6.595678205,0.684883904,104.0099363,1.997891941
28.96316914,41.58466412,55.78866795,37.90084994,0.495940194,87.45259798,3
10.1411804,26.41071737,43.40664694,37.39764502,0.092036557,122.5120442,1.414390537
29.71737537,34.2730538,55.97345521,9.454574151,0.386694685,158.3543702,3
5.060013777,41.09630146,32.30753912,11.76113141,0.869206203,140.6200253,1.1181996
19.57323338,43.01721103,56.83135476,40.455883,0.989290898,236.2219639,2.328271376
14.89704412,32.14558418,33.14799077,30.15453102,0.368921097,120.5557843,2.045283428
48.70484555,35.99220255,20.21273622,41.97330458,0.054874731,206.6764173,3
37.72590438,20.07450327,17.56967321,13.31348607,0.130187774,163.7199999,3
20.73440212,26.33058269,59.69059065,6.377664412,0.788148414,244.1078077,1.960146188
9.178028894,26.96780259,26.69313307,12.28737896,0.655787073,206.80249,1.221904775
28.25602676,22.33732529,18.00265127,25.36565204,0.285011999,135.3100291,3
14.60515466,26.99237533,10.42042154,28.548174,0.391298563,197.8635669,2.060407814
29.13932957,28.02805083,24.27847833,43.59655049,0.811150231,154.9024216,3
42.59130594,44.21915099,54.45580718,37.22902384,0.413109947,225.8763821,3
32.71066484,36.71505951,36.70046603,49.56757882,0.755773212,89.13938647,3
33.52047888,30.65012699,41.62175258,8.542381612,0.295205701,134.2642842,3
29.34636301,44.70136152,56.11955519,10.85994826,0.724811799,158.0424811,3
46.72695347,23.83080801,35.64199591,8.796001722,0.466397443,132.7127519,3
46.9356208,31.90127985,51.91399229,29.2306121,0.545354282,227.7935918,3
28.07254405,36.17655518,26.1916639,17.00873469,0.598733112,126.3084678,3
18.75917692,21.38951586,58.85509314,35.7634823,0.450574694,153.1508551,1.775063276
25.68141526,37.92497145,13.94069368,10.97108998,0.46613562,201.888424,3
13.39510605,22.49668382,46.24147628,9.64361298,0.265708621,123.2980529,1.494130993
33.63549419,23.50705771,43.02831434,25.70744615,0.985764378,88.45078989,3
27.50415511,23.99223781,19.58357529,21.9154259,0.905815056,178.8316557,2.90141349
9.648521502,43.22224567,29.44219994,42.31242122,0.527382828,200.0708656,1.847480259
13.89415015,37.08088863,25.64145584,42.68993338,0.034629413,155.2256911,2.351715371
26.58343803,36.38568753,14.72464342,10.28429005,0.168427971,109.4566845,3
44.94150458,33.88733741,39.23940115,41.55452509,0.853935211,171.2424133,3
30.48758243,27.32014997,59.68349228,30.38742421,0.930812073,267.8160405,2.897188949
35.66907501,35.52224261,37.97940705,27.66012232,0.161292105,236.4996903,3
20.25628474,30.253743,37.26299534,9.264351931,0.734518656,144.9968073,2.294197292
30.71351269,23.63540375,12.01568537,38.2833846,0.62302331,186.2036131,3
25.13209202,37.23993226,16.96101117,7.683520208,0.30338497,184.0418583,3
34.66084607,23.2395542,35.66095446,17.49612963,0.436091404,175.9293828,3
7.275900474,24.76671453,59.25892821,9.294419064,0.677269427,208.3207111,0.621923202
27.19850973,40.4424828,53.83038677,28.88454244,0.101295914,142.942404,3
18.31966813,36.5029274,27.01045607,34.03535264,0.189042652,233.5508682,2.684105173
19.67832776,35.77477886,37.15021271,45.08848159,0.033314972,144.4310813,2.772165791
48.24128442,30.45506961,37.63511111,38.02423644,0.902201725,236.8464171,3
13.22126657,29.90701296,44.26803064,48.24969795,0.57389619,210.5740421,1.589398688
19.00603637,37.25656523,44.38910206,39.24274248,0.523427436,229.5666962,2.436884406
27.94516591,38.50013847,49.48962442,18.41328965,0.706240641,129.2112876,3
43.83621267,32.75533006,11.24855124,29.64131648,0.988350224,87.11738685,3
23.75015374,44.23173111,57.18400953,25.60728377,0.172237288,251.8705298,3
38.47393764,43.89248897,13.5031023,30.46859256,0.133106018,242.7736106,3
43.53683442,30.31073725,33.80800557,30.74402027,0.294790865,164.1331454,3
18.95073601,40.51555636,55.97896382,36.59454885,0.90394416,124.4173633,2.233830428
22.67375826,33.58169604,34.38344146,8.736971659,0.411460611,148.8310203,2.837200974
21.04503007,32.79389719,13.18184171,38.6035308,0.793496758,158.8715467,2.669066117
42.47851139,21.37410153,21.46200099,11.4684626,0.20292816,227.7862457,3
6.995608788,34.34936776,38.93333777,6.179328721,0.493605442,233.8320044,1.208403705
18.878949,42.51444826,14.39308089,28.35074939,0.127470539,196.0040771,3
35.57338509,39.50334623,31.18389655,31.16646323,0.4128984,94.65441336,3
30.44495748,39.65792862,26.45466331,6.568298155,0.262281967,110.6342249,3
24.63302117,23.99822596,50.76038139,28.19170017,0.549431596,124.7764812,2.48092337
29.29767022,28.96123618,15.50659692,29.05565938,0.780406213,98.81666965,3
13.89130636,25.83012292,44.13992251,7.362270557,0.938370371,98.56481685,1.339550323
24.38224797,27.89788206,30.32945354,37.02133783,0.283842781,103.1433702,2.922938273
27.57663429,34.48848359,39.38753402,14.46303658,0.743131696,74.80212018,3
45.55351049,29.11959533,20.2765886,40.75066462,0.885592337,156.9884108,3
16.73758233,34.01744544,40.48518424,18.98699584,0.124851877,100.6682854,2.3403953
44.0522826,30.96253121,43.69888637,26.50516392,0.585932228,246.2436832,3
33.99086304,27.16538896,13.51157823,45.13328957,0.611846309,230.5108838,3
5.915337398,22.38508586,51.21721338,41.27807601,0.272385102,128.6038715,0.689338583
37.60841016,42.29596143,53.06270564,40.18386104,0.02251456,145.0956989,3
6.59983449,20.28433415,13.17770278,12.21953889,0.256702946,148.6476094,1.07599942
49.88215071,20.0413122,40.1593744,7.166407401,0.584734607,99.50652328,3
44.26865095,40.66994349,39.70057485,32.25915278,0.196442712,123.640252,3
18.38046864,44.92027351,10.62292059,23.48112391,0.28734518,114.1737291,3
16.58350536,38.17757069,27.1173207,45.90847744,0.70792246,173.3579524,2.305801789
22.16484869,20.38184595,58.44628914,20.73169686,0.398315592,205.7991803,2.112259047
21.02751344,25.66725567,37.77253761,23.47467579,0.065425387,171.1809692,2.547888463
21.75520183,44.29556751,56.66059014,28.67002444,0.399165884,106.6615899,2.885850256
19.32244458,40.2151063,43.78223179,40.83802995,0.999768965,136.7744929,2.335041201
32.95100331,34.1699961,11.41952591,17.07345743,0.261051539,148.7015064,3
12.39186487,25.92151774,13.8856599,47.38192957,0.265256528,133.6520374,1.831752215
43.06915816,20.35925515,46.10894777,29.29645007,0.169886415,91.28170579,3
41.55811178,20.52153682,37.72838952,42.84397675,0.271637383,129.9786924,3
26.44174435,35.29952159,16.35758323,28.65283176,0.574753303,185.3984943,3
43.37284844,20.54579691,40.70313392,39.73969381,0.964602132,126.0766535,3
16.12152815,44.84075355,50.51436803,7.313933862,0.607695272,132.1627398,2.297853284
5.790445507,24.58459584,47.64912151,40.96456168,0.409847592,109.084849,0.717116067
32.86435663,37.76768405,22.308123,28.57817434,0.389633629,119.864791,3
25.60592331,23.87649304,22.90974833,25.22370147,0.024225885,114.4055459,3
30.52240458,33.50233553,58.39189026,10.022435,0.002542302,168.0044902,3
45.47027341,22.01528221,54.37024011,38.37031425,0.797193547,227.9306577,3
48.64665081,39.16946061,25.91686572,10.90236436,0.490160663,135.3287762,3
33.55039129,34.62302737,51.20272448,13.65430158,0.033209413,84.11028253,3
39.38250154,22.15416734,18.08692649,10.68904651,0.286027045,152.2847586,3
8.771379507,41.21465473,19.84205507,5.295902347,0.356681884,182.054508,1.874198282
12.23220132,33.67546537,19.05980269,34.7861201,0.78328889,224.3927538,1.763493172
37.99421622,43.03980775,14.38603875,17.18798201,0.434386703,137.9457231,3
24.41144554,42.91558434,52.73390581,11.72617066,0.789300175,189.2394532,2.949674886
25.06843717,43.01269474,38.94034491,19.39876171,0.633734051,114.9210536,3
18.88734567,21.94463001,22.94780462,27.45881112,0.033136206,128.9277163,2.374176085
32.33103726,23.02394404,52.43275164,27.65356344,0.968688704,97.02373839,2.991896659
13.33242704,44.69264524,50.13233797,21.52382037,0.181433037,154.5999183,2.230957648
33.21123257,32.19002053,15.04757591,27.2719522,0.275619562,108.380718,3
12.82094857,25.95535132,42.20696869,24.2303656,0.809294029,148.7446369,1.320556533
7.872171562,39.24161221,46.09168008,42.01993611,0.189839864,197.1251864,1.539434164
19.86609599,26.60713053,45.79136685,6.332628537,0.401087784,133.9882292,2.21505639
15.40131539,38.1803922,46.15713539,44.061356,0.864991218,155.3949324,1.918744316
45.00462374,40.93214445,18.47288928,15.97618651,0.637272276,178.0686106,3
7.472905424,39.60658443,25.75432271,37.48019968,0.302080599,131.1499948,1.658926497
12.94761617,26.8511952,52.20892543,23.22678274,0.644049722,201.2320631,1.345687342
29.69238225,30.04046435,54.91958751,18.2449834,0.812624476,115.8222652,3
26.64802359,30.33127508,23.95944433,32.69063178,0.403889283,151.4612829,3
7.063340827,32.28182295,11.15097581,39.59979885,0.571674684,121.0738621,1.385047747
5.326359261,24.18432129,52.98834736,25.24714039,0.987927685,117.8604323,0.5
49.46305739,31.31175126,28.85459189,25.99492294,0.964562843,124.0068375,3
34.64756152,32.76957476,26.4731778,7.648541815,0.509037312,107.5396854,3
21.44327589,33.29272491,27.34998398,46.57981913,0.096141257,116.327614,2.932514618
26.16945114,40.49751075,30.7848212,43.11035134,0.700682089,182.1449957,3
16.99475542,32.93336246,28.91333108,22.90967544,0.268620787,123.8487687,2.373810586
20.51932027,25.76959806,38.32154496,39.42277759,0.669474928,106.9249048,2.192965715
34.20700103,36.57821846,13.94701392,19.09756291,0.351755598,105.0084472,3
44.72653095,39.9328536,58.57700972,37.86898069,0.718758438,162.7236486,3
13.28585104,27.98429166,56.82255172,28.25112725,0.367322558,139.3726872,1.50950803
42.81626774,36.13264823,56.72033233,25.7345025,0.941195277,107.6316687,3
10.47004833,23.6734499,53.9638812,7.543534877,0.136672872,213.4977962,1.228144581
14.67465006,28.54815761,43.01631511,48.44398648,0.068404837,89.05071076,1.95470469
6.672887962,42.73059824,21.05542814,42.68340364,0.781199097,117.2693924,1.490488241
11.33653379,42.78270408,12.47417436,40.70246306,0.40132596,140.5344516,2.234338792
46.27864155,34.38311447,14.96605324,18.72122889,0.46557559,149.1952286,3
25.6747436,37.55878652,26.19962502,18.0315583,0.93381726,88.37928941,3
8.49496378,41.35038538,35.19415127,30.79368935,0.589920718,188.7003598,1.580940686
48.18770771,43.96382963,59.66265356,43.08004383,0.660170648,131.7079507,3
44.55465385,32.24716101,31.77217459,47.05827828,0.019465926,140.2134086,3
38.96071344,34.03939342,36.23230452,17.10180617,0.670514407,110.5644587,3
47.00627564,30.39103917,44.75786236,32.33366601,0.388352936,248.4032796,3
14.90582394,21.79954843,19.03669852,37.575626,0.460214463,221.781861,1.796759791
42.63661819,30.57008681,56.64135008,15.18764653,0.808050119,95.9758039,3
36.04960384,39.76568348,36.45173029,23.33608836,0.523793593,207.6481211,3
44.13916623,40.12213745,23.81281728,13.43634232,0.98687081,210.6350465,3
40.86102046,42.30942786,56.75544932,36.4507285,0.796811129,243.6184035,3
20.59227784,21.28666763,41.27253093,43.87033114,0.728591548,108.0289896,1.991762289
39.84793417,33.17886474,34.18448656,44.48904595,0.588686657,157.7091169,3
16.81053363,22.6856122,39.0077955,35.15399917,0.412396722,128.3644592,1.840964121
19.78664734,25.01855458,47.41511095,20.62185621,0.052872334,127.908712,2.312029277
9.855757275,42.50541256,17.72690018,34.74681696,0.018495907,218.4076009,2.215905857
47.07844772,32.41978146,53.24152154,43.89200272,0.046758767,168.5436889,3
18.09515135,38.96362302,57.97534051,33.16351253,0.958836384,132.9579139,2.049130972
28.42801093,21.60960265,38.34998259,23.58013731,0.323212115,113.250093,3
22.60997764,30.4206626,44.11354234,46.39112378,0.700609482,154.4020126,2.483579686
48.19676543,36.85600702,52.99167404,42.5847467,0.594314604,140.7180975,3
20.07721269,23.33516203,28.74053157,44.70958581,0.571667709,164.3997491,2.212320833
40.03456196,28.14544698,59.64158974,45.64364095,0.579241564,140.9886749,3
43.49372696,21.61369513,44.02506847,22.72155384,0.302295823,178.9115994,3
24.60229239,36.28349852,31.19993492,43.68375534,0.886532545,129.8613273,2.914413567
22.01773165,44.27228148,43.86689875,30.66573521,0.919206227,125.8884285,2.77924378
38.64856194,40.67613728,36.08400163,6.71715381,0.644525785,202.5683017,3
46.08031911,44.36557792,15.58207858,33.61263604,0.863949221,156.3295322,3
38.97192799,41.14011988,49.79326524,26.17785159,0.059981017,154.6762374,3
15.22068645,41.37989515,38.21877901,17.38195966,0.100391251,119.2570947,2.469015068
44.97384863,34.42942988,49.79227789,48.6672413,0.559066225,124.2580806,3
22.44117503,32.95630779,17.74559702,7.478188623,0.846507041,138.8657329,2.741951606
30.93032353,30.15635666,36.91785784,47.56448258,0.315429401,154.8657901,3
42.41460287,40.45237238,48.33121361,12.16701773,0.548055916,126.2662482,3
13.47776453,24.55169031,59.41522838,21.96446807,0.009960531,104.288435,1.567033581
40.30295611,21.4056229,54.21986382,23.77558289,0.986630012,101.3386645,3
31.82732591,43.69734557,53.21748135,37.89592334,0.766980868,210.6923452,3
45.20037388,20.09445463,22.37300691,14.70241439,0.361419147,128.48438,3
12.73866808,44.42073305,51.89923009,49.37458295,0.983012831,99.84728197,1.744059194
23.93070067,38.22133425,18.46406388,38.70553337,0.092427989,123.3017067,3
42.47793918,28.21247299,19.90538323,40.54786873,0.464175765,91.04945229,3
5.865426656,37.44549608,15.50583719,9.789294772,0.058851285,144.9078873,1.650241854
10.0490615,40.44687893,52.87982654,26.43404043,0.334965021,144.4198323,1.656854672
49.57543457,26.1340514,15.41272482,47.55242077,0.21936418,144.1490214,3
17.61773804,39.27239208,16.90557399,17.15297322,0.316550853,205.7952111,2.743522373
48.89944372,40.10924063,22.2943575,11.54226447,0.947409316,147.6131552,3
13.2139198,26.23386575,38.63312046,26.84275069,0.427186997,111.8494834,1.595929468
21.24924994,21.04815886,54.00900927,46.86768813,0.324860811,147.7878992,2.124009791
38.879125,25.10305711,30.91140776,26.9055781,0.64077238,145.9305178,3
34.60002833,25.01616022,37.31429746,23.21754363,0.683369191,103.1200544,3
31.150508,21.63101135,18.32447,34.26225965,0.983768866,145.1004324,3
28.84546291,38.15018462,23.29729279,47.15977995,0.546057772,153.6521991,3
42.95481996,29.49937311,16.69628812,7.207585214,0.752563644,171.1672323,3
15.57268533,42.10965419,30.49594224,11.90279955,0.382165019,165.5100741,2.46488174
24.91119171,26.30427764,39.51678293,10.97394395,0.171032646,86.92535346,2.887244274
11.99535315,31.33080413,24.2009765,8.839984203,0.429835429,146.123167,1.786967973
31.81737181,35.97543572,52.29979278,18.59477363,0.418775839,140.7389954,3
16.27449909,41.93662374,59.06191755,15.31890649,0.420613492,227.434129,2.224411446
20.0228929,33.11552754,16.00774262,29.69110698,0.69542076,188.9469817,2.598352401
26.20628225,29.3381157,10.8930028,19.72802398,0.405942311,166.2882387,3
6.204676357,41.67537696,49.48884537,23.23435377,0.954162729,138.8105184,1.037677049
9.137207116,27.75616062,19.53213389,47.38391107,0.982749682,222.7218692,1.152229885
35.86681493,21.98559249,27.65732963,12.00450386,0.523361429,107.9663096,3
24.30364913,31.12605269,29.71156091,22.48057971,0.558444009,101.3584055,2.891562389
43.91555999,39.62733266,55.82996945,16.56868282,0.407626372,125.9457526,3
36.26024016,20.76952079,42.94191079,29.71246921,0.355593582,156.9310128,3
5.364542374,34.64705612,12.03047452,38.13513019,0.985326536,228.5645662,1.078388095
32.75205488,34.86160121,10.74051204,41.7644543,0.040656869,90.37007253,3
9.217618973,43.21354409,19.97840488,28.18835125,0.410086233,205.6915937,1.957386202
40.14199309,27.16162043,25.90859704,43.47124662,0.151340387,128.8795593,3
49.61784597,26.97091533,34.2261917,40.32839785,0.726280268,98.37926481,3
28.90394574,31.01209128,51.89197062,12.06518276,0.194445677,127.6692628,3
35.72507751,28.92287254,25.7408878,16.04429416,0.884645728,131.7032955,3
15.67913724,38.40864657,28.82686096,35.22742378,0.374477976,115.5787239,2.372694345
24.69189847,36.04380193,26.4668965,48.86573089,0.917148733,155.983082,2.94740658
43.52428995,38.97302595,10.4482668,21.92583653,0.98656253,157.9125125,3
12.53403265,40.50104478,57.76007696,15.34135283,0.771171414,136.9139595,1.640251614
16.94910225,43.07452832,16.94979421,44.11082454,0.623158049,155.6777115,2.649650869
25.04451539,30.77341829,24.38337391,13.98253818,0.149901665,149.6476348,3
37.05120013,44.61743474,16.4651651,36.38337233,0.933060336,175.6709468,3
21.91477797,25.39152034,34.52715781,6.541208166,0.776866657,130.2626248,2.304156901
46.74795259,37.85912905,56.60830575,5.854123179,0.288045779,134.3919996,3
9.250567307,33.35023293,15.03503588,25.32050213,0.468501934,118.0676255,1.652129836
21.68618889,40.42251487,32.04484618,34.54430574,0.067665006,127.2097259,3
36.90293555,31.91926302,11.11874229,11.40955043,0.659000322,236.5701277,3
15.16940445,39.59846588,48.54491107,39.37471039,0.125264669,109.9099042,2.288807863
34.53859104,43.25421787,42.06130718,10.79314171,0.651531285,242.0785296,3
12.38976312,38.30735665,44.98493319,29.01685135,0.671553661,111.0590828,1.730262038
7.519112819,39.40235716,33.61681804,18.87346365,0.324629052,116.8901662,1.566840481
10.44570725,21.67938578,55.38165148,38.85139746,0.948662679,196.8076397,0.739069064
46.84931524,25.12394156,30.47787254,41.18525391,0.778962506,186.2627351,3
29.82878973,44.35759351,35.70425374,7.97410578,0.496733655,128.3448644,3
40.8355599,37.32967509,44.76446111,13.66720562,0.918569187,160.1446133,3
19.96945254,34.03622543,36.02803205,45.16898493,0.855843264,209.6927035,2.343284149
31.66963915,29.17440933,19.4667824,23.70257765,0.692218226,96.20176356,3
27.27284602,21.10972503,25.8535309,26.45311394,0.152965314,152.52991,3
47.55820817,29.2283977,14.61472341,12.56107287,0.497073926,195.6556393,3
38.64085862,32.47282183,31.63067486,49.77026584,0.864422873,128.1285971,3
37.87441842,25.28648773,40.46960465,46.53714573,0.608891547,216.8689908,3
7.085897125,24.32841978,15.92649721,5.091110194,0.545511445,159.0080986,1.087516344
29.73513511,32.71041378,41.52935607,29.78306072,0.9552242,157.330364,3
26.01461543,34.64760589,54.64360699,44.25203226,0.016548065,176.646944,3
46.752902,25.99794797,26.88618665,24.37401228,0.012046385,186.4380354,3
16.58038947,34.68473686,21.10165481,24.65664164,0.89282052,201.5490187,2.156770034
17.1425054,42.5084991,54.65030319,22.07062205,0.038537215,106.8983001,2.56542887
23.5105812,31.82933145,44.59726179,6.297275082,0.332543714,128.8257631,2.79979136
15.9516371,41.43475424,15.2697434,40.56275011,0.924025482,239.9726727,2.36161201
10.8132763,43.18178611,30.4055976,25.55533415,0.691152594,145.7691701,1.871088228
43.5836681,22.30985072,43.70447999,28.89795373,0.648158906,123.7999237,3
30.1224436,22.39528949,38.71919375,16.50583026,0.656998315,115.0465773,3
43.76132235,31.90110457,40.92735597,40.28533214,0.317642979,166.632836,3
42.40106444,34.70256111,38.3567587,40.7186846,0.530533591,145.0656851,3
17.69190597,30.64708661,49.90306827,29.88143676,0.629973064,140.3881601,1.976742936
29.64818499,28.16126926,26.02134784,45.70825666,0.305715326,122.2341012,3
8.744796623,36.0248529,45.42311739,10.21479038,0.795363916,115.3574885,1.223394961
46.18633478,20.05203781,59.55397212,40.39819991,0.321748359,196.1620131,3
23.19182218,44.20183202,29.49794289,30.1362864,0.071444154,126.3812446,3
22.71542828,25.8019772,49.55241573,15.39559252,0.201454574,165.113554,2.53535729
18.62399168,42.92746921,22.30546186,10.95367022,0.408410418,162.7399024,2.86605498
25.72986851,22.72536861,24.09483561,18.54531681,0.908055888,118.3150206,2.635522838
16.32917239,25.95217955,56.74319371,43.53421631,0.415761692,139.3040917,1.722677108
21.86835228,25.87184253,11.29691781,40.44287074,0.089803802,202.9671139,2.8913589
40.99761719,44.90382261,20.87136724,34.03095916,0.196456767,198.2027034,3
42.54149766,20.11501364,34.14603489,9.06471535,0.544467486,221.5455707,3
18.68821149,35.99095523,30.09238109,47.96737879,0.177656005,130.1900807,2.678767844
26.10564937,41.74216453,41.45848656,18.74480596,0.063954612,139.1811338,3
44.32188993,36.80684135,19.63610252,32.31499925,0.714828465,188.5210422,3
7.370299932,29.06834546,13.52735022,41.13958419,0.784347395,114.2276517,1.178527642
45.01152329,43.95773407,28.46666989,10.97851255,0.850633235,153.4502953,3
14.86329555,42.33801886,36.21776211,34.3488534,0.843934161,211.0063944,2.113452149
35.53426599,30.84887301,38.10009185,6.453319852,0.37925958,171.1294642,3
31.21482634,34.33321232,40.07467618,9.580519018,0.734469982,113.3296348,3
29.88233367,44.1879797,37.43309979,37.54146355,0.583538859,143.5469423,3
43.67121011,44.56400905,22.28759855,11.978697,0.023364302,157.3873092,3
9.570746464,31.24558189,48.2274868,24.95780255,0.40159811,152.0438826,1.31552012
20.61626114,41.1837507,14.38901309,16.17496478,0.052878959,217.8971938,3
29.22137359,27.54950567,19.91769398,23.95532789,0.083356055,175.163939,3
41.50799843,29.29532182,46.96890045,8.474910813,0.056002447,124.1265936,3
14.73993875,24.12054707,23.98630671,38.97052448,0.960946538,110.2287074,1.557675775
41.13184286,25.22961482,34.67367208,8.556852983,0.844200991,167.8334591,3
22.98373171,36.42183256,26.35988704,42.70615238,0.439104478,205.3889058,3
13.50112354,32.76954045,35.34906058,34.81739889,0.247997468,132.7376807,1.964941029
39.15438982,25.77829652,27.33279,23.7463509,0.07245083,237.3450279,3
9.090450566,30.07274041,59.7103995,43.99189446,0.431196251,130.3163394,1.098767616
28.16453183,29.3295865,27.87387947,13.37590754,0.600352881,127.731873,3
7.874410274,44.68400511,41.35247087,16.90539023,0.797103323,110.4400991,1.464831494
21.03880348,41.33914593,54.41716088,11.17056477,0.051560986,133.7316311,2.911899777
32.04845596,29.69915833,41.89674972,22.1705912,0.417870018,161.7924467,3
30.02519937,42.84791447,38.29286276,49.40299331,0.976857446,168.6563083,3
23.20949381,28.56588479,38.46147274,12.246232,0.120720535,185.8656509,2.828170545
24.30715973,36.69753782,34.82303555,42.39394186,0.400299395,145.1020804,3
15.2046299,44.16624992,50.37902007,34.33460323,0.275055324,148.6360668,2.351353458
25.51471648,29.7569716,12.52120392,5.711635878,0.134039355,113.2780681,3
47.89646851,36.99712413,54.2564954,47.52005868,0.838945688,176.1125932,3
43.2703813,27.39809528,39.31461101,48.69910694,0.69711521,171.0135035,3
11.53547911,26.65780789,52.44366106,46.62053158,0.411556484,136.4792018,1.311926654
6.340135429,34.35391666,10.51963513,27.5782846,0.369067283,121.429969,1.489414106
47.00859407,44.48161495,53.4638202,14.91688321,0.827748759,163.8058863,3
28.70373874,31.32834622,16.00687596,22.60691049,0.090783846,177.6997132,3
29.20270204,43.44092426,46.06090032,32.63861959,0.14683328,157.2902556,3
40.13230981,42.85908801,30.82606964,22.04763714,0.906550008,183.5509235,3
19.16100382,26.34406531,44.05361955,36.86772429,0.817206654,104.1847692,1.94509637
26.6858406,30.04548518,41.40948688,40.80089965,0.774877763,121.8869437,2.868566482
48.58983109,36.08256196,18.16982735,14.42268044,0.623975924,164.874353,3
35.24669091,32.95114711,35.73068822,23.22238587,0.292450052,96.16791546,3
11.91852644,22.39896325,23.86152366,48.09849692,0.934786605,93.02695012,1.232476213
10.99520366,44.84245075,38.02184214,16.24130606,0.491868822,171.3607674,1.968115892
14.19191412,38.81635003,46.90016415,20.59013699,0.280619531,151.5462225,2.10375834
39.50202535,30.94235096,14.06292073,6.604722673,0.365574607,173.4847999,3
18.29196517,35.45421374,35.78812118,19.95647185,0.016841015,132.1545374,2.644701923
5.9624981,22.18932043,40.88149104,21.69191291,0.255159062,176.5683266,0.799499383
47.48784636,32.38254134,24.76837268,9.492600183,0.187956109,226.5076884,3
12.63710374,43.2708104,57.65017414,5.064901249,0.135556642,196.5630985,2.061790658
5.430118377,42.41502395,36.01514128,30.8932468,0.032139993,171.1043229,1.58062456
15.67092211,28.43452114,19.12585449,18.56869706,0.226875443,168.9043531,2.210213315
15.57629542,33.2841966,15.38941309,5.802072677,0.103518718,250.625832,2.461449272
23.99023629,37.4345881,37.08297746,43.69749368,0.045140378,150.1987176,3
46.41754242,28.50023167,28.76191906,31.29843547,0.137322259,137.6813318,3
44.5633213,21.62198045,19.62735489,12.70257577,0.202403364,111.4625641,3
25.56025497,32.63604142,11.53492434,43.93609803,0.415962325,188.2230542,3
23.49049572,35.0408934,38.330004,16.41136867,0.583695686,196.7789248,2.841931469
29.97540889,20.14604,39.93001184,15.23505792,0.322265862,68.40247502,3
15.95543054,22.38938434,17.09013006,45.25853256,0.141259415,117.830422,2.100324857
7.348324638,25.18226609,40.08690249,13.07560458,0.940323829,230.5621644,0.703210394
47.26508613,28.70130717,57.59863774,44.55436069,0.514853712,179.6043167,3
13.40145432,33.52628057,58.9147805,41.13379856,0.741880333,152.6660909,1.497600146
13.92803282,27.34607297,54.42464683,18.93998934,0.694435141,226.955518,1.412875008
26.2607148,26.90459536,50.35392904,6.547868652,0.284896757,127.8020608,2.876903656
27.12260052,41.7337336,20.46839184,8.71578966,0.559861925,186.8305018,3
5.829539437,23.62626602,17.82175912,9.92877205,0.602164116,133.4377707,0.891196495
11.65796324,32.38650333,32.24738011,45.08594758,0.351791024,121.1262202,1.746977122
22.01696684,43.82061792,40.98158757,23.18161901,0.670766565,237.8411099,2.917184789
35.76788121,35.62533123,52.5339342,6.463839078,0.790676551,88.63408808,3
15.27883056,37.930137,21.59815206,30.04468079,0.364210551,223.2409682,2.39413416
24.03565008,30.78092478,33.98239503,14.35965128,0.014915372,218.233331,3
30.08052791,20.49830418,42.3720121,15.58067192,0.349335938,184.6672688,3
44.98666226,36.15325921,32.27969273,12.23787807,0.116815603,187.9901423,3
19.6731726,35.79810704,32.70968385,39.29096581,0.155607889,125.4938239,2.755686712
11.01012196,22.76069091,21.25585805,5.027580221,0.365949477,118.2428069,1.464168574
27.01725017,31.55399284,59.33304525,24.75428738,0.207621098,122.9187599,3
38.60247208,42.88322362,33.75966417,8.909202488,0.934888953,201.0761756,3
9.943689067,25.1271208,36.63709727,29.85685705,0.652802922,112.1478454,1.139167166
24.11075713,31.52746887,20.92796456,20.56965558,0.518364159,146.0221574,2.993529616
5.800331357,31.52757963,35.70683592,6.275821135,0.009724343,85.62640845,1.269021926
6.510163174,40.2690367,22.76747793,25.7438404,0.103617743,155.41111,1.71383389
26.73290134,40.61439676,20.11681257,30.6763474,0.788477847,156.5024792,3
18.41887842,38.98173549,23.78611255,16.14443142,0.389743763,91.28905504,2.708546018
43.02982846,29.13635398,10.13798243,39.44803537,0.045493196,166.7775365,3
32.09694378,21.80092313,38.5075556,21.69719446,0.825559094,138.9605191,3
25.42698328,28.73707443,29.37400028,38.72059314,0.302646013,82.70213378,3
23.3570917,36.99478003,54.93445096,31.05570781,0.386295622,154.5090204,2.826376184
27.37604661,37.56866436,12.03535868,44.11638806,0.974369071,172.8397608,3
6.819747405,44.12500524,12.16001504,29.61161559,0.015512741,138.5999582,2.023451727
45.17570104,31.34103079,54.29367587,13.3532237,0.721324393,132.8971526,3
49.92364201,35.81088957,16.33223211,42.01660374,0.948884176,161.2211488,3
13.16692062,33.47977177,10.10800521,40.23658626,0.063859582,150.5543402,2.299674611
10.41723341,23.765464,18.94569319,48.75601166,0.866077024,80.26924509,1.211410031
11.46098586,31.5300618,51.19380875,9.21118636,0.416241694,138.2840739,1.477041711
34.74621762,33.62087887,50.13570414,31.6054023,0.877996516,167.7354079,3
34.76483773,43.76874015,27.00661054,27.12510428,0.308274593,132.8948055,3
43.1565873,29.16347636,43.40154586,35.1892452,0.98266272,154.3535276,3
38.83218748,44.50247758,35.36248537,49.10809317,0.64704941,238.3919088,3
25.2360353,33.55750185,55.23674949,28.95224347,0.62709036,112.6190275,2.77627425
32.57849127,26.06173108,12.82117377,35.85823857,0.805903383,142.0933536,3
35.97281017,24.79160968,50.65895644,20.62460497,0.43658607,116.2155555,3
28.07314116,23.54237293,18.52993347,18.45367195,0.258669632,149.3941682,3
26.4042943,31.32332176,29.58104487,20.08834546,0.262930193,168.8796588,3
34.02938505,20.54816074,19.59785757,6.737355212,0.330603751,214.6047491,3
30.0863547,31.12613208,45.13072048,17.81332904,0.617352635,199.6697778,3
33.97740374,44.7101173,43.91630899,12.78258772,0.838389731,122.4759954,3
32.57846483,36.75266989,37.39488008,25.58425909,0.499577878,155.0554971,3
37.36384522,38.99465303,44.90815184,25.73711438,0.40344823,159.3707409,3
33.9261579,22.97513477,41.97823903,39.43534241,0.793847739,147.9138403,3
28.38841189,31.82752154,48.82210278,27.60312416,0.289667907,212.7837295,3
35.68085651,27.15557753,21.97033256,25.83867147,0.689035269,188.7655398,3
25.22668843,42.3524382,31.44563075,15.42318403,0.105805221,134.5988332,3
15.87520517,24.5323118,17.58132647,43.36160046,0.113238266,114.8409196,2.172831846
5.063819906,31.46833318,31.47967821,9.095040756,0.644055477,147.3803124,0.918501909
30.19838662,34.70119296,45.08458757,49.20331842,0.082750514,167.3711903,3
31.5794852,32.85102729,44.56955804,26.42337481,0.155051164,77.80680679,3
48.74220341,40.7560882,45.47134516,13.36941498,0.624369057,157.0998115,3
21.26652503,25.78632928,25.43837643,20.94476251,0.438203697,137.7575245,2.5127112
22.73599593,29.43477776,43.11069869,5.691658222,0.561296453,132.4880146,2.543003638
14.08098116,39.80210741,28.37331598,12.49352057,0.976942913,106.3686025,1.962630414
8.174043286,33.20178529,57.22460231,20.09029187,0.631961038,105.2261727,1.035903963
39.77620218,30.05293464,27.16831829,29.94868754,0.590850804,145.8180564,3
16.2356479,20.73606287,40.1509117,10.82663801,0.380138081,138.5934651,1.723188727
32.40071875,38.8346356,47.50728571,35.41834833,0.630877595,135.718635,3
35.9497866,44.30455195,55.32037145,42.99244205,0.012999526,110.8843296,3
26.20565093,35.50717524,31.89643017,30.75528247,0.557320249,189.8922857,3
44.43584509,41.41353052,28.02425541,18.36056513,0.068897361,123.1599328,3
24.97076784,32.92189358,31.50140877,10.46265465,0.220172247,193.7997714,3
17.82088804,25.79202414,26.18481758,5.699077834,0.563121002,134.9070683,2.098414265
45.32069853,20.36105261,42.6962245,37.93110498,0.667950549,110.7641513,3
43.77039279,36.33495669,56.6358382,33.28157157,0.38479654,128.1181812,3
12.38179762,32.32772121,16.30355032,26.43275327,0.418979916,148.2494532,1.943245007
6.168245826,39.55245368,38.04610324,9.58979985,0.498022406,164.7454854,1.30576747
9.049350036,37.36706044,54.88243627,14.31613316,0.759074608,153.3045925,1.222142018
17.89463293,44.69880921,15.00572723,41.68275367,0.017627772,71.90993858,3
48.75169108,32.75781459,34.69327054,26.59331606,0.447067999,155.4984921,3
30.13322689,30.67936974,53.26147979,48.32747868,0.014273598,155.7610618,3
21.79677794,27.16849224,55.02261059,49.99874663,0.319141861,112.0484331,2.375497166
44.99222426,31.92153229,35.71760806,41.03182069,0.519848621,100.0141151,3
25.39113492,41.82178695,11.24759422,16.61826245,0.079919284,149.9660839,3
19.18573828,21.06099314,15.28195892,15.4001733,0.485213528,126.3509196,2.225180579
47.35487879,44.44750118,39.33583726,16.41354442,0.924573904,180.8191217,3
43.22829498,44.83267986,16.19293032,49.40532855,0.685342338,159.7918559,3
42.96507689,34.94553446,17.47088885,20.09032151,0.782252672,118.0223918,3
28.05281344,28.28860509,48.60585489,36.79010346,0.580414218,109.8164316,2.971969189
40.52472795,25.57622421,47.53460293,48.15579694,0.89635898,93.24019705,3
13.07090117,26.91225989,52.13863797,41.8818266,0.146869292,157.8557819,1.609344421
30.79503309,21.25263566,15.28675683,31.89217141,0.449786033,128.9678023,3
49.27306653,31.87777396,19.90724405,12.60344861,0.597033234,114.6546363,3
18.09312937,21.43310677,51.64807149,12.87222101,0.873475342,123.9925975,1.570531444
40.74585482,37.96185537,46.05438043,27.15903885,0.308010245,212.6702082,3
27.07152832,29.29823639,50.29780639,47.83750231,0.001127978,143.7857255,3
6.791255745,24.98411829,59.48728375,45.70221631,0.974414111,139.9663496,0.5
39.3358729,33.62133895,53.22158031,12.4786425,0.025977304,131.9203825,3
12.5856115,44.34398268,36.02316254,17.94738851,0.152366727,191.691027,2.300278917
33.41631052,37.37827623,25.53840924,31.4965092,0.422046329,133.3263504,3
8.854888732,32.29367125,38.48382933,26.48437215,0.496369813,215.8412488,1.328921382
47.60903289,39.42285748,41.92932751,10.37132642,0.834465957,230.9779366,3
18.12757492,38.4369118,26.76560706,21.61882341,0.44781795,116.7213824,2.60242284
15.19091113,42.29338653,48.54685187,47.96214654,0.547429137,141.1963483,2.169687576
10.81113818,25.11672369,14.63768963,47.81490011,0.199999871,139.395423,1.67196111
47.5700987,41.47193941,48.96964253,30.17416465,0.569158699,182.4619426,3
37.03566841,27.52565218,11.59992593,33.58675871,0.348383743,131.075588,3
38.37473999,43.5249732,34.89830304,14.98578264,0.098732281,152.6717933,3
27.47320526,27.02662872,53.07182317,38.38787269,0.946462891,187.3894304,2.644258473
26.36275034,43.17121358,14.3247637,7.362328421,0.081684285,214.3780313,3
9.950955935,44.09476786,35.88694682,14.93069847,0.67787893,125.8530725,1.767112255
30.1928493,23.63728394,17.96957195,5.264765945,0.908193153,266.5089374,3
16.11124228,44.36249708,54.7407875,22.35655664,0.179204654,144.554671,2.452863929
48.97153998,22.14307421,51.61727635,43.26175394,0.237117666,128.920543,3
40.8461423,25.46419467,56.69586216,49.21279147,0.426706765,207.7295277,3
23.58464271,31.10421952,53.74911708,35.04901889,0.294509968,165.8946888,2.710525433
11.81035664,44.83993414,46.82766549,38.51900084,0.75903314,128.1217176,1.827906911
40.3399261,32.21407628,19.24445978,16.82373102,0.338153376,235.3168456,3
10.49241952,33.76023608,25.12513078,28.41497121,0.98583554,157.9440796,1.430414076
13.52001891,37.36062374,34.84275792,38.14600545,0.858787233,108.5014311,1.81953482
14.5184233,44.20733896,39.44483908,27.37741217,0.895344134,117.4801581,2.083299837
30.06007872,39.583785,49.10916977,8.984587645,0.063664285,201.4130035,3
40.41754943,25.60385011,21.34798141,38.33888869,0.176308459,172.182901,3
19.14416954,27.57477327,16.41386971,14.88039763,0.169368407,131.4700149,2.584753163
8.810141642,22.44070599,34.13050853,9.396395192,0.671964648,117.3106796,0.951750288
25.90423086,36.1113091,17.89207054,26.5126077,0.011911374,133.2290081,3
38.66496085,24.51850766,44.68684012,8.357408501,0.8064262,228.2771521,3
14.97487294,26.43512221,38.7815445,33.32496501,0.547046018,165.1021209,1.71731958
14.89660466,42.20284138,47.05538985,33.82129626,0.566313032,124.4604773,2.142711431
47.62521623,28.16889188,13.17182798,16.55158879,0.537336422,169.6674261,3
47.93691772,34.16616796,58.23487802,48.40404898,0.53534589,175.1147582,3
49.57095794,29.93915022,10.00027683,42.1003214,0.197886075,132.8766894,3
41.34468207,21.85078219,26.27212075,9.931413105,0.283179722,126.0328372,3
13.46828761,29.07159575,43.98173967,38.68304573,0.487617458,191.6980896,1.632255827
14.53916844,30.20170508,12.25710369,20.88836094,0.677844498,142.9448887,1.99914706
20.31013587,42.39252755,14.16747907,38.76298347,0.27195376,114.1858424,3
19.31596391,28.11126634,13.83407186,41.03576566,0.806134925,284.2025172,2.327230421
48.04374871,29.48102799,39.07548634,11.81201252,0.810593168,120.2469444,3
40.50832923,39.57241922,54.79626575,34.78288932,0.273879407,165.7634186,3
37.58039565,38.97391628,37.77184889,43.82284822,0.560064681,167.4452493,3
13.36834508,39.95713192,40.17856761,19.55181308,0.348922855,125.9936707,2.092491802
45.92865017,43.8442685,27.30008256,8.614773688,0.190685735,240.6977711,3
42.25416708,39.88893746,10.93705793,6.227036597,0.805999956,110.0665054,3
12.36388286,30.19020508,11.08073589,9.950043218,0.991481218,146.4015334,1.636180487
44.20266494,40.53771292,54.41549832,5.189266458,0.565719178,98.78988845,3
17.25113914,32.7168658,15.12862194,19.71256741,0.913946705,204.5011157,2.207416535
8.639138562,26.94285081,59.98946859,18.46978646,0.642168808,172.5957779,0.841029794
34.55700379,27.5729267,18.22113058,9.965357046,0.565723702,174.4389295,3
34.42120967,25.59605971,43.7317222,34.30030451,0.48014488,157.1618332,3
9.27194043,23.62482395,57.44777361,49.6357861,0.235714967,175.6457158,1.022352955
19.3483314,24.6122603,28.11446388,45.54168867,0.084255271,157.4453208,2.431969542
49.6766508,21.57945125,46.72165944,16.37827699,0.442335918,125.7230292,3
35.52920002,42.21127162,27.54283217,39.64917348,0.561309914,187.2953411,3
37.8533825,43.27519524,25.24705284,47.15884685,0.509449654,97.08063729,3
14.58127785,34.66925981,20.09020413,45.78639067,0.695570635,159.7282543,2.06508242
8.545193195,41.01223892,51.04674534,44.80472846,0.192098784,236.910734,1.615077105
17.46057604,24.58927757,22.86935318,40.39027305,0.354202979,263.672355,2.159905168
16.20042733,42.54184563,24.15790815,18.18461642,0.415567271,143.0188036,2.588741537
15.55448453,32.65903899,59.94848711,8.760337979,0.186523306,137.3310191,1.951336563
13.67394448,21.67912482,26.36552177,26.95187088,0.906464214,182.594827,1.373144618
30.86400608,23.53281861,31.13872444,7.465601046,0.681511457,106.5085874,3
19.76465641,27.72441152,59.50277289,49.9313158,0.091862346,163.3210363,2.25965379
41.91552568,21.08893951,28.46501727,21.12393574,0.71279804,120.9315325,3
13.2776338,27.73233445,28.30760036,48.12529633,0.547787606,138.3644573,1.695204722
25.90821819,21.49826083,51.38572331,39.79044464,0.523940467,277.9836524,2.531603047
5.614602639,25.90069013,25.59651842,23.50809292,0.989785775,131.4750453,0.67395853
26.67570451,26.6417439,21.68930518,10.32401357,0.618200821,145.5633371,3
7.512719939,44.85922441,31.16051276,15.67368907,0.896728193,125.0560151,1.48661025
48.99755803,25.88866684,45.03204003,35.28700593,0.91354894,148.1475676,3
40.57664579,25.97966122,12.16215125,42.34708415,0.101418632,221.3368552,3
27.05501645,37.16972421,28.69580136,49.07482213,0.008362256,149.4555698,3
8.896431118,41.48393696,27.3122451,10.94729828,0.435266909,153.5843489,1.781685105
31.66004484,29.67638532,22.24091736,12.01763054,0.769284981,153.2168269,3
39.14436878,41.8904505,42.7143668,6.909776451,0.824195955,145.3085888,3
13.58227639,28.50355052,24.49950402,16.71640365,0.787494047,135.9614914,1.669603926
30.56937534,24.92539699,40.33657795,41.94803475,0.447287959,202.618598,3
41.63949043,28.24097061,35.21684207,13.92155855,0.749964119,142.7626665,3
39.57114999,35.23390935,20.85949354,29.65391375,0.718776525,151.454727,3
41.1346408,29.17857898,23.32830285,25.08832391,0.313819251,152.6958347,3
44.56955412,36.8223451,18.53000267,19.66218091,0.16872056,157.8713031,3
47.1956946,25.92339699,12.83146074,32.82558861,0.621418717,105.776172,3
23.24845198,37.52482235,40.95942316,27.60466052,0.677086392,259.856581,2.827535182
30.59460961,28.68595908,43.6394347,20.06434281,0.567970691,109.2136338,3
40.57967867,31.39670929,18.29999968,35.99828983,0.213179546,209.7591391,3
36.37129163,33.94362851,40.76961923,17.5985686,0.27667332,170.0214296,3
49.79841027,37.15562508,59.104237,33.94325029,0.708486271,174.1285516,3
5.6154943,25.9678423,13.72010475,48.07606408,0.962622364,117.0755496,0.808631944
20.98099469,40.89863844,34.51854362,37.80283906,0.944835602,77.62889854,2.64378418
17.64625668,38.04606874,46.65191068,23.82798018,0.519658146,202.3587358,2.30647978
16.80421326,25.85244798,12.30045989,38.64016945,0.886559475,158.2528216,1.975885255
15.01384021,44.37436407,48.9136747,41.41588176,0.0294512,138.0481322,2.476667143
36.91057284,36.61992478,58.97556185,19.66282101,0.861152122,107.4752055,3
8.814176297,31.31067216,14.42439318,36.7309497,0.476150823,97.79564569,1.542787358
38.37239753,23.93818314,51.11149527,24.54782882,0.781527335,117.3140225,3
36.20416289,33.33052506,28.92907723,41.83351168,0.00558291,147.3408096,3
16.28618596,24.11939717,17.20581012,18.29199178,0.868560784,128.7664892,1.826260009
16.37752024,30.73729197,34.65966046,47.19918515,0.594979622,80.67734709,2.018242007
33.29872634,30.21781307,13.57593679,30.86541218,0.240230398,213.6182012,3
39.29769975,37.99849111,36.10507041,20.89864913,0.347483054,215.3410415,3
44.44185259,24.80957953,10.9678394,23.87170709,0.200666087,139.0582512,3
43.34628037,40.54678387,46.43057208,20.6509376,0.424405758,168.3232186,3
48.41973474,28.15330818,34.39848429,11.58108511,0.330006031,131.1879445,3
31.16232029,31.09971567,32.94698305,8.08215786,0.534503177,108.2671764,3
45.88950026,39.30852439,19.80957469,19.48004128,0.814784442,104.5229232,3
41.3830973,35.63480999,28.06315779,25.64106985,0.982275265,135.6370418,3
45.26004309,27.7006338,19.09347162,21.28176227,0.251457641,191.7606279,3
5.523197058,29.65507311,46.76950503,5.626377665,0.106508263,241.9745907,1.019872961
48.46563463,27.64467035,19.95126497,31.05528107,0.39566725,105.5932015,3
26.30885733,34.86925418,40.83766635,11.5167416,0.143554276,224.3065401,3
40.91823453,28.31561333,23.98037505,14.49523754,0.834240202,103.7959658,3
10.72418537,38.14244237,42.8491098,10.43368404,0.50112488,133.9008551,1.664779745
22.81734931,34.49467896,37.02274795,28.41947285,0.619962382,180.3804102,2.751348893
17.21572984,23.64266529,31.17193158,9.282168159,0.150612554,119.7235373,2.122636234
18.12464467,27.75671547,43.65004167,16.53607621,0.749608816,118.5266217,1.926383492
10.5465029,25.53618605,30.78610358,25.32689229,0.973581812,92.24441931,1.11120455
41.25937246,29.75783031,51.06853013,12.54689983,0.482385251,216.5095709,3
5.415904156,32.89960216,46.47992291,25.08086128,0.962457305,178.1408794,0.692215939
19.06274556,32.66907143,37.03194973,20.42308066,0.034716094,131.5061005,2.60756606
12.84847444,38.86309191,53.85303413,43.72687298,0.035722714,141.3262166,2.023892143
31.50675233,24.72929659,51.44309107,40.77064457,0.960012911,147.8649172,2.980547753
16.44135812,43.66182073,36.59196973,49.67845626,0.700265597,182.299162,2.38347734
16.65493045,28.57112767,13.42238469,28.80102798,0.188689727,129.6979245,2.389295257
26.97521648,27.50622117,38.29981761,30.89286921,0.363874799,134.1845396,3
34.37100677,37.12946445,27.76284948,47.59906317,0.507753068,192.6219792,3
10.45871171,40.13791572,37.00564714,22.98164966,0.702637736,138.6852477,1.662426355
12.89801536,29.46179412,42.35652302,30.0057208,0.84202656,161.3377078,1.42728283
16.12286351,38.67117437,42.24192874,22.05884731,0.082656405,97.98660909,2.437578007
48.81866964,42.0933989,43.67620218,29.56373177,0.656574123,113.7355627,3
22.8718625,39.17009163,43.96343125,8.634489463,0.476711414,194.0801292,2.914865951
31.95455408,20.85491214,15.46407094,40.2707342,0.597622275,116.1789646,3
15.86942657,40.68422278,19.58561652,49.33759763,0.508531607,112.2100277,2.492961448
27.07067863,39.36202396,41.52705023,7.95831811,0.450693051,142.5841864,3
8.335362847,36.73225595,30.40861944,41.04678786,0.205512796,154.9486673,1.651102224
6.563396567,39.00056048,48.14258227,15.87806602,0.472335912,225.7653128,1.23876456
26.09300871,44.4856349,16.24546411,13.8896174,0.189655138,104.4964646,3
22.93966794,30.7778222,19.57614972,36.20166792,0.044611487,208.0906412,3
11.15961439,21.68058087,37.92323212,6.985951185,0.373824491,206.9152882,1.272502901
35.9420643,31.52224924,35.03740096,25.84577063,0.024955739,226.4257329,3
49.68065709,21.16084138,23.3198577,5.065000966,0.562544963,154.8688514,3
22.80410695,27.3562602,30.41716218,29.94773129,0.072392453,166.9980852,2.851918187
33.10513862,34.67199479,11.7490639,25.79367505,0.437553642,172.2781998,3
48.33391741,27.74057232,11.8519054,46.1967173,0.980142837,142.6563891,3
42.41907376,37.13488115,14.74635014,37.41223563,0.009881521,203.093917,3
25.85985005,40.54965819,38.83962266,10.67027773,0.366854568,102.6207951,3
38.1870268,30.51097948,53.18582073,20.95429819,0.673262856,108.5431864,3
10.76607681,42.50344878,23.01116446,46.92108964,0.158916905,107.7758321,2.18381921
28.0446735,21.99597328,11.69699149,37.64003663,0.560733642,200.0865506,3
17.55771247,41.00282911,45.4313551,31.74238017,0.258190359,98.43084065,2.539123487
12.25236596,40.71432864,52.76761195,30.15822159,0.222768692,106.8540301,1.943320418
24.18264078,28.04984741,16.90863926,22.91443099,0.894983551,128.4810207,2.736680824
10.89565495,27.46787968,29.2873848,31.33406582,0.203280479,230.6334081,1.610647397
36.45432987,27.62737453,17.93684203,39.72489867,0.376551711,157.0138916,3
25.53080198,40.28484281,15.31787153,10.73919544,0.169597505,179.5667954,3
28.90150847,40.79133719,42.40842692,48.64237878,0.28388774,187.2110391,3
11.58691724,28.24306147,58.37682381,15.77141911,0.29310668,127.017655,1.369805528
11.28972475,34.81475869,43.90828128,25.14842066,0.326773024,102.6869623,1.686995106
31.25369459,23.47333074,59.24073314,6.022203109,0.641066937,108.022614,2.994873017
49.32543865,31.71946846,31.7197638,29.76556653,0.742592743,139.4529613,3
9.331276246,44.96982127,54.89348944,22.18400813,0.51066972,180.6443345,1.627851913
17.85791429,23.97097869,20.25421123,16.23901425,0.610475981,154.1330861,2.077043949
44.12566024,43.689066,15.89521835,49.34859142,0.813268747,202.9614798,3
8.252240551,40.60636805,45.12600255,24.26635142,0.999560661,100.179651,1.227729301
44.41485746,44.30536627,28.57041654,23.64333636,0.456505986,147.6746173,3
28.59286925,24.48946902,25.88438014,25.8396469,0.936434496,96.46039891,2.94854151
23.37200483,25.33796226,43.5640289,10.22692006,0.490370093,142.3436158,2.500973889
18.9356254,20.42167954,26.67420209,22.68932494,0.781999752,186.9908974,1.916543294
18.37027212,38.11754532,38.62790861,20.13819166,0.573223045,164.2339266,2.434721447
18.76111621,36.10236734,24.97275531,25.93060064,0.884039225,175.0734211,2.3877767
44.81613864,24.45163596,49.18787941,43.54795251,0.448703202,109.4542723,3
37.57078536,39.77862414,25.61941702,13.67534276,0.695815001,135.0002339,3
35.13753535,27.47988765,36.74970722,32.34826966,0.466315219,117.436342,3
40.9437117,23.37488923,11.15880418,6.693669039,0.857027401,168.7609671,3
16.57015984,30.56406663,49.58653917,19.25566259,0.994368679,158.9756494,1.682768473
32.81192654,22.27424621,41.01688874,26.26959286,0.243314992,200.0505628,3
25.70298075,26.58109141,19.61185335,8.342561786,0.474338963,190.7954405,3
40.20987358,29.28333396,20.7686688,29.47855706,0.08125668,180.5575279,3
18.91652497,41.29660436,23.12464593,18.96465295,0.140995444,103.1016734,2.966461794
33.94303776,39.81371853,38.82650523,49.67645061,0.929150182,162.4428836,3
44.69955853,31.06885714,37.41581665,33.3936276,0.543613776,195.7889789,3
23.09677143,38.11437644,23.69318598,15.98788382,0.395116017,134.9538278,3
7.997993932,34.2162409,44.7031146,9.620296045,0.671482529,223.8248139,1.157568346
28.22228701,28.52104638,54.4520583,6.832390072,0.560161288,178.0221657,2.948329019
20.56876195,38.14685859,12.17577388,9.084796897,0.288717723,191.433418,3
35.25014212,37.08747886,30.85983189,35.60267872,0.226614506,119.2775859,3
47.79648161,35.47736105,39.67600593,43.47465242,0.59023975,121.002296,3
26.85237431,35.44888803,39.32176018,12.05299016,0.188265511,126.8030789,3
25.97856036,37.07454981,10.97676735,23.09605041,0.139172101,226.5600162,3
34.45631601,29.61363782,20.52830329,20.94059044,0.318387562,190.5423434,3
9.657387662,41.72689538,13.09153607,34.0033141,0.861341063,156.2501273,1.795049386
16.4077785,24.05769614,38.44825363,13.22050468,0.036819441,214.8196835,2.039808798
46.35406965,42.09713658,42.26949438,47.89936897,0.833266254,228.0559782,3
35.1474176,28.55704608,17.98710817,37.78503719,0.620973836,206.1642828,3
5.604981979,23.12579039,26.65055597,47.97823455,0.040372758,118.8400481,1.044665939
14.20814627,35.00068507,26.49018717,17.48161602,0.602038916,201.9768007,2.021582799
35.72767697,29.39966673,50.99011658,31.4472037,0.426019405,140.8803687,3
39.39796412,40.38749318,19.73297023,37.95205717,0.841127608,128.9204439,3
42.79368077,30.76963671,37.41570607,36.99303002,0.907198711,134.3903754,3
18.14795615,36.71406314,49.14677563,5.960574474,0.286493161,200.9912424,2.403883383
46.89628683,27.70644974,51.47890964,49.92301236,0.784170009,154.7740948,3
29.88261021,25.23630938,43.32830471,46.76269877,0.309802829,185.6131213,3
36.34425601,29.70122577,24.97638761,10.38884366,0.295635457,148.712357,3
31.85324883,35.17019587,51.15232874,29.46050484,0.192638341,215.7880256,3
10.52330246,36.42366848,47.10830136,19.15504049,0.678489028,169.8868318,1.456125001
48.34015967,34.45516663,45.22345669,44.55023072,0.261685479,98.64076026,3
10.5294011,44.70139297,13.36676994,36.38838338,0.464858342,174.321134,2.176889671
16.46968804,37.27725466,12.16324403,15.05827205,0.812128087,118.7087735,2.361847475
41.61325461,43.28799069,44.76826489,6.523751542,0.791912842,220.6778579,3
32.83686327,22.94832987,57.23974006,18.12838112,0.855442609,190.7209606,3
42.71671244,21.53432325,48.6861964,6.716177276,0.161064513,100.7648967,3
28.20812848,27.77486755,51.57377832,11.35898208,0.586892762,115.3267955,2.937457602
21.96469559,23.41472346,37.24911404,33.62621187,0.914839845,114.7017465,2.147049278
46.48304748,33.14671321,25.2293072,38.52882807,0.042050086,201.7782836,3
6.631354288,32.97453134,43.88684484,26.0607605,0.794526773,158.5941693,0.926154639
43.52585992,34.37617916,45.59854377,32.01295418,0.246237214,124.0972841,3
15.38680033,38.63069702,43.76789858,12.01482663,0.669653595,102.9202436,2.053864151
43.19313475,44.28324251,57.33545284,19.25578267,0.717405044,147.8916713,3
11.2638476,41.95646729,28.35895166,37.07977313,0.925585158,157.5683655,1.778551574
31.10985337,22.95918099,11.98287695,21.42010022,0.508799422,82.14341925,3
44.96485636,28.46284222,55.42221764,20.69650506,0.848231108,179.8446516,3
26.30928411,26.39557563,18.02495594,13.72966867,0.045318013,106.1496354,3
38.59550032,24.42043394,44.86591697,31.76711942,0.42054278,259.1704696,3
41.2102228,33.61812192,53.66022199,41.42923727,0.439518929,168.6918983,3
38.14223939,33.83161005,25.5070699,26.12502629,0.538278476,171.6583702,3
46.63983816,25.6811207,51.52076204,10.19926654,0.481340475,92.50288754,3
25.10754037,37.79743126,26.60290631,42.72653444,0.967961521,136.2705764,3
12.79064476,38.32285748,49.71289641,8.212869707,0.078539571,170.3304651,2.020094309
7.151497867,20.52449987,13.49149315,26.22773179,0.265016662,76.5788708,1.13187652
16.09069413,29.89394259,42.76214993,16.74848013,0.968628781,88.83131674,1.693598276
11.44388767,42.25351603,43.85690403,47.13431703,0.445302546,198.2394482,1.891618988
30.10769336,33.00796521,34.5712915,38.18944391,0.571157452,154.3972097,3
13.32254017,28.69069504,44.35454319,30.48840423,0.081025544,130.4255023,1.804552315
6.752016828,26.34190379,56.15918353,35.04899483,0.28405088,95.76882321,0.849647867
6.619542299,26.083863,46.69274125,28.97272683,0.039651699,137.5125127,1.044663068
42.42062743,22.49420085,58.06480145,11.64204253,0.137504842,142.26441,3
31.61524691,40.43066048,32.43061569,36.9094406,0.633314818,175.3633639,3
21.11383859,22.16643513,36.41453659,27.17032785,0.763622464,175.1513001,2.104308432
45.24026192,27.30736915,23.18693486,33.54391721,0.870084877,246.7560583,3
8.158847513,21.14189346,59.28008339,7.034074879,0.251464381,191.5343881,0.802081509
49.11449327,39.53466424,12.75683676,11.39156567,0.332863842,181.9328809,3
32.73313056,20.98209206,27.93102088,31.52167142,0.569398377,123.063484,3
13.25589143,27.7075276,24.88485824,25.67430064,0.083685863,118.8301295,1.958481882
35.55810945,34.33243425,29.32558566,15.2093151,0.80671826,118.4993765,3
39.35215669,30.23903401,55.88589303,15.83424142,0.483292059,191.2946215,3
24.32042525,27.05677668,28.4018937,33.42462407,0.965507553,116.4806574,2.567162368
43.77346728,26.87972681,55.84883264,7.653516212,0.117316009,86.68695375,3
11.78295833,39.94475765,31.16694308,24.54162549,0.133290381,209.0411147,2.131473133
17.54769126,44.34945238,52.73843846,28.53965771,0.348577284,254.3986632,2.531411179
9.207156271,28.70102676,36.08750493,18.86641712,0.206762199,149.9055313,1.41316037
14.48950283,20.97863784,25.56764217,41.92474228,0.696590149,133.3116443,1.544266715
15.74279654,20.91414445,32.46748995,7.554631216,0.946810458,153.6797229,1.473337674
46.29349359,38.98033538,31.21905395,43.96022534,0.08990451,77.04345871,3
8.514935994,33.80924554,22.9957031,37.54683468,0.242236333,207.1664845,1.627393253
24.23368041,39.58981644,24.4819365,25.08144705,0.237898148,204.8216405,3
28.95794093,37.43742526,19.32269607,46.60103256,0.509073064,110.7899504,3
45.44118742,42.68765873,26.80002786,36.60072334,0.452025442,136.3817462,3
49.89632984,42.14560728,41.22029016,46.89704073,0.726866206,131.5073323,3
38.90246517,39.70818489,29.32790844,26.26654007,0.732631221,193.8423799,3
48.68559458,31.879729,45.61616055,25.38378954,0.572754463,146.15776,3
40.41955096,27.70316019,59.34890848,28.88341842,0.591022259,178.2138039,3
48.34411884,32.67566969,28.85505397,7.944201679,0.84231639,147.3013251,3
36.82718267,32.55179018,33.1319607,45.88224131,0.396936438,237.8984993,3
8.589354145,35.25688872,18.20550785,35.04726732,0.012342948,161.7178407,1.845938486
23.08640841,24.65243919,29.61076429,32.79135551,0.213030289,147.2616676,2.727766027
34.09687777,36.39049701,46.34162254,46.69085914,0.035362111,107.1401896,3
20.78233293,31.41502311,20.87023999,49.71367299,0.393496223,107.4442446,2.719950218
17.30227632,35.5051208,19.10270243,12.35270258,0.357835625,143.788813,2.543786821
30.98296702,25.99012057,28.81874368,38.70486432,0.098629935,121.1697282,3
47.00758445,30.85987235,50.93247429,31.09753285,0.755025591,92.45077198,3
6.574184308,25.25503036,41.18285949,25.74487349,0.553060734,207.1600031,0.810893814
39.61540416,41.88262892,57.87896888,48.99256707,0.225701706,74.01855593,3
37.52272751,32.19902613,55.22702175,43.2618355,0.759126076,229.9052327,3
48.37790414,25.62453539,17.55685984,36.35374928,0.667931192,146.2403369,3
46.882005,21.03021739,12.12763873,22.22042752,0.19159514,115.3965419,3
39.30046529,36.89346662,29.95473671,34.97183619,0.982888331,237.720076,3
28.41839441,25.36611785,36.10397394,28.92623556,0.177426066,108.3119378,3
14.1920399,44.73955481,35.77853076,16.22158024,0.771700264,175.9989152,2.166887044
29.53560732,33.34250934,16.70536339,25.26715954,0.968286483,136.9543251,3
39.44083973,27.22442491,16.24087161,14.54953856,0.72550218,152.7123333,3
45.30511457,36.44193584,12.34303779,27.51891319,0.665777069,171.9840442,3
40.53704041,26.88049809,52.5429963,37.41071342,0.903321447,103.445239,3
13.78701208,40.50685735,57.3872069,6.649080072,0.269132194,167.1511956,2.020491621
31.98588414,27.70590127,15.78425101,39.44208692,0.27715575,161.2706701,3
19.94780568,44.70619331,20.65611843,5.89972964,0.641160389,151.1212748,2.957845633
5.414255033,35.12861964,14.49314424,28.27749663,0.88213778,159.6880484,1.126379159
14.00994211,41.11027872,53.87510856,30.80645182,0.617374148,182.9674954,1.923898675
10.09492925,21.82038674,57.93543668,39.25595568,0.977048756,172.6903424,0.668960404
42.92236056,28.70748543,23.08982884,39.24629705,0.222902309,103.6939517,3
16.63278135,38.43717715,25.1791915,23.78549506,0.825879603,85.2341009,2.279785657
17.8114086,36.37647543,28.13348422,7.98676299,0.927263648,110.2869925,2.248723375
48.19714573,24.85607804,35.12318797,36.20750687,0.427002398,190.5424489,3
22.05890254,28.90507326,44.12304893,27.99437033,0.961982527,211.4641584,2.247170943
5.431353806,26.58608519,35.21952916,19.98763055,0.20214762,109.2224546,0.976069118
17.77307668,35.33425424,57.55007908,15.56932022,0.952833933,172.0550019,1.903198385
10.36848113,28.61420574,14.99467293,10.38911959,0.902808059,213.2275999,1.389304212
9.626385278,27.72635605,49.93027561,18.28141237,0.066145872,115.8373793,1.354474704
8.486928056,25.18444951,26.72415454,25.63203313,0.521331608,157.5419955,1.160267107
31.69667616,30.22567802,28.8773844,26.49241257,0.528839051,217.7039828,3
13.52064756,24.88756475,45.44147219,31.22325191,0.056973427,181.2341198,1.698748813
21.25592573,44.06423968,56.46885549,21.31108562,0.03953116,166.2133154,3
43.79079723,23.86254529,45.81003893,46.39540412,0.005096781,125.7672706,3
24.09521629,42.83261787,48.79302877,27.31413259,0.524508843,182.0804303,3
46.20611075,30.71182745,47.53896211,24.06762681,0.463815604,183.3839873,3
27.4072124,29.44664979,26.0489303,7.167558576,0.940460194,154.2769358,2.991556833
22.94764767,25.78299502,47.84652166,31.9556787,0.342306316,129.6553338,2.50457956
38.76750172,35.89390836,49.22603801,32.12910212,0.658227396,80.06693929,3
8.292879445,37.13820038,36.67001603,31.24803335,0.007563415,168.7122391,1.696746089
9.026527234,31.68927406,36.83781193,44.94186129,0.663538446,105.6615668,1.258814516
34.33881713,21.39267239,47.98604015,39.33053747,0.913460024,108.1954964,3
26.9123321,42.96275377,50.85154311,44.03325288,0.354767957,157.8777258,3
40.56868626,44.50822832,26.8597721,7.674015061,0.314057102,183.8325614,3
46.23218768,30.77608538,50.07811088,19.31568945,0.626029865,134.025838,3
22.4765095,35.34152019,50.71045033,19.34203747,0.328552065,161.0217288,2.754321086
31.8384512,31.25746566,21.70628205,34.5670276,0.402418375,193.1474904,3
27.53134825,28.04699127,45.84753727,25.18767719,0.273116541,186.9771442,3
49.1724795,21.93296982,19.32669609,39.98626715,0.344889206,178.5856136,3
42.39879833,31.40169326,14.65245565,22.2993755,0.679410612,166.398984,3
46.02819687,40.45961391,38.7271506,14.97234098,0.922375186,107.7324716,3
16.44530394,20.42578653,55.43260994,18.09279807,0.583115476,128.8939114,1.479506108
39.76368904,34.55269208,11.77295118,13.21113768,0.010033449,83.68896528,3
16.94629512,42.01930272,51.32508188,13.90517113,0.263892562,139.4044448,2.450075837
14.393414,25.43873575,35.32356054,14.75775119,0.952238529,159.2631981,1.457944389
47.49197718,24.58139662,53.04477244,5.724262018,0.910321764,97.14180746,3
5.868698752,39.30691564,52.17384676,37.22396156,0.11564724,106.68856,1.317538309
48.44249166,26.37716078,53.76434024,22.9821054,0.908417063,95.353704,3
11.71678536,24.79960669,48.44369774,6.020209935,0.964529023,161.8369964,1.031630604
41.87471368,29.44973126,52.14961773,21.6503395,0.324571896,118.6002256,3
17.41651489,29.81255031,18.80126036,45.74156572,0.701006809,106.8481207,2.196887157
20.78160473,41.85252658,25.19265744,28.00599426,0.559982416,160.5759866,2.94132691
14.75409701,35.4610868,22.12430854,49.40384051,0.337049659,153.631875,2.267678013
31.34813191,30.14903641,47.12141519,29.29817443,0.153335781,109.0806452,3
20.66429964,33.35969911,17.68215597,48.32595496,0.366920224,176.8357849,2.818138262
34.58268678,43.84913083,19.11138952,14.0810328,0.927796571,111.4119423,3
5.704129307,22.83036692,53.94823604,18.04706657,0.811248376,228.4593844,0.5
7.896869758,25.19288804,45.29410965,36.49865496,0.330674531,129.882373,1.011171549
9.484751873,44.06321766,53.7689989,49.40697276,0.547675352,233.8493941,1.605721444
23.85471584,43.93312121,16.96776291,42.1383835,0.405961679,156.2759525,3
41.66582777,24.42913553,29.94902023,29.91673745,0.466237848,206.8916305,3
44.96800597,23.62772043,24.1575585,8.831867646,0.761210686,190.5666849,3
16.0164833,30.52712836,10.48405426,21.39705995,0.543006201,105.570719,2.242875632
30.84663759,21.24295731,24.22614802,8.889156527,0.181044463,178.7491235,3
39.57642467,36.37258831,28.9791626,19.00766128,0.269035628,140.6880857,3
17.99732435,21.93740054,14.61098186,16.64564453,0.567793862,97.12975548,2.10097237
23.40534815,21.45074068,38.32437789,22.48498835,0.69281956,218.3378727,2.325905946
28.57883912,32.12967341,29.15863312,42.67744655,0.508120427,159.4777496,3
11.06936809,43.9446659,12.32308311,11.76695021,0.620210532,73.02859674,2.138422908
6.169203218,30.6698984,45.19894324,18.7728777,0.789376952,140.4506851,0.79257236
11.87626142,28.91202897,46.46399169,16.75027599,0.545391916,203.6675119,1.414024566
33.20841296,44.94891789,51.72357215,18.32637412,0.97719145,114.7996424,3
8.312821769,33.29922402,34.27702999,21.22805637,0.235568652,240.0122413,1.480701685
13.53633642,29.38103517,58.43293987,15.99402875,0.91968825,216.5415113,1.288827957
20.20342486,29.64652033,55.70320723,47.41615725,0.247659795,146.8861784,2.32769786
8.504152894,24.8739874,37.56758126,23.90457713,0.531644576,127.0942828,1.038050102
13.6264672,32.80557644,32.24759655,10.13509693,0.455906771,104.2215036,1.905736584
46.0071405,30.9713757,10.1517214,26.04463745,0.372883269,178.8987574,3
5.86846095,26.76988241,45.54972659,13.29943558,0.962734669,120.7351922,0.542310908
34.40443659,24.01350217,38.2477252,14.72587891,0.272301561,200.2691046,3
22.29840189,27.78097172,56.87720727,17.82686379,0.674869104,130.9290432,2.249665955
35.26919327,32.71708319,39.71160626,10.61419352,0.804068572,113.565146,3
31.49112742,21.45833181,59.64280469,37.45035197,0.197006846,112.6758004,3
15.05744395,23.84360071,52.69096359,40.63759136,0.973152926,131.3635374,1.287044986
43.12442694,43.69143167,57.67989679,22.74282149,0.546640476,162.6646219,3
27.13731722,33.57138378,26.38313856,36.00466427,0.914490662,128.1045427,3
42.01412085,21.58623259,17.46679974,22.50294306,0.66388106,112.8185327,3
23.27056413,37.32719397,49.84360569,12.38347956,0.649426851,150.9530594,2.74814673
49.31084993,21.54507175,49.30985515,22.87256276,0.345586089,189.7438808,3
39.67202113,38.47185568,20.57244697,30.0644328,0.770590143,211.4661683,3
48.46775923,38.74906804,48.23723271,6.844744133,0.029786317,177.3010174,3
28.14469155,36.27697439,39.0986679,34.45179758,0.555820482,212.3890501,3
26.31610095,38.30511362,15.47625725,38.41735861,0.032139063,77.42160311,3
38.99542142,22.19914453,35.08917988,43.6986616,0.306871873,131.5417128,3
44.61310684,38.16951381,56.55690004,9.624675211,0.09629578,175.4019204,3
48.38656081,23.41720799,35.32287727,5.004211724,0.911591028,126.9746552,3
19.60483577,28.48764768,49.43494948,8.296986606,0.628260367,85.14979703,2.101592155
40.94170582,43.56863134,11.44549933,46.58525617,0.668510617,150.0244947,3
14.47905189,32.57188694,46.40407064,39.45000745,0.851128424,215.0814035,1.644029835
29.5508456,44.1856608,57.34186931,42.5946041,0.733032475,149.2178682,3
13.09316668,22.22306147,34.97638924,28.26562087,0.124195576,147.8693579,1.638223703
20.63288128,31.93891499,26.88549565,28.70239436,0.617538333,250.6924155,2.550294504
46.91112652,21.56005801,42.33252524,18.43275154,0.97817073,237.0347086,3
11.57408149,35.75525656,55.81306075,42.92388734,0.214115891,145.4724048,1.684061481
33.45804028,21.96767503,18.83848253,42.33963124,0.619713931,198.4300551,3
31.68294228,24.38419506,30.1847105,22.64771056,0.563614314,185.162275,3
10.43322587,26.47075775,17.81451405,19.81701817,0.391646046,160.8471248,1.551713016
19.66905697,38.71859629,34.83271161,38.22679721,0.954635384,81.92553984,2.431880765
30.3341677,24.09905297,37.02110065,6.177566225,0.356400386,231.5079743,3
13.4230374,41.16580133,57.21018074,43.69770043,0.093680443,179.5831324,2.095555089
41.02806454,23.29759847,30.62575769,25.08115952,0.962542984,218.5476108,3
48.74704293,20.88111123,38.34783068,24.86049109,0.729220207,202.1294811,3
14.664173,29.87613547,54.2631287,35.10850313,0.342449876,145.4799758,1.748432257
13.41103842,44.48604105,26.07025001,34.05872121,0.280511625,121.2524466,2.423013564
25.47207823,22.75855569,43.70819345,16.96883297,0.928026665,210.9606619,2.404731079
38.64943747,22.5429611,47.85809244,47.4475372,0.273549976,108.4167505,3
17.67202746,38.77916277,26.52641173,49.38484907,0.537157673,216.0278684,2.525998551
5.894595891,27.80404235,18.21705928,28.66950564,0.214955071,165.4244286,1.226612872
29.35492826,37.93204043,35.1454771,30.26213592,0.995214614,104.0099363,3
48.04702555,25.00026474,27.84008651,29.94430835,0.769508586,87.45259798,3
22.60745849,31.50179985,23.32312159,26.86043337,0.56763494,122.5120442,2.793757159
23.90605494,26.63224694,58.67106553,47.53341742,0.745826449,158.3543702,2.318723179
48.60057727,31.28820537,35.10765094,16.0138602,0.916367967,140.6200253,3
36.25734252,39.22742731,52.82388469,9.858117931,0.963124194,236.2219639,3
37.36273653,39.05024851,19.76587053,46.82962779,0.786018884,120.5557843,3
30.32159024,32.89430719,56.97213824,14.58672414,0.849065968,206.6764173,3
48.85741449,43.20929609,49.72157173,38.71199091,0.397793925,163.7199999,3
35.9989918,26.59460256,50.43460781,14.17429892,0.391822995,244.1078077,3
45.27647382,26.00778378,29.48824376,48.2083707,0.808296653,206.80249,3
36.47204896,35.34516003,34.28184965,40.60047967,0.759625139,135.3100291,3
38.08021212,35.53242586,39.66771629,46.34231775,0.900981704,197.8635669,3
18.0684915,21.16350099,49.48827681,47.79431691,0.133009694,154.9024216,1.950911567
18.65654141,35.19444281,52.4528376,8.799097292,0.690813119,225.8763821,2.168867299
40.23430923,29.36090393,13.90226547,24.50249851,0.647648234,89.13938647,3
18.35178301,38.68606313,55.20311938,34.16451517,0.79851984,134.2642842,2.173422625
30.32465319,40.20264161,56.87483263,41.11052469,0.024552385,158.0424811,3
16.22085399,33.80384549,39.64437022,15.8662285,0.826252446,132.7127519,1.939310324
41.76425214,20.04262579,19.33753066,46.15721867,0.326426653,227.7935918,3
9.972560805,35.90914525,50.92074164,14.94393481,0.687122131,126.3084678,1.341459107
42.32509879,38.72203199,37.42938073,43.97793807,0.616559572,153.1508551,3
32.12284102,26.22458166,50.85982269,28.07206608,0.440198321,201.888424,3
13.41092907,31.61615003,50.74040633,28.19399773,0.746027534,123.2980529,1.514546744
29.39159235,44.14316559,14.33646578,21.8302527,0.96121893,88.45078989,3
17.71244766,27.45288883,40.35107142,9.657735414,0.32347498,178.8316557,2.121092856
19.55603006,25.57883128,34.15721496,20.61905284,0.748435883,200.0708656,2.092440624
20.81876187,25.27136976,57.3059735,24.20315217,0.314537045,155.2256911,2.193926922
7.849366114,33.97002086,24.8320646,26.55594754,0.84565314,109.4566845,1.246123424
49.3682758,43.74467753,20.30000531,38.25928807,0.437273166,171.2424133,3
6.419058266,35.21725323,54.8543428,20.84315497,0.449265734,267.8160405,1.042637973
34.81235929,27.58307801,17.43577845,23.29667871,0.771880581,236.4996903,3
21.70524415,35.96424445,44.32597294,45.7744371,0.496169699,144.9968073,2.677987984
34.07046309,35.62105744,25.00099069,38.86552826,0.266644618,186.2036131,3
21.03117139,34.92312839,38.39228777,6.028509628,0.995536934,184.0418583,2.385530074
35.31877908,23.98565517,40.81097164,41.5439941,0.620225393,175.9293828,3
37.81559793,35.86416998,30.8684641,49.5474766,0.645149557,208.3207111,3
36.07486882,30.75411131,58.74824901,47.28954836,0.646581918,142.942404,3
10.12828916,20.46480147,16.5916584,42.61801548,0.883359066,233.5508682,1.087392848
34.56019556,33.49411218,29.56995445,33.31281863,0.183872006,144.4310813,3
17.59943973,44.73166863,31.51976634,17.5186455,0.059151505,236.8464171,2.906226178
6.296061676,28.74348977,41.55234745,34.44937751,0.386700512,210.5740421,0.978848763
23.66738024,44.13898046,30.36298791,36.30166119,0.564905181,229.5666962,3
24.50943963,22.40514354,14.85180057,17.67011725,0.285709621,129.2112876,2.906409264
26.022836,38.3112529,57.37149991,16.4898331,0.689207004,87.11738685,2.961006862
36.71708744,22.85824987,30.80395408,22.86157366,0.073915979,251.8705298,3
18.89797141,26.83928934,27.13368636,33.85161361,0.790709471,242.7736106,2.11774852
19.18762309,34.27102088,32.33610621,18.18780212,0.71808602,164.1331454,2.3787256
7.724851531,34.81949235,20.82978411,30.0049935,0.213944787,124.4173633,1.617864663
35.90695472,39.38028293,15.01108423,45.46568308,0.298454239,148.8310203,3
30.55217411,35.38278518,17.42892396,18.27951462,0.807002045,158.8715467,3
20.72413007,34.84036761,18.33274135,48.46881813,0.773337843,227.7862457,2.663762259
36.73350405,42.80882717,19.88367191,26.30065904,0.813766157,233.8320044,3
29.18109872,31.30401881,30.99801061,9.540875194,0.322242845,196.0040771,3
26.11602256,25.63164447,41.19496345,7.476772718,0.969571183,94.65441336,2.569255179
28.00960446,24.04471463,41.4443919,20.24035314,0.715338229,110.6342249,2.8303379
33.63566564,29.99986492,10.00487848,16.64415305,0.065200787,124.7764812,3
34.70011721,37.81881888,56.04788334,42.96709972,0.477734854,98.81666965,3
18.00310186,21.06358712,51.14235903,38.19372896,0.664547045,98.56481685,1.658732644
11.33345135,23.22633466,58.19690197,44.80458291,0.168650192,103.1433702,1.241262175
12.04853815,22.6528365,27.99931724,31.51640742,0.901768927,74.80212018,1.22907073
33.77258987,34.63125383,43.23996383,24.59557614,0.754108701,156.9884108,3
44.27929786,26.07161626,18.40103746,17.17555676,0.081431768,100.6682854,3
23.42733253,24.15648571,50.85165136,31.23989755,0.913198108,246.2436832,2.182833875
12.62840721,34.81926799,18.06838615,32.81111502,0.40436968,230.5108838,2.040614286
39.04711242,39.03274789,26.29928504,22.68264037,0.452469478,128.6038715,3
42.46202635,28.30387291,34.5417428,47.14679398,0.78310816,145.0956989,3
44.62620994,34.45511514,39.72658344,33.79795648,0.643997683,148.6476094,3
32.3074143,22.45311033,37.98165121,42.68665403,0.437528695,99.50652328,3
43.73278517,43.37977576,15.10480059,32.91758363,0.259624658,123.640252,3
5.69367313,28.42240463,31.08380014,19.24415534,0.516895732,114.1737291,0.947494933
9.82561108,44.93764233,56.14546321,38.1478621,0.579179747,173.3579524,1.629438013
9.165923017,44.4646939,53.61842639,15.36145389,0.630932348,205.7991803,1.547098327
37.06721079,39.47058623,39.53917616,31.84742142,0.60506325,171.1809692,3
8.131180259,20.50167739,38.61622877,23.10648544,0.617303496,106.6615899,0.801693236
27.33639676,33.58687301,15.58375913,11.7448191,0.475737595,136.7744929,3
26.27181044,22.17091051,20.01297262,23.5958259,0.561887839,148.7015064,2.885137749
18.98165856,42.37845065,22.63198713,18.96263733,0.288638185,133.6520374,2.940141914
44.16823265,39.74090632,34.40978643,10.04999368,0.158374915,91.28170579,3
12.66949408,44.30850941,46.5678024,42.07227029,0.606935686,129.9786924,1.974753855
20.8608253,35.20957383,33.03626778,27.43621504,0.046998692,185.3984943,2.905872967
39.8377175,33.05432011,16.30305209,20.58603225,0.065206964,126.0766535,3
6.369004148,32.9743464,31.96744385,27.72339124,0.247315996,132.1627398,1.292712858
35.28276801,29.66120936,18.13166269,38.95624029,0.194327013,109.084849,3
41.73789769,31.71725168,47.55736758,5.823292695,0.374113131,119.864791,3
46.95205275,35.88531458,18.32504302,29.60382923,0.371288813,114.4055459,3
44.43334882,43.32369019,34.12669948,26.56178525,0.116855456,168.0044902,3
19.37228526,34.89710846,44.67068013,45.18815862,0.24650301,227.9306577,2.530507168
31.38638636,41.42789856,21.4099032,30.01872465,0.00456917,135.3287762,3
8.478207192,41.56949778,13.80150538,11.17952791,0.35096381,84.11028253,1.919973686
16.60415016,32.9708169,38.1649738,22.49074469,0.796435178,152.2847586,1.979574919
9.240007044,28.68674104,12.71013318,32.94812174,0.266159988,182.054508,1.62004408
19.18342806,35.98934683,39.38843215,7.067021318,0.643348146,224.3927538,2.402429306
44.38342461,31.14693355,47.67492688,44.80920938,0.098255179,137.9457231,3
20.62250779,22.03602168,26.46579958,8.050205332,0.012284672,189.2394532,2.525984503
30.28541464,29.44522751,34.41747045,6.376600753,0.498396522,114.9210536,3
24.50213817,44.85180345,56.43809191,5.090700835,0.461484076,128.9277163,3
25.65124359,21.21279675,33.55544321,35.76850212,0.191519198,97.02373839,2.840903553
48.63074233,37.4166728,59.82770307,25.51640393,0.286584956,154.5999183,3
18.32695107,41.02971763,17.85012057,9.62679624,0.030671407,108.380718,3
33.22960113,36.21814759,45.44669512,43.52938352,0.797799877,148.7446369,3
23.90282013,34.24370578,42.63092991,14.12241233,0.301282696,197.1251864,2.954788225
7.751578147,37.68886042,53.61524068,19.68458715,0.219456419,133.9882292,1.385572546
27.01988742,30.73356843,14.6221606,12.99746632,0.804657701,155.3949324,3
41.60044981,22.28404343,24.01032958,46.7040334,0.0392737,178.0686106,3
9.443883591,44.05929386,16.60896129,39.11300524,0.284525817,131.1499948,2.104678966
8.131633133,30.80751925,56.65475611,37.57790285,0.262752462,201.2320631,1.142156829
11.91341842,36.63473093,31.33176623,6.979821353,0.262972614,115.8222652,1.96769557
39.39800501,33.28276092,55.50329228,28.52157669,0.011495759,151.4612829,3
37.57979229,21.3668268,24.72034972,30.89535965,0.934671719,121.0738621,3
30.4257996,43.81866502,16.31840507,22.2134378,0.864145199,117.8604323,3
26.07018818,39.81343065,24.82686365,19.47903126,0.414493057,124.0068375,3
44.97466166,23.72744736,39.85871797,43.33742871,0.445434935,107.5396854,3
39.50140207,44.54122191,52.26162959,6.035746611,0.524154245,116.327614,3
41.53740131,38.4225343,29.26953466,33.14096817,0.478315873,182.1449957,3
41.59680356,31.80804126,55.74043296,22.74111113,0.779133691,123.8487687,3
33.92227196,35.28425141,22.21160298,34.96778065,0.488419929,106.9249048,3
25.61065809,22.66841705,44.67703437,13.90628956,0.188824671,105.0084472,2.775497032
43.91049887,34.01028775,46.78566752,15.73967096,0.116971887,162.7236486,3
46.67033379,21.8415268,23.69814597,31.4084213,0.918271433,139.3726872,3
6.071271947,33.62138143,11.34849392,49.09723458,0.048382659,107.6316687,1.59016364
7.319969297,33.81739222,28.2618671,48.86076123,0.897560543,213.4977962,1.127844394
48.14344836,41.86096963,12.25980737,16.20414427,0.690479192,89.05071076,3
17.47222762,38.12643751,55.03768877,9.605796365,0.404704686,117.2693924,2.265374782
44.30162478,26.23880981,57.67626315,31.56544571,0.187178449,140.5344516,3
22.49578035,42.21065355,46.7689958,23.89921736,0.310482211,149.1952286,3
10.35950259,34.33106662,46.33422927,39.27590208,0.529873699,88.37928941,1.452040005
8.619944009,35.15948696,22.04463347,28.75926764,0.656850944,188.7003598,1.485105493
12.04285546,24.22453423,13.69627883,27.97640627,0.691472425,131.7079507,1.529071019
16.24519377,41.4443399,50.10523179,34.09069407,0.447293712,140.2134086,2.2812982
26.98332593,43.27412788,37.95809658,10.68883002,0.373974093,110.5644587,3
36.56740553,39.37476624,44.08137654,35.47227783,0.768317491,248.4032796,3
49.38793594,43.51881132,48.9820534,26.98338653,0.925413437,221.781861,3
24.86780345,27.5574976,30.47171345,41.90661795,0.914465011,95.9758039,2.643413958
28.31832241,41.52797921,17.2273295,11.24180752,0.551620771,207.6481211,3
28.48170656,32.22232857,49.75183997,18.53361721,0.079020318,210.6350465,3
29.274546,24.09793007,32.68828196,47.76108683,0.073289812,243.6184035,3
28.29832957,36.72001498,51.34621154,29.88827957,0.402755695,108.0289896,3
5.394863978,37.10300677,31.88495734,46.81854499,0.732853515,157.7091169,1.090976959
5.077616995,27.17311284,20.85082042,36.00657964,0.497344035,128.3644592,0.956351906
9.394984316,20.68733329,18.55025083,46.68941142,0.627362304,127.908712,1.129892548
9.570047154,24.99618148,47.19608783,19.3021828,0.843319065,218.4076009,0.896590354
36.7203609,29.99443869,38.74445614,9.074019127,0.040335584,168.5436889,3
14.22122146,24.18907278,30.23014502,41.10087942,0.923816583,132.9579139,1.46421483
45.26213471,24.85074871,34.60583781,41.20109386,0.33089739,113.250093,3
46.78728483,29.78476661,37.48193026,32.84720576,0.046787357,154.4020126,3
48.91520021,44.04466536,21.97082209,31.08065914,0.835428536,140.7180975,3
47.25865872,39.10608789,28.90827898,46.17086768,0.934154026,164.3997491,3
17.23497449,27.99371003,24.62057326,12.94243102,0.768622012,140.9886749,2.026104378
27.93995801,43.79010172,29.42119234,32.74420871,0.804515443,178.9115994,3
12.89547366,36.14116981,35.02811068,7.239677487,0.871308354,129.8613273,1.708317743
41.27943448,31.38624112,18.66787695,11.33892215,0.522363531,125.8884285,3
44.97942673,31.70750497,29.67575313,24.67725568,0.68046288,202.5683017,3
43.30799777,30.2686117,29.27472217,41.95433162,0.286451582,156.3295322,3
24.50151269,25.82480131,24.30019084,37.99097108,0.249700515,154.6762374,2.943125814
39.14032481,29.66580481,59.92481624,48.8328976,0.608942647,119.2570947,3
9.391062631,33.1974096,13.68137545,7.018189181,0.734607766,124.2580806,1.541568945
6.811014678,33.20068377,42.14755696,22.16084985,0.397140558,138.8657329,1.167745078
38.89563864,39.04342256,18.72193033,12.14558607,0.40029108,154.8657901,3
24.14098734,28.96994643,51.97619946,6.663257782,0.954233568,126.2662482,2.382884837
49.79971691,37.91995073,55.7098268,16.89789003,0.518460394,104.288435,3
9.376439713,34.45229597,30.07389913,16.00123299,0.986284276,101.3386645,1.292172708
43.50324567,44.04613511,51.17392247,23.90124733,0.862842667,210.6923452,3
26.59923795,29.63212315,22.49547247,11.30365436,0.639657651,128.48438,3
42.2217588,42.53041161,17.00342537,26.98554107,0.009135593,99.84728197,3
41.7707277,40.51606368,25.79391332,46.40442473,0.295925162,123.3017067,3
46.21964006,35.94160711,27.08370069,38.66850192,0.417643784,91.04945229,3
18.40325051,36.36286167,29.86787724,42.89797983,0.65281491,144.9078873,2.427334212
47.74097091,22.11624837,28.6479471,41.2127867,0.395523073,144.4198323,3
11.82501322,43.75561514,30.55722264,22.53318514,0.827823885,144.1490214,1.921537657
8.688594992,22.67340159,45.50166829,36.90324663,0.662905272,205.7952111,0.838170233
24.42269828,34.08083272,22.27900664,38.94153077,0.347160085,147.6131552,3
42.27453359,28.25177001,10.92877979,14.25416476,0.784434047,111.8494834,3
26.30395088,30.74629946,34.48402757,43.7118065,0.303090314,147.7878992,3
42.31790049,35.25457527,32.41456221,25.59863293,0.062786607,145.9305178,3
37.83590626,42.72128445,13.00324949,5.736188278,0.172556286,103.1200544,3
14.42427738,31.43917809,16.69007008,33.95228489,0.002740493,145.1004324,2.322129393
47.69967312,44.69323888,35.49604473,35.45433914,0.83235028,153.6521991,3
7.735152588,34.82030163,21.737538,29.82930335,0.627108496,171.1672323,1.403262352
45.42258684,24.01384857,53.87991471,14.55868854,0.570569311,165.5100741,3
18.6999552,24.75023237,18.66462432,26.70251123,0.662048255,86.92535346,2.177332896
27.50666374,37.90277589,11.00613159,23.00573526,0.653598325,146.123167,3
24.00583427,21.25994486,32.37818847,48.86087332,0.565499941,140.7389954,2.502716401
12.73255506,32.00853941,59.30815553,42.11052956,0.842410046,227.434129,1.325920242
21.11660899,23.70547775,41.69362632,39.28548223,0.44094701,188.9469817,2.264433722
13.68204963,30.83046588,27.70148606,13.14831664,0.804809447,166.2882387,1.716467575
14.1748914,38.74793555,10.84340057,19.89680078,0.786633685,138.8105184,2.207336143
13.41755762,31.47032321,34.24742199,22.0870326,0.199504836,222.7218692,1.948539898
27.00578212,24.08627772,20.32330011,27.16823895,0.45376338,107.9663096,3
40.90691154,26.29813426,42.38770427,6.360103043,0.834932224,101.3584055,3
30.60365152,29.18848972,39.15042469,31.68541526,0.830855192,125.9457526,3
45.19429648,21.73902959,23.26068877,21.10354448,0.024006562,156.9310128,3
33.64450199,34.6084409,13.44413671,30.27547154,0.223050122,228.5645662,3
36.0203052,35.18834478,47.7509599,5.404027292,0.423874397,90.37007253,3
35.04232534,21.55379818,39.27320473,19.46449125,0.047154353,205.6915937,3
25.22566369,30.05778303,52.10631248,39.58997252,0.260624623,128.8795593,2.873117034
36.020247,30.35001707,22.99000078,27.54866986,0.258299839,98.37926481,3
8.136848591,28.34548921,42.64310324,40.49992978,0.214568382,127.6692628,1.224819276
43.69331624,33.94349351,15.93402503,36.45321766,0.396658979,131.7032955,3
40.00154645,28.64893725,24.5904954,43.47142588,0.813010774,115.5787239,3
16.03534812,30.41023199,42.82695559,5.334961485,0.244113641,155.983082,2.066882835
39.56146044,39.93808869,51.27906526,16.75964713,0.582067312,157.9125125,3
5.568917063,24.05273389,26.04627509,29.6960777,0.55757806,136.9139595,0.819397721
14.77609576,35.47786738,49.94267783,47.34581345,0.817924083,155.6777115,1.751816336
7.93117574,32.63986004,43.88762301,35.59055811,0.393999406,149.6476348,1.245236976
40.11021125,27.62679094,27.43373858,25.54649538,0.223568618,175.6709468,3
39.0143368,38.18836641,53.81984689,10.85635987,0.891520649,130.2626248,3
41.61362107,33.77970899,35.4614533,27.19469096,0.832947063,134.3919996,3
5.2016762,31.93403817,42.41234113,24.84891376,0.62150368,118.0676255,0.849760308
27.5554727,36.69173287,34.7815671,40.02994736,0.093239376,127.2097259,3
36.71762889,40.0572577,32.63599802,23.60068882,0.016117829,236.5701277,3
11.99305079,44.31671975,52.39888586,19.34771337,0.182624621,109.9099042,2.061227902
34.24058274,35.73375921,24.73522075,9.037385711,0.196638558,242.0785296,3
8.784954469,41.86099964,11.83146112,7.092547877,0.136247417,111.0590828,2.087423781
13.15966352,20.02728853,53.98913218,24.76104924,0.262181371,116.8901662,1.312560629
26.41085667,33.25589232,51.25119765,20.60878908,0.337888561,196.8076397,3
34.41043187,25.36618872,28.32802373,29.98958763,0.7544384,186.2627351,3
11.56411071,22.35481143,19.27255694,37.03677967,0.709522139,128.3448644,1.354084814
13.33504989,33.29927543,43.77668215,6.800306611,0.104379322,160.1446133,1.953524354
14.20008652,38.67066265,13.93804518,27.32976994,0.977106974,209.6927035,2.081096802
15.74153621,30.30681306,31.18773778,43.78873524,0.752139254,96.20176356,1.896433718
15.19492318,36.75268623,14.29311608,25.48249638,0.163433259,152.52991,2.519934069
22.78170988,32.24298135,39.89548377,28.45589949,0.124496571,195.6556393,2.89173391
34.42053429,30.92714665,11.36041919,26.90563283,0.087546886,128.1285971,3
24.71143024,27.25641601,41.46191878,22.54068133,0.731788667,216.8689908,2.599176703
39.91882589,29.56483786,43.66027866,9.955378577,0.23628656,159.0080986,3
37.36708277,28.74489077,34.35722373,10.68602971,0.072967995,157.330364,3
10.69371113,36.1546796,18.75036646,13.05901588,0.421827609,176.646944,1.876109631
7.197873049,22.90046278,15.06969693,40.66540884,0.708698431,186.4380354,0.978089879
44.50737038,22.31590922,25.66461741,17.38995353,0.304556416,201.5490187,3
8.592397995,36.50032486,33.26033398,47.66557018,0.482645572,106.8983001,1.501991169
11.67526313,33.65745175,42.11041584,41.45765749,0.192674968,128.8257631,1.771999729
5.9959974,30.75500242,10.06250638,35.80433007,0.429148521,239.9726727,1.309567163
33.27513644,23.81107211,45.55319596,37.41771332,0.358942231,145.7691701,3
31.20667534,30.2756778,45.63559661,7.143449391,0.433918415,123.7999237,3
49.41066499,39.74329408,32.22689032,30.57752151,0.465711599,115.0465773,3
44.91195783,42.24053089,27.17032229,47.34756095,0.092298842,166.632836,3
23.48794299,37.56441425,52.11542823,6.759958253,0.093368352,145.0656851,3
21.72136284,21.4978044,49.2293741,18.09574333,0.260610584,140.3881601,2.266130731
18.35834154,36.76024442,59.16380443,7.318017146,0.115758354,122.2341012,2.411658413
11.8583114,26.02463974,28.59654027,30.638371,0.252784314,115.3574885,1.640961572
11.21376455,27.88128108,55.34163024,10.22902822,0.024543984,196.1620131,1.485064196
10.95276686,24.8968302,14.37009429,26.56625703,0.350739411,126.3812446,1.606100378
10.13516407,39.39389477,30.57330331,37.39772466,0.2134102,165.113554,1.9142081
15.82304191,36.21505307,33.26870594,12.39973407,0.89214635,162.7399024,2.010712392
18.80008836,35.29587636,32.04371581,38.99139967,0.858157595,118.3150206,2.307022093
48.2710537,36.69931524,41.25490942,7.709200788,0.30041884,139.3040917,3
31.0312963,25.91930654,18.51039194,11.73310161,0.475485115,202.9671139,3
49.44180985,31.11611036,53.32260859,17.60496634,0.955792105,198.2027034,3
21.76101265,35.83134304,37.58820093,40.82445803,0.524096374,221.5455707,2.73254917
25.59319847,35.91485069,55.2104774,43.25616001,0.84843327,130.1900807,2.780160127
19.60603966,39.79629657,10.1315822,14.91709165,0.826374777,139.1811338,2.772643975
13.22994429,27.17759917,41.49940568,9.310272149,0.941288972,188.5210422,1.343275858
11.44241185,39.25840304,30.62289234,43.15792021,0.305700643,114.2276517,1.993775375
47.5285639,31.00461202,35.25495309,34.22153469,0.043445676,153.4502953,3
49.40648068,36.7543173,47.19022554,12.10349464,0.103953734,211.0063944,3
7.020927343,31.3929845,21.35758742,30.09725533,0.571297519,171.1294642,1.249300917
11.76556436,43.71525424,20.24497176,44.25671448,0.530277972,113.3296348,2.166142874
24.05858415,24.48255662,45.15039089,8.128172392,0.298453033,143.5469423,2.621213211
13.38500644,36.87512721,36.06828795,8.767455514,0.248713297,157.3873092,2.082632023
21.37461771,34.41337502,21.6819549,17.31234923,0.70938143,152.0438826,2.713064008
10.80933574,24.31827602,34.20093173,34.35180465,0.340502872,217.8971938,1.379282022
25.54302905,21.6501584,32.97792029,13.01038293,0.603951786,175.163939,2.644219756
17.22625773,39.97860972,44.57222137,41.73652419,0.712293587,124.1265936,2.25337709
20.83572751,23.93628334,10.13305518,38.76935796,0.430465377,110.2287074,2.564885622
9.244069316,24.66266707,39.33801329,30.24521841,0.193406265,167.8334591,1.256412568
24.26576228,44.4608556,40.28390753,10.2230467,0.860780161,205.3889058,3
49.24659249,37.93152129,47.27550686,49.46989227,0.093530949,132.7376807,3
19.79748711,26.26217104,54.4615233,27.05151333,0.829470683,237.3450279,1.895803838
44.43931737,34.773724,32.00948986,25.34329165,0.836679576,130.3163394,3
42.94396137,33.35279596,27.12601122,49.80060859,0.570999265,127.731873,3
47.84262882,41.11183169,15.11601888,43.87407186,0.629476051,110.4400991,3
40.55492805,38.2330187,26.84179224,25.53654803,0.358017061,133.7316311,3
34.68185722,40.79302814,13.42423322,23.84613437,0.841584222,161.7924467,3
43.54629999,25.2876647,50.14101027,9.315922216,0.263703686,168.6563083,3
8.40401063,36.00548011,50.35030739,46.69302859,0.559776064,185.8656509,1.257192628
25.82737957,21.00602146,30.86188286,42.96986815,0.001794835,145.1020804,2.973422426
49.51653074,21.72351531,22.98206169,18.95011218,0.939843106,148.6360668,3
39.63200681,37.83817582,15.90100377,38.89945794,0.948296524,113.2780681,3
48.29339201,20.61050257,52.5618583,39.32282418,0.710416685,176.1125932,3
40.08354603,34.49412522,53.87476392,15.25598228,0.423239832,171.0135035,3
44.36968853,41.01012746,23.31448073,32.61449615,0.178611101,136.4792018,3
36.79383345,29.49854521,41.08802742,16.47629615,0.492462886,121.429969,3
39.2225902,21.12101092,22.93268324,40.54487234,0.791410472,163.8058863,3
28.54301044,37.84618624,21.25633136,11.92143661,0.605273622,177.6997132,3
46.59069654,43.24216131,11.06040253,35.10076994,0.527496571,157.2902556,3
42.12675098,37.9292848,38.85797088,19.67052702,0.849444213,183.5509235,3
42.97482345,34.46118108,17.49707716,6.628192589,0.313133936,104.1847692,3
35.28540954,25.75072075,10.61855914,10.56670899,0.85996397,121.8869437,3
18.70609762,20.3843906,15.24255822,34.47046122,0.439453403,164.874353,2.177937165
6.603340793,37.36680271,25.68845958,15.79614364,0.002413831,96.16791546,1.647802658
47.10448082,25.7756544,43.45815951,33.39659177,0.731942008,93.02695012,3
31.3754157,41.45406693,20.13115267,23.66699747,0.877843385,171.3607674,3
18.4164337,31.65910297,54.37952813,36.17210587,0.484360839,151.5462225,2.110971102
11.71107985,33.26588956,24.42442052,27.182688,0.454747869,173.4847999,1.808352831
42.32854245,38.84841361,26.56131447,18.88461937,0.805448426,132.1545374,3
42.64340875,39.4857652,20.898859,11.56186309,0.884774747,176.5683266,3
41.65285857,36.06627083,22.69026685,20.34942136,0.974420106,226.5076884,3
34.02872114,43.46079539,13.70675573,33.57023351,0.345650291,196.5630985,3
21.47069244,44.55746091,24.73852894,38.32130773,0.594688767,171.1043229,3
18.68316282,43.67213611,52.98087298,12.21528537,0.822918345,168.9043531,2.38278625
5.384964655,40.60447963,44.42122707,34.8922584,0.531851924,250.625832,1.181840888
42.51234014,37.64063051,53.76341019,13.06757793,0.461853333,150.1987176,3
8.934471387,36.58314645,15.24295072,14.98187046,0.571932081,137.6813318,1.674489806
33.38397491,22.59375442,32.78083154,28.90927581,0.356866999,111.4625641,3
27.68337261,26.78710867,21.46274365,18.01410359,0.192076094,188.2230542,3
28.70102115,20.14220559,46.06077953,34.77179486,0.066631113,196.7789248,3
46.70207804,23.43524676,58.51189124,48.00994809,0.609980764,68.40247502,3
6.422675507,30.98073693,50.76797395,11.70014906,0.379134361,117.830422,0.977711861
39.80265011,23.66341377,11.76390834,30.67298745,0.882953003,230.5621644,3
7.342357927,42.54158537,25.83298473,46.54846322,0.222959179,179.6043167,1.782479201
6.716912267,40.14247963,11.42898452,12.94380395,0.31071165,152.6660909,1.740128211
24.34179642,21.7902978,12.00834835,21.50829065,0.970506236,226.955518,2.5551863
7.838382845,26.22284289,13.97576521,10.56275757,0.556291205,127.8020608,1.240029793
40.51147781,40.47679712,23.81634645,33.89169732,0.346753043,186.8305018,3
28.83033921,40.07615316,25.21013838,35.11143175,0.860894324,133.4377707,3
6.30674522,43.63626375,30.02267566,34.88820437,0.74337509,121.1262202,1.413302346
6.822530892,44.93869404,30.24655472,29.39571718,0.573142934,237.8411099,1.591172543
32.57008384,44.40675158,48.57045059,38.58173905,0.889099691,88.63408808,3
41.27503179,30.25344964,17.07016218,6.614478337,0.093961524,223.2409682,3
24.70097891,26.2582111,17.88703079,48.08810694,0.394493944,218.233331,2.969254314
29.95613022,38.96025476,41.32945258,14.99432936,0.810550104,184.6672688,3
40.99232543,27.48182232,38.58710761,10.47028859,0.385942994,187.9901423,3
32.47277783,40.160009,17.70023527,47.35112193,0.926736527,125.4938239,3
15.11421069,33.34886826,52.61322134,42.36966124,0.152521128,118.2428069,2.020657234
32.58734116,39.84818188,26.45297071,39.41916887,0.336637306,122.9187599,3
33.27257566,26.89699699,28.34836743,9.713556902,0.425742562,201.0761756,3
38.03481414,32.70068289,31.02300404,41.33881462,0.686962086,112.1478454,3
32.93933844,34.10059484,26.13509354,32.40605854,0.195349482,146.0221574,3
48.61589587,43.57770169,37.87275261,37.9358875,0.009863835,85.62640845,3
13.87797389,26.66493942,29.43238616,49.01316259,0.976509314,155.41111,1.494050185
47.79908058,43.41720598,22.9717363,13.74985297,0.898757099,156.5024792,3
29.22527707,40.12147289,55.22374339,27.69718824,0.300222085,91.28905504,3
35.23802632,38.27235135,25.41753701,38.90083759,0.48348084,166.7775365,3
9.475771885,39.67175673,44.92444627,24.51453578,0.48892021,138.9605191,1.576264512
22.12591736,35.13562615,27.36133852,7.459388731,0.869225556,82.70213378,2.675553111
39.62206159,26.10200026,31.76099934,10.01475045,0.597060141,154.5090204,3
36.81099568,24.73737422,21.79717617,32.09413876,0.826431023,172.8397608,3
6.806272467,41.6585359,47.61648097,17.82518659,0.911994151,138.5999582,1.137083225
29.59674186,38.12848506,46.86016257,11.20282913,0.565953132,132.8971526,3
8.972518684,25.33010707,11.11199729,20.29513989,0.285482468,161.2211488,1.487727564
49.81353931,35.37733415,13.00970202,14.04414194,0.498707806,150.5543402,3
45.37834648,31.18866204,56.11882274,6.077275996,0.850869609,80.26924509,3
5.948629719,23.96637925,54.44134236,11.83162949,0.583619174,138.2840739,0.557519269
43.63923105,33.29642773,35.30435964,44.73850824,0.895721907,167.7354079,3
46.37433203,27.03797731,34.66786958,5.541677713,0.895436009,132.8948055,3
20.90967002,22.4061031,50.62120872,39.82326366,0.37335962,154.3535276,2.144945208
37.37757448,31.67395746,16.92250734,38.90574976,0.448113896,238.3919088,3
24.89466858,34.7527138,42.68495607,30.39069598,0.67791376,112.6190275,2.882084211
34.48546181,21.17266026,33.79914972,14.38014946,0.111064455,142.0933536,3
20.31428319,30.05231874,47.16655147,44.51266509,0.465557217,116.2155555,2.328728154
19.51516565,26.441548,11.50513957,26.3784006,0.149385445,149.3941682,2.64315738
24.099525,20.76626477,39.63627749,12.79428031,0.847956184,168.8796588,2.281820459
11.55054914,23.14156374,37.83641076,24.30601666,0.942784431,214.6047491,1.076684049
42.4012534,23.47585397,52.04241648,13.77127525,0.141548876,199.6697778,3
20.69140529,24.5718562,43.84181488,21.92035285,0.667341425,122.4759954,2.116113541
23.00672993,40.08443929,54.00801792,27.3509497,0.636543229,155.0554971,2.778469175
45.23245757,30.98729666,54.36366608,21.19554004,0.760074801,159.3707409,3
27.34807163,23.67714981,30.40820004,34.56699233,0.695779653,147.9138403,2.872073663
29.49142592,22.50742417,16.87170669,47.11630118,0.217129035,212.7837295,3
48.04241561,27.44851147,41.51418279,20.66672064,0.291212654,188.7655398,3
44.90268724,39.95038797,53.68730492,21.00827812,0.165232216,134.5988332,3
12.6260019,29.1114962,13.74766721,38.22361118,0.921143999,114.8409196,1.634934725
26.29467635,23.99743401,37.89616365,28.87659192,0.521823465,147.3803124,2.789508732
48.70833023,30.10290454,15.74997633,24.29777478,0.976161152,167.3711903,3
21.75648342,33.88278893,11.34979959,41.62136848,0.449321851,77.80680679,2.966915718
21.72078988,20.73960459,43.9817677,45.09662302,0.552723171,157.0998115,2.147219879
13.77636043,35.69104504,44.09248059,31.57639727,0.789293922,137.7575245,1.731765777
10.14454014,29.87751883,40.03290225,13.32964727,0.79722366,132.4880146,1.211430455
38.31371558,20.24314688,52.9611402,25.98286501,0.231149592,106.3686025,3
39.65137109,36.84723497,14.04382199,27.6966798,0.288282866,105.2261727,3
48.60558336,37.80969089,15.26301308,24.44933107,0.097806838,145.8180564,3
39.80381949,35.72099471,53.2267719,16.80943455,0.805464502,138.5934651,3
15.95086223,28.54825544,35.16383599,26.25448135,0.793861522,135.718635,1.798125617
6.805246023,33.24012135,23.65264044,25.09457684,0.081258808,110.8843296,1.511372839
49.3446823,29.67894265,46.9078489,14.42720858,0.257432591,189.8922857,3
20.3202813,37.51554325,54.72018613,45.65437936,0.44986701,123.1599328,2.510410872
19.03871941,34.58950466,44.48016431,44.84034279,0.541778944,193.7997714,2.341164315
45.76798444,22.04497785,49.59662983,39.18273928,0.522544219,134.9070683,3
31.32949543,36.07733896,24.12486201,23.04259599,0.983075288,110.7641513,3
14.66920282,37.18096036,24.43876797,21.66538586,0.76412545,128.1181812,2.079835223
45.00933092,29.26755452,53.20619402,37.24094198,0.113187822,148.2494532,3
49.70123848,41.89464452,40.74314243,32.36536558,0.293502378,164.7454854,3
8.900535252,41.07535887,21.70813758,32.02692458,0.345427237,153.3045925,1.86943716
43.80132327,24.3791631,36.20809077,10.58501874,0.315148067,71.90993858,3
22.5732064,42.60665771,44.29302357,32.82277011,0.785945656,155.4984921,2.841639499
28.58326009,31.02180929,20.92745406,45.5838355,0.360561265,155.7610618,3
46.16671891,38.09374132,42.74532041,8.86174118,0.492426719,112.0484331,3
48.80206381,40.35242517,12.10724249,20.26270846,0.533454168,100.0141151,3
16.79737597,32.62781053,25.18458115,27.90564312,0.270423673,149.9660839,2.380273633
14.57828469,29.97754848,43.69859059,35.87042727,0.322695797,126.3509196,1.858746281
8.623245137,42.88628422,17.46745327,9.03357183,0.779997569,180.8191217,1.727194004
30.28090337,25.77133882,21.10995153,44.2762787,0.866682964,159.7918559,3
5.612197795,26.42425194,53.95466452,6.824552918,0.037080103,118.0223918,0.883941481
23.53542339,29.04050785,43.71605497,43.59603501,0.60515456,109.8164316,2.581821438
8.302280749,41.48664445,34.94593551,6.244329014,0.633435512,93.24019705,1.546939112
23.23516023,43.46970661,20.54466961,11.90854869,0.737309202,157.8557819,3
6.796948517,25.50169287,27.07048283,41.01457222,0.693846773,128.9678023,0.912123066
42.58477673,41.59675369,38.71652491,43.70739967,0.877424491,114.6546363,3
14.43825473,26.45507399,17.7656297,49.20196232,0.078472312,123.9925975,2.108768819
19.77389197,44.26603117,34.08720399,10.20716728,0.388372239,212.6702082,2.91786541
44.15215985,34.9351973,30.44871971,28.69030022,0.782089448,143.7857255,3
38.58197276,20.17716169,33.83436707,8.472012194,0.846580012,139.9663496,3
14.85672627,20.8532476,15.27804106,12.03834317,0.264768438,131.9203825,1.895616251
8.23547384,23.68711327,15.32485435,12.85222361,0.585284044,191.691027,1.167227261
37.20531996,24.68932895,58.20554764,7.852471316,0.180765015,133.3263504,3
22.58161478,39.19047807,58.96838669,45.18409127,0.85089435,215.8412488,2.549379705
39.47359996,25.56914691,31.3082329,10.68599831,0.730430149,230.9779366,3
25.03826476,44.2285405,49.44977268,33.32033794,0.222065079,116.7213824,3
20.57010858,35.90280143,42.78957135,33.15861791,0.623773153,141.1963483,2.513988616
25.30424337,37.31293773,15.84584273,13.93903424,0.509320376,139.395423,3
38.68515436,25.44541298,24.83393287,49.92850676,0.258826731,182.4619426,3
45.59991289,42.31765785,25.68257043,20.63154979,0.893122601,131.075588,3
7.239523846,36.69536432,39.78872174,45.72924669,0.147839298,152.6717933,1.475324329
28.58501936,41.61014061,38.99883562,47.67281295,0.467459803,187.3894304,3
6.477594309,43.91202743,56.17543469,47.70449664,0.582798285,214.3780313,1.258340189
26.07842953,23.14102443,49.5018157,38.87769144,0.823545646,125.8530725,2.472419453
44.83772731,22.41468076,52.84238323,16.42122524,0.150179912,266.5089374,3
21.27156199,40.08519566,54.56143068,10.42949083,0.609174608,144.554671,2.613127777
46.96026895,41.65315148,50.06383363,30.64482397,0.006559744,128.920543,3
33.37738122,34.59403552,26.64406305,21.2017609,0.822581314,207.7295277,3
47.03699047,29.15001369,20.75064857,42.39675553,0.234732449,165.8946888,3
39.07249814,36.3157409,38.5883669,38.52455237,0.720915314,128.1217176,3
9.654582499,27.64160181,44.47841582,17.44107333,0.601877789,235.3168456,1.141121924
15.40181154,25.9596423,29.32839845,5.765685516,0.050127383,157.9440796,2.087154888
22.73767046,32.20363024,52.4169325,15.67920915,0.183230016,108.5014311,2.731437054
12.65480969,25.40384569,58.02832964,30.52020129,0.267740696,117.4801581,1.398122181
27.27102221,32.09259021,38.46978631,8.55488625,0.886727688,201.4130035,2.968793521
26.21156701,43.91516264,32.82960311,34.62226699,0.480803389,172.182901,3
48.03166391,40.99460089,52.14435585,35.22633281,0.913503218,131.4700149,3
24.51775473,43.54077299,11.21347735,12.62272651,0.047449901,117.3106796,3
40.35320619,40.15822437,16.45063079,31.83432053,0.006563874,133.2290081,3
47.38597452,28.8687734,52.28288295,32.31371426,0.948246621,228.2771521,3
44.46449739,40.30113096,46.60142928,26.50901659,0.723916907,165.1021209,3
14.3900431,43.07289359,30.80683491,47.89606134,0.783316798,124.4604773,2.175040682
27.32134524,43.6758947,54.44259289,9.867343113,0.915805614,169.6674261,3
20.6482902,37.07994627,27.57291438,23.29815509,0.984538692,175.1147582,2.532828739
22.99364128,25.2841661,41.69226789,44.73143475,0.097712168,132.8766894,2.676390902
21.23630718,20.99322883,41.71672352,22.38413079,0.158291344,126.0328372,2.327092105
42.18616446,23.6800057,19.21659463,24.10878241,0.188573449,191.6980896,3
25.34625748,44.13867295,24.24258681,35.07232462,0.818417659,142.9448887,3
28.56624495,31.5524206,55.80034613,34.95035973,0.355549913,114.1858424,3
49.21013107,41.37465037,19.17074269,6.03058813,0.593271447,284.2025172,3
7.699067249,31.62610384,18.67873109,25.50638418,0.855221912,120.2469444,1.209711919
26.95809379,36.52043959,33.98077369,20.00803301,0.68315984,165.7634186,3
39.83277681,20.60351943,14.60986841,33.24628612,0.065415394,167.4452493,3
11.80228812,26.24662357,54.73130945,30.00660421,0.445673857,125.9936707,1.284966241
32.51892176,30.906732,15.00745692,34.28877322,0.067500052,240.6977711,3
15.77591508,35.76577618,40.82787384,34.41953239,0.478843545,110.0665054,2.122083536
44.0331851,24.2880297,26.98909282,16.46923376,0.219302715,146.4015334,3
19.71948494,39.11378661,50.21364427,16.09091441,0.0013082,98.78988845,2.772950839
19.80782676,29.11011765,39.49053729,21.66270778,0.813151792,204.5011157,2.149638662
31.91872453,40.43588173,29.41530705,15.88813072,0.969382844,172.5957779,3
13.26033087,22.44922726,59.19364923,35.7263635,0.964132682,174.4389295,1.000337829
17.81998875,36.99391469,13.31154942,32.12896889,0.299185194,157.1618332,2.732421274
23.74843326,27.33320833,38.88931516,14.7374153,0.82877361,175.6457158,2.482670313
20.91370384,39.88457935,59.47841558,44.7847164,0.678776901,157.4453208,2.486683756
28.61947481,30.05426068,44.54763216,25.72981768,0.80007639,125.7230292,3
31.98380648,36.63374081,46.98848158,10.71739505,0.846238048,187.2953411,3
30.50003542,43.35763172,11.60455723,14.58345146,0.980278739,97.08063729,3
34.43757404,20.5156658,11.06815815,29.29327534,0.151729638,159.7282543,3
18.84872825,20.27791956,11.8055056,20.22908074,0.769746024,236.910734,2.057875409
10.68918022,39.2569813,59.58619511,43.30498715,0.734153604,263.672355,1.414545313
39.23633936,36.15982629,58.97598804,27.26309333,0.287735838,143.0188036,3
43.28511722,27.32449301,26.72544629,46.18826602,0.392587556,137.3310191,3
16.56528045,32.35991757,24.54909081,9.582191642,0.176758048,182.594827,2.401322032
23.31913803,21.04839164,17.29793728,35.08669098,0.913273193,106.5085874,2.403910888
27.43561476,24.81114013,26.45701496,44.86031836,0.879335725,163.3210363,2.866361469
28.99970792,30.61240936,28.50749653,18.1818714,0.614035015,120.9315325,3
34.6770577,40.85111041,47.41414084,11.10594183,0.51163,138.3644573,3
6.872145501,31.99167957,53.31467765,25.54901321,0.23288836,277.9836524,1.104012912
37.46646872,34.65906261,47.33675599,48.26004018,0.789603557,131.4750453,3
7.788695314,41.8438448,42.32375505,33.50578665,0.008204912,145.5633371,1.746324351
26.07298555,27.72047284,48.2950039,33.9789637,0.462786692,125.0560151,2.816970931
42.2452011,37.51748303,46.92487396,35.21755645,0.860551177,148.1475676,3
25.3046891,41.54168147,33.78748469,6.789261902,0.618485334,221.3368552,3
11.70903869,25.06539252,26.79257012,25.05424106,0.635122842,149.4555698,1.420929831
49.32652303,28.91195413,24.13903584,8.49074047,0.070707426,153.5843489,3
45.01784579,44.49525435,43.96777298,19.21364732,0.286704729,153.2168269,3
39.7091135,44.58046412,57.96520622,41.9719561,0.673862206,145.3085888,3
23.51802213,25.58074826,39.05273595,34.53214774,0.049617301,135.9614914,2.789157812
13.27305771,21.66114597,55.62632512,49.80077144,0.330935753,202.618598,1.327612842
47.36350316,26.77304028,10.71146855,12.7469491,0.353944564,142.7626665,3
28.95580069,29.94329893,49.72353234,22.86744063,0.498718389,151.454727,3
43.35599572,31.02514002,52.6801329,41.43380973,0.362375252,152.6958347,3
20.39427526,35.47015768,41.5496919,14.70612211,0.454117537,157.8713031,2.579210428
20.08797427,42.487569,56.70304997,11.91748308,0.546997346,105.776172,2.584520554
49.34932163,28.2587003,39.49564964,24.24256506,0.128347842,259.856581,3
28.48248718,41.24961339,22.02684513,22.26769206,0.180475415,109.2136338,3
11.33129407,22.33697302,20.78586147,49.10926734,0.832510994,209.7591391,1.253581063
14.88536051,21.04686747,37.79181333,25.53131881,0.459767942,170.0214296,1.582296196
26.68749257,32.60112958,55.32419652,43.74258544,0.355152074,174.1285516,3
6.911190972,21.49155558,13.61839729,44.95844837,0.433881514,117.0755496,1.054379553
25.81402934,29.81224503,40.21952561,12.10422713,0.174818553,77.62889854,3
23.85233789,42.41945292,48.49017365,37.18871606,0.239847255,202.3587358,3
40.07013194,26.03707591,15.77010348,17.49232126,0.515523543,158.2528216,3
20.9723884,37.64939438,15.83848454,9.263253572,0.358926496,138.0481322,3
49.21469427,27.55913481,28.30639983,44.361721,0.475456103,107.4752055,3
13.13464637,21.12300138,23.69405868,18.15948684,0.149704673,97.79564569,1.70577176
31.59440082,33.91726454,19.91570794,20.54145516,0.156468332,117.3140225,3
9.036468365,40.87133726,19.93470868,19.57950664,0.38394302,147.3408096,1.874706149
38.02387928,30.23671121,16.53345162,14.01329403,0.378857633,128.7664892,3
49.76391596,35.43234566,40.54270065,24.55265219,0.883332344,80.67734709,3
41.8612387,42.50058994,44.40628018,24.27317694,0.033451381,213.6182012,3
30.00665933,39.74236282,45.14681134,23.39382316,0.992855442,215.3410415,3
26.81336108,24.84690998,36.61769881,46.23339862,0.956523059,139.0582512,2.665127923
42.57634826,38.33459898,57.64531348,20.28882329,0.542250951,168.3232186,3
47.11883381,32.54732563,54.02663888,6.367050875,0.718757762,131.1879445,3
49.51429366,38.6491702,57.88155713,13.02966528,0.935254657,108.2671764,3
22.84426524,32.36288876,29.43977391,37.46736845,0.251193906,104.5229232,2.943194791
49.59128637,23.1989541,53.889158,31.58863728,0.315630608,135.6370418,3
12.01668135,34.24773617,48.14373497,47.82806617,0.110924683,191.7606279,1.806359649
16.40973992,32.30334981,26.99864515,36.24957982,0.563846117,241.9745907,2.165842809
9.005725613,32.94804334,15.32966293,13.7408753,0.159448376,105.5932015,1.765819856
17.22823324,41.97256134,44.13106249,10.42898984,0.930870616,224.3065401,2.215162769
39.55718982,42.37092617,16.82261621,28.43418989,0.431566847,103.7959658,3
43.38159612,31.33842767,24.68879035,34.93682313,0.919686726,133.9008551,3
40.05016903,31.39330103,35.01822882,12.45365321,0.205099902,180.3804102,3
33.39796002,32.87967397,43.99412676,32.07618547,0.694036474,119.7235373,3
28.12849306,32.98973196,56.31138286,43.92629078,0.647592078,118.5266217,3
36.89169301,43.7596786,39.66200224,37.74060176,0.39967568,92.24441931,3
22.58750972,36.23501168,43.57065498,34.88859864,0.898343127,216.5095709,2.581706581
42.85887582,26.93642487,25.50069251,40.51989745,0.434802051,178.1408794,3
35.47355423,33.28841992,44.36463082,9.683721907,0.19843053,131.5061005,3
36.40121143,35.68058957,31.88950604,14.17241551,0.976985381,141.3262166,3
29.11711969,35.99429303,52.84655914,6.714477366,0.441481403,147.8649172,3
44.83530429,34.63135566,29.6225257,11.52400754,0.208072978,182.299162,3
16.34066302,24.44340387,33.41360108,46.09320542,0.36363266,129.6979245,1.932894089
22.1516444,20.83982973,31.62938785,14.99652176,0.613509457,134.1845396,2.286776824
39.99391564,28.44607631,50.55614172,34.79437474,0.512027536,192.6219792,3
27.17370033,30.68805386,57.68495985,36.12052621,0.635117023,138.6852477,2.845897051
45.0146306,21.54510599,26.36381505,34.03964567,0.661857279,161.3377078,3
20.58796939,40.37418345,33.75139504,29.92644719,0.123381032,97.98660909,3
21.6198576,28.60193594,45.29631333,26.87586564,0.314884964,113.7355627,2.504978009
44.99311052,42.84081865,54.7690811,23.89643788,0.748700991,194.0801292,3
25.89666441,23.8602527,34.68503484,46.26044135,0.650367249,116.1789646,2.712974224
28.22560629,21.42337392,15.44467541,5.428146239,0.088348337,112.2100277,3
19.97436719,32.05790261,28.43356918,7.407033171,0.315147585,142.5841864,2.624123988
17.4501474,24.72823342,37.51809427,27.16306095,0.931322149,154.9486673,1.72844717
34.51769199,43.43498189,30.8762303,19.87295368,0.862012656,225.7653128,3
10.39282977,20.25758496,19.32778634,23.37035959,0.670642853,104.4964646,1.185936519
44.56726885,30.31549188,11.84947477,49.90318338,0.072863821,208.0906412,3
40.06414115,43.16869428,44.3704333,39.88106146,0.607055187,206.9152882,3
13.58367187,29.61045517,59.63685954,44.48335802,0.012188132,226.4257329,1.742919698
36.23089756,22.32773202,55.96033169,21.58585539,0.661126405,154.8688514,3
32.11848146,27.57237357,44.16354554,15.7802198,0.731211549,166.9980852,3
13.30407728,32.45025985,52.07649043,39.55957107,0.49724362,172.2781998,1.642696342
17.29415777,24.62879218,22.78638092,41.34092424,0.003806644,142.6563891,2.320608385
23.40439267,31.66404263,41.1217218,29.74543007,0.666610118,203.093917,2.651385077
36.46592309,40.90857989,13.03021077,45.31736816,0.819740086,102.6207951,3
33.7425534,41.81544925,45.35919637,48.52963656,0.585867468,108.5431864,3
28.95056815,21.23151837,58.49361695,26.19593053,0.709197505,107.7758321,2.663239172
39.57847444,24.02258395,53.03986536,15.02000005,0.090321359,200.0865506,3
39.10719828,26.88225339,36.72204374,28.27008982,0.715321852,98.43084065,3
32.80366193,34.87164627,49.43701097,49.52899507,0.614192962,106.8540301,3
40.41455375,29.02486897,57.1949405,18.18170869,0.331019725,128.4810207,3
20.04185187,41.10102284,20.8008789,32.79196957,0.685333995,230.6334081,2.823543494
44.65622877,37.91679671,49.66292565,36.22926488,0.645582882,157.0138916,3
32.67095386,22.51140058,23.4923479,14.62679575,0.59946024,179.5667954,3
42.00635812,35.61393756,53.8473711,31.48066053,0.182945403,187.2110391,3
29.58255972,22.82531563,14.91772528,19.15281527,0.296221725,127.017655,3
14.82972102,26.37589174,18.91092094,43.43943241,0.991382772,102.6869623,1.677367898
29.40845579,24.44676584,46.03082317,37.16391068,0.433109174,108.022614,3
21.70002487,24.32654873,18.73887519,42.18198924,0.059426524,139.4529613,2.763785431
36.38745662,35.40988812,17.9027151,13.98570776,0.899005311,180.6443345,3
26.41072063,34.09012306,37.77334387,6.555861756,0.172932087,154.1330861,3
42.62507622,24.40070382,51.74936189,43.27365582,0.403519819,202.9614798,3
35.51326305,44.75432014,23.42337126,22.40393902,0.277998913,100.179651,3
35.80449949,30.54591831,52.05690914,13.08750854,0.963875453,147.6746173,3
14.77199001,22.4267332,50.39766983,9.135291437,0.378098579,96.46039891,1.531730786
49.29123949,23.01422542,38.95527005,28.24253627,0.708716964,142.3436158,3
42.87538442,34.59734284,42.32813768,11.75575787,0.598382972,186.9908974,3
40.50521981,44.47673508,12.02205933,30.5011411,0.042975172,164.2339266,3
19.85968513,34.29877754,28.35677792,37.72879441,0.384314678,175.0734211,2.65353598
29.10342438,43.72603692,23.16974656,29.07761772,0.390021963,109.4542723,3
11.16964346,31.10332127,17.50019304,45.66649022,0.989833325,135.0002339,1.483823129
29.23141895,30.89602759,29.48296646,12.0006331,0.811928701,117.436342,3
11.56501609,32.50018398,27.74520982,27.2279063,0.856654276,168.7609671,1.534061839
29.88670298,37.43563645,46.44458391,12.34357067,0.31352117,158.9756494,3
34.19248461,29.19039916,39.90481702,44.41558669,0.329054615,200.0505628,3
22.55881853,41.59715082,55.65500344,46.95076744,0.515605708,190.7954405,2.828100658
27.43451952,20.73203462,17.27037915,22.99981467,0.631015133,180.5575279,2.946308415
44.40440245,30.99410488,12.98743027,18.7586716,0.728293488,103.1016734,3
9.885341512,32.77479625,36.73038937,17.56922429,0.820801856,162.4428836,1.303322538
40.62798018,35.17580596,10.05135693,43.68773057,0.873202219,195.7889789,3
12.68395479,26.90179781,49.38594716,35.70988661,0.024625911,134.9538278,1.658949646
6.651859226,30.68699927,35.29864443,44.62668746,0.796095883,223.8248139,0.937051513
13.35085712,32.11344376,34.4032788,10.28825733,0.61083699,178.0221657,1.756082555
39.42694355,37.17274947,28.12479894,26.42125675,0.532084779,191.433418,3
23.2306733,39.33860462,28.74869181,35.42805925,0.628466337,119.2775859,3
44.26342326,38.44568318,31.55668391,45.36908423,0.881938246,121.002296,3
28.61183935,28.53957631,10.80161722,22.19086463,0.545290894,126.8030789,3
6.001265837,44.98626307,14.17728936,19.08905327,0.162188006,226.5600162,1.87680179
37.25211243,41.21663279,35.252401,46.08345691,0.43677715,190.5423434,3
9.960480892,26.50058433,17.50611326,7.138997142,0.924459534,156.2501273,1.242110001
40.52208351,24.87764514,48.93813042,26.58179704,0.814483757,214.8196835,3
12.56461474,27.85053126,23.7242587,25.63819523,0.203045601,228.0559782,1.846047129
20.54508736,31.30862132,14.89498187,11.57253863,0.714143751,206.1642828,2.592107753
39.25721433,41.26998446,21.7604963,22.772755,0.256226721,118.8400481,3
47.94041109,39.45905659,27.85491151,37.5169883,0.348536997,201.9768007,3
21.71452778,41.28115309,11.76583043,21.50908,0.468917364,140.8803687,3
42.32300991,26.79892787,17.08377622,18.93472158,0.440869628,128.9204439,3
13.58565195,34.83653056,26.19233772,40.18529741,0.029279827,134.3903754,2.243219589
41.32308966,27.08122656,25.52402369,49.4921935,0.774009225,200.9912424,3
34.58723267,22.72557902,50.01933483,40.07085683,0.846385994,154.7740948,3
13.67345782,37.10494359,52.16277377,43.08544797,0.53094324,185.6131213,1.817077878
18.61267822,23.57493878,19.67092996,47.27753374,0.172951083,148.712357,2.363914273
10.92968999,36.69244404,16.1969942,41.07976097,0.247938025,215.7880256,2.030111512
22.2335155,36.19910762,41.70812422,49.11594304,0.126334211,169.8868318,2.949740123
14.16418885,40.25621111,50.23117778,38.62779146,0.169506254,98.64076026,2.171227684
33.97990791,23.48886511,58.18615486,34.7685148,0.876397394,174.321134,3
49.75272969,39.58700371,10.33981424,36.20068472,0.480162791,118.7087735,3
5.540412339,44.98191315,30.68390567,45.5036822,0.111013468,220.6778579,1.691092548
29.3413916,41.27606121,46.6993917,35.73536679,0.254745262,190.7209606,3
30.81499689,38.79530191,51.42796494,39.25423269,0.949501416,100.7648967,3
46.13939554,36.55413387,13.11429743,14.72044702,0.50926569,115.3267955,3
27.77024006,30.54453712,44.03072597,46.06923258,0.515634296,114.7017465,3
29.46656388,38.2625042,24.44693587,25.1245959,0.525644864,201.7782836,3
26.22437606,38.10445088,13.72984797,12.24802989,0.111616814,158.5941693,3
17.10069371,35.78745707,34.45512909,40.99042361,0.970313659,124.0972841,2.073276486
7.521310996,39.90695946,17.90766716,21.03768579,0.084485747,102.9202436,1.861043536
23.3895957,31.21909721,46.8503759,13.28536143,0.700038421,147.8916713,2.561073174
7.366616206,23.0313178,47.06308998,16.53130216,0.057764819,157.5683655,1.004858905
29.77216113,33.97669319,52.10338825,6.572704118,0.44359177,82.14341925,3
18.82821395,26.62608822,28.87843426,9.07803423,0.899678273,179.8446516,2.031734189
29.01210807,29.61082744,10.66548986,31.66811309,0.768444542,106.1496354,3
11.0433634,20.4353726,22.98679692,43.97980226,0.334676022,259.1704696,1.388309446
46.96834846,29.5697647,33.39058498,25.1838686,0.551347766,168.6918983,3
45.25345596,40.22002765,44.70056397,33.1726164,0.165274656,171.6583702,3
13.54984291,33.56805917,29.10202928,41.43798956,0.956120239,92.50288754,1.704839185
20.45499275,20.24501317,36.8024198,21.05460097,0.708677344,136.2705764,1.997970177
32.60717473,31.74609551,36.21317937,34.44413317,0.374293761,170.3304651,3
9.305879329,27.28629119,18.24911747,20.76945916,0.317934595,76.5788708,1.4986725
20.95555195,31.93876638,41.152475,33.92219096,0.23863875,88.83131674,2.629336616
16.30005291,30.11731804,31.96258641,14.79234741,0.786519549,198.2394482,1.921030253
46.19825279,43.29948049,50.39593508,49.00278444,0.43461425,154.3972097,3
43.36297863,21.02943247,44.53056041,8.427999585,0.330217221,130.4255023,3
31.09247336,37.08970028,15.57345931,27.73547823,0.905221747,95.76882321,3
28.41558516,41.27566491,34.4379205,17.88333859,0.150217948,137.5125127,3
46.88266075,43.98096462,45.12471792,32.03770257,0.263835494,142.26441,3
46.95925023,24.44090566,14.35058629,24.2738141,0.344765712,175.3633639,3
48.61985564,33.28262005,49.62485163,18.79995144,0.259851486,175.1513001,3
10.64204978,21.08973943,21.10022573,16.25169372,0.585403041,246.7560583,1.263492515
12.22510148,32.47958811,35.15423977,13.21243764,0.601031112,191.5343881,1.653105132
35.45315144,23.13645224,57.02806437,40.22956923,0.054748972,181.9328809,3
29.36455145,40.94741687,38.56671174,14.99899717,0.144529064,123.063484,3
5.83096572,22.84675007,31.20272259,39.80867884,0.198528756,118.8301295,0.933363303
7.78887662,32.83220901,10.33974637,26.82673741,0.070328069,118.4993765,1.734733131
44.9636172,33.02740172,16.67068114,8.250260961,0.124761989,191.2946215,3
44.0991858,44.29126245,38.93319425,12.44492049,0.239651389,116.4806574,3
21.07719149,36.37451735,34.69125203,45.18070899,0.345620607,86.68695375,2.800480237
45.09727776,27.19600733,28.19145878,32.12671199,0.791309012,209.0411147,3
31.71537835,26.01998275,56.16079427,13.29499304,0.217905079,254.3986632,3
41.26575412,23.20620514,26.62412687,36.66942118,0.670025831,149.9055313,3
24.2343982,38.9128681,36.85753782,42.0467785,0.05788102,133.3116443,3
10.10292473,37.2689164,38.43567048,19.87939164,0.658240926,153.6797229,1.539112519
24.51771782,35.24692818,36.3734195,30.04678458,0.794719206,77.04345871,2.86557559
25.57849091,21.02101107,33.87926958,18.20524866,0.604807949,207.1664845,2.61735279
29.79248872,39.07072166,26.8531868,8.602777297,0.20139229,204.8216405,3
9.751222081,36.04718943,55.43818165,22.9779085,0.330408014,110.7899504,1.457109366
49.61308384,44.0972217,32.54016309,38.81444086,0.805181349,136.3817462,3
15.98615694,34.68005325,36.42244337,25.64061255,0.431971892,131.5073323,2.174407089
13.93485816,27.59879767,42.82389919,23.23710536,0.255234648,193.8423799,1.757589422
28.70613135,29.5380138,13.38280212,21.4703235,0.932691537,146.15776,3
29.17436807,24.39601763,49.06440707,25.65125702,0.637354857,178.2138039,2.921315896
24.7919332,38.07285456,35.6253655,19.32030285,0.805714711,147.3013251,2.989177462
39.73514658,37.6930415,42.85884679,32.54828877,0.024501885,237.8984993,3
28.24944803,25.01625039,48.60060327,7.860469079,0.339336583,161.7178407,3
32.43629548,23.96223308,53.70496954,41.33246781,0.458896902,147.2616676,3
37.56858734,21.92512333,29.61102085,12.79251262,0.587421554,107.1401896,3
6.12612957,42.79939359,50.57149463,33.50501277,0.189971886,107.4442446,1.438558521
30.67898821,25.82674584,22.94184478,25.24471354,0.497953553,143.788813,3
44.78875121,28.60408817,43.01678255,39.80720961,0.685625368,121.1697282,3
5.782493432,27.01261271,15.13536503,42.17629941,0.345876057,92.45077198,1.154378088
23.23319467,30.34061507,11.00152337,14.18901675,0.691442203,207.1600031,2.878936967
46.68023526,37.85121998,14.78815631,35.47306163,0.38965404,74.01855593,3
20.8919481,41.76489084,25.96912433,13.5458378,0.469463402,229.9052327,2.986934894
25.64279709,24.56496874,11.55473069,10.57992174,0.134292901,146.2403369,3
49.16936269,37.16030859,41.52456361,46.86332457,0.651274566,115.3965419,3
13.96957365,28.81405356,25.82722692,12.39750817,0.224275688,237.720076,1.987015704
7.936483511,44.51317921,46.81880339,15.26593697,0.828850129,108.3119378,1.394807893
43.67401659,27.47297898,12.29575681,10.86458035,0.553443371,175.9989152,3
44.08094035,20.1798239,20.83507833,26.16313502,0.56025675,136.9543251,3
26.24350256,32.89099935,30.40017127,46.38232951,0.912476522,152.7123333,2.960476927
28.13932285,23.76827711,29.13257811,16.88250824,0.167402711,171.9840442,3
42.61128663,21.11236067,16.54993364,29.38334588,0.530234678,103.445239,3
38.23517742,37.4567308,59.70684068,23.51564317,0.38220501,167.1511956,3
16.9317051,38.30648206,24.22197904,20.12042349,0.966324075,161.2706701,2.244671417
5.760200978,31.51747533,46.05160423,30.74687111,0.792714047,151.1212748,0.769729543
26.58650731,36.92213792,21.00133486,30.15018055,0.757500865,159.6880484,3
43.65105467,33.45598621,53.89256054,21.17149704,0.204121356,182.9674954,3
45.31256045,35.74502769,29.38791551,43.27534835,0.237323246,172.6903424,3
48.03017887,34.91759933,55.04512445,7.392744849,0.029180827,103.6939517,3
44.58034569,36.6455691,27.09174598,8.835727783,0.638535362,85.2341009,3
31.10195999,24.99076622,10.43219107,49.5851567,0.370835382,110.2869925,3
25.00725197,26.7176655,35.85102155,38.64573104,0.312040694,190.5424489,2.876783484
39.86824309,30.99907874,36.23939681,41.17680065,0.637031226,211.4641584,3
38.29197355,31.15320024,15.99170914,32.12154838,0.828687615,109.2224546,3
29.21645435,39.36029279,21.74817867,23.89371917,0.133029546,172.0550019,3
8.929731765,29.18484148,49.17477955,33.31520954,0.918661454,213.2275999,0.914722703
46.67366061,24.0626289,11.83779123,9.166311752,0.034271229,115.8373793,3
25.50211419,26.28664926,34.47633433,39.09961257,0.09510634,157.5419955,3
21.35002019,25.36833756,36.52040617,29.33343712,0.838128139,217.7039828,2.196345139
33.33053278,38.29150048,44.43560303,48.05293507,0.492703827,181.2341198,3
35.32270825,31.75849037,11.87281337,33.6863866,0.939254854,166.2133154,3
14.48095627,37.71576745,39.28231635,11.82616417,0.461652997,125.7672706,2.081638213
42.66224802,30.40549202,10.15490183,26.48975517,0.926122986,182.0804303,3
18.04716921,42.24339006,23.25891836,7.602001215,0.239629626,183.3839873,2.860425927
13.40077667,44.58800769,34.98421277,38.54433017,0.616449623,154.2769358,2.168277651
23.28799338,36.74606272,55.56406687,27.58241847,0.994468003,129.6553338,2.500793425
37.87520364,41.59531393,16.3294908,21.63440164,0.376062808,80.06693929,3
48.44561803,32.69833168,18.46445645,48.58472218,0.001454685,168.7122391,3
41.4176569,43.36552101,43.46250322,47.32693335,0.064052205,105.6615668,3
47.315677,40.78966214,28.74308469,47.87743986,0.859059604,108.1954964,3
11.32726118,44.79446429,41.1710701,14.9436609,0.491885635,157.8777258,1.96822141
8.202955949,35.57734338,59.87270836,37.78563181,0.536718198,183.8325614,1.139120858
30.09671429,39.48016851,59.34358307,47.54219617,0.799426105,134.025838,3
18.06338674,33.5717035,27.68567897,30.68916155,0.811579009,161.0217288,2.242749163
42.26247378,26.47800261,35.19626769,14.63721548,0.477421308,193.1474904,3
35.23945421,28.86887928,55.23450793,41.80156087,0.858060777,186.9771442,3
48.68276738,42.35013537,14.60838312,44.59632113,0.468424958,178.5856136,3
16.46565601,21.39869866,32.61519519,36.64559239,0.675021374,166.398984,1.696192917
26.86028515,34.78699715,28.87886742,18.20987949,0.033361831,107.7324716,3
27.55582148,29.31210081,24.74413863,13.58122544,0.137999387,128.8939114,3
15.76295577,29.66731345,59.7102106,33.09214105,0.851420037,83.68896528,1.542393901
31.55420298,42.11428016,46.6774647,26.72602362,0.313118422,139.4044448,3
24.94786937,41.34555936,29.43734962,35.0952226,0.334743941,159.2631981,3
25.10247002,34.97105939,51.45109458,10.02648495,0.662991197,97.14180746,2.829942437
21.32314916,26.82297119,34.48330504,11.1161098,0.592538151,106.68856,2.38531183
5.761820859,31.88640865,53.64122062,21.33003002,0.082188641,95.353704,1.061555848
28.49428566,30.20733484,23.31899228,16.64421294,0.765765034,161.8369964,3
20.08615261,28.84045073,21.18001137,32.8702384,0.61722243,118.6002256,2.44955229
5.059394104,22.56963946,22.36433406,21.53932382,0.855331853,106.8481207,0.606951459
18.85746684,33.57784717,36.92402881,35.77868538,0.53549691,160.5759866,2.368019514
17.53827499,27.54578245,24.56566956,39.59592809,0.414324836,153.631875,2.219201134
22.7051669,36.52019857,17.35598421,13.42254066,0.371340458,109.0806452,3
10.93333953,27.9800984,59.73139593,46.39207259,0.004418926,176.8357849,1.426480478
27.84577211,30.77908733,55.02166137,40.42219281,0.039784223,111.4119423,3
36.15981586,21.30900935,41.75062187,33.2051361,0.131211425,228.4593844,3
33.35835061,44.81345175,54.5771437,45.90179846,0.929537387,129.882373,3
41.16897264,32.69025958,56.77313688,16.96409373,0.880650532,233.8493941,3
25.34037296,20.60593985,43.80541459,23.97709409,0.497196355,156.2759525,2.534249634
28.35912787,33.53076647,35.93398893,8.860414118,0.180196393,206.8916305,3
41.46808734,41.75884998,54.10008961,25.52818195,0.146111361,190.5666849,3
24.24655269,39.31380336,38.38984985,27.78803283,0.256130594,105.570719,3
36.57197075,37.5226671,16.34002714,32.72301156,0.908722829,178.7491235,3
24.55710659,23.48661636,28.34280002,7.881764589,0.521468059,140.6880857,2.694435842
23.79812875,36.44342697,32.29604759,6.460970866,0.804041845,97.12975548,2.869612376
39.2092531,39.15745945,56.76845081,23.89505744,0.506754354,218.3378727,3
12.8676612,34.3104766,42.95927362,13.51099905,0.609447318,159.4777496,1.696132278
20.23636874,42.31872511,53.76387814,39.1454754,0.610102615,73.02859674,2.591570955
15.08775245,26.92474454,47.87958504,35.09313279,0.031337776,140.4506851,1.911801992
21.15994743,26.05361749,25.49304433,19.66221385,0.445268518,203.6675119,2.506883958
15.36686701,41.73924362,45.93544965,7.060246932,0.864049037,114.7996424,2.036615806
31.0732534,35.63495607,19.7649868,13.20996307,0.489098632,240.0122413,3
40.91768612,20.03618051,30.40729059,36.12557042,0.435335421,216.5415113,3
40.39758775,28.82828521,50.30459286,49.5574202,0.526545574,146.8861784,3
21.4025434,41.44639965,40.5964581,19.69071823,0.380767038,127.0942828,2.925452895
49.49421827,20.68298779,51.2706253,41.08983291,0.515399968,104.2215036,3
31.72344641,20.08119821,22.73517912,44.01934212,0.135344816,178.8987574,3
22.97301358,27.03148226,47.48744162,7.168139247,0.967946785,120.7351922,2.239502958
42.59926757,42.85000093,20.11621807,46.22997191,0.03412994,200.2691046,3
37.84433057,42.53693954,37.26520862,25.9791217,0.483207431,130.9290432,3
38.71739016,32.96904865,31.67672972,48.39089929,0.209992532,113.565146,3
13.82627074,33.83092178,37.82379289,29.23501224,0.058355806,112.6758004,2.102908635
26.07459383,28.30020028,16.7766712,15.58145795,0.651705379,131.3635374,3
43.78226589,26.09341655,28.06139378,48.86007383,0.985181258,162.6646219,3
27.68171034,40.38054636,43.34519154,15.94872114,0.749604954,128.1045427,3
35.75537345,22.65737151,37.9265397,44.71152024,0.254020667,112.8185327,3
31.45701799,32.18385927,37.44848795,12.79078226,0.493389062,150.9530594,3
42.90605545,35.85993149,35.54150561,35.36454077,0.049781556,189.7438808,3
17.80523779,22.59200726,57.1942455,23.5081224,0.531670258,211.4661683,1.695813104
30.8963875,32.99017739,56.7284849,48.74081779,0.099463198,177.3010174,3
10.54556006,34.4380322,28.00724864,13.3147684,0.794607643,212.3890501,1.525114105
36.05948495,38.56240151,27.59475058,23.39576029,0.056706399,77.42160311,3
37.93855273,25.87090123,37.74492283,33.78993458,0.009360966,131.5417128,3
6.927679454,27.33318758,14.78031421,48.99291905,0.861557039,175.4019204,1.025292537
35.41059336,34.23802867,25.15033504,18.67383845,0.942542211,126.9746552,3
23.66105694,44.57816025,21.54337829,22.8591973,0.086554025,85.14979703,3
10.58435942,25.43732957,21.16948342,25.78063943,0.278916659,150.0244947,1.555193764
23.89583965,44.64759568,41.92527629,16.37152211,0.741697278,215.0814035,3
13.74048184,37.85856333,29.21751672,41.78096152,0.539653465,149.2178682,2.073998395
23.70017895,40.65205174,18.55821874,9.139802259,0.949236813,147.8693579,3
22.29525626,22.24103171,54.37859225,36.71554693,0.389180011,250.6924155,2.232517421
38.22762366,27.51050469,53.7074344,29.02680365,0.003322889,237.0347086,3
39.83970012,21.44340699,53.12314618,15.88671302,0.019745639,145.4724048,3
32.31628945,29.28867488,29.53724711,27.17737131,0.564854456,198.4300551,3
6.020907898,44.5322415,12.84912268,42.34770915,0.752105398,185.162275,1.581954914
46.89600256,22.63182656,15.33710089,25.04487218,0.790617018,160.8471248,3
35.8804976,34.05931956,23.80240399,10.48539942,0.911517039,81.92553984,3
6.538795246,20.15176557,20.99850021,6.836088296,0.229074541,231.5079743,1.001082771
41.84748046,37.8170704,53.69928101,40.00083324,0.738405905,179.5831324,3
14.01197696,24.92981731,59.31790902,19.86949156,0.827098095,218.5476108,1.225463469
31.06495353,23.23961343,50.83368312,46.90601135,0.836275351,202.1294811,2.954674627
25.99854665,28.4254453,46.49244514,32.77162315,0.411543569,145.4799758,2.876673272
23.89274521,39.27610745,39.431207,24.6327751,0.625983007,121.2524466,2.991174529
45.03711741,22.66532716,48.49541496,30.40092141,0.551565303,210.9606619,3
24.68125812,25.74597489,57.35166561,25.57096902,0.597485935,108.4167505,2.454065352
8.390485291,20.21161054,40.0672335,45.76149871,0.282031236,216.0278684,0.971080928
47.59874272,44.21037157,17.7306622,25.61098412,0.683234448,165.4244286,3
46.42408541,34.80364,18.19291586,9.682902886,0.71001731,104.0099363,3
35.79947103,37.99749091,39.19314016,31.86896176,0.195948384,87.45259798,3
26.05516377,36.28457928,26.67342699,33.03414708,0.443632439,122.5120442,3
9.178676282,23.60911397,55.51236876,39.43985328,0.422105576,158.3543702,0.938661618
40.58366534,34.87349847,40.58211669,46.99778637,0.748950648,140.6200253,3
8.396506149,23.28538988,43.82463067,24.9386757,0.66650306,236.2219639,0.844332441
8.08704432,30.03091135,10.29103551,20.8434473,0.476195831,120.5557843,1.46872654
29.18227291,34.2240784,34.9424276,27.08469571,0.65253131,206.6764173,3
12.20577081,33.97202785,31.55823607,45.50895059,0.262861605,163.7199999,1.905964846
5.34786203,22.97683565,45.29359284,49.09920718,0.232347882,244.1078077,0.731570855
24.04010439,20.86089924,29.13193302,48.7055753,0.239919653,206.80249,2.688094591
11.17477542,39.95585785,58.82875159,15.33629808,0.029497675,135.3100291,1.846303117
12.22319369,38.14806092,43.51015908,27.36029127,0.691076261,197.8635669,1.713281678
8.460978743,22.04547261,42.99591666,16.67633116,0.985848087,154.9024216,0.658063751
14.22921892,23.18538797,55.96705724,21.55922521,0.309032142,225.8763821,1.481581514
37.19678809,42.31459441,59.76024169,6.425784749,0.929833362,89.13938647,3
41.40172882,39.22822254,19.89103446,12.22705307,0.606542609,134.2642842,3
25.36401398,44.90400741,50.52665716,22.86841796,0.224934265,158.0424811,3
27.79492171,26.34968623,18.11597477,21.41170845,0.011864637,132.7127519,3
6.469476557,32.19507472,32.85217265,17.5474648,0.723731429,227.7935918,1.029729372
8.119231762,25.9114894,15.00927022,15.36393097,0.696574235,126.3084678,1.17725967
16.59054765,35.57000346,41.16854892,38.70300715,0.229253333,153.1508551,2.318409392
29.47542893,22.88535598,33.42590817,18.25473649,0.332705089,201.888424,3
38.27980169,23.18107932,41.43494742,36.79446342,0.898046739,123.2980529,3
32.22513776,21.79719729,43.89803763,21.58812991,0.157233311,88.45078989,3
22.64575347,37.33965206,40.9716125,41.08906576,0.835443868,178.8316557,2.681792357
10.32458329,32.35181444,24.70145613,12.52550069,0.169223443,200.0708656,1.77922586
40.13479557,35.44328041,51.84795786,12.09217462,0.481727136,155.2256911,3
21.37037232,41.98252616,37.58430997,35.58525202,0.498965288,109.4566845,2.911129027
38.12243065,38.50821212,34.49255866,46.17118588,0.472089646,171.2424133,3
28.08404789,31.54307295,59.35319021,11.43440172,0.287929569,267.8160405,3
38.23979241,44.60889971,24.17539534,8.316707803,0.253364729,236.4996903,3
45.82803027,31.40640253,36.40151524,47.05867431,0.733154769,144.9968073,3
46.44632822,22.81126683,44.11622893,10.27971247,0.275676903,186.2036131,3
29.0798051,44.81636868,16.26129665,16.26651139,0.609915371,184.0418583,3
28.01787641,20.57051825,27.71198621,46.82723753,0.846639687,175.9293828,2.787031878
16.95553095,33.74708899,50.0844358,41.13130518,0.837034445,208.3207111,1.901094481
47.11099242,27.72738722,21.83791173,20.42410161,0.167151408,142.942404,3
25.60636252,32.58880378,34.66451825,47.95374738,0.654737643,233.5508682,2.972915708
10.74160577,33.96782381,41.5315303,30.56218309,0.602279132,144.4310813,1.489966502
24.47172116,26.00239741,43.55811767,8.251171818,0.281984511,236.8464171,2.737345264
10.71739626,33.92146889,46.4155221,36.63800948,0.391453981,210.5740421,1.542573044
27.61392579,38.9015278,53.29886585,29.1774811,0.285113025,229.5666962,3
30.25739817,26.66274593,29.64297215,30.76646227,0.53706516,129.2112876,3
20.19900927,29.58565333,45.3315963,49.73469099,0.803627398,87.11738685,2.150959709
8.22427764,26.70606733,46.60873239,11.86314275,0.877503336,251.8705298,0.807791016
47.4576591,40.51399327,25.01370651,34.55581551,0.722823593,242.7736106,3
39.80089011,38.12455648,58.40789751,25.64334938,0.483450361,164.1331454,3
42.74964862,41.77991093,53.26095868,17.23519062,0.958095284,124.4173633,3
21.50907774,24.25124732,24.49306643,36.20951562,0.563879011,148.8310203,2.432412515
39.23739635,21.83949095,43.75343383,35.06957633,0.478546689,158.8715467,3
26.84178028,22.9845876,45.89003172,43.54227987,0.856773623,227.7862457,2.563043819
14.04875698,24.02545832,31.57418181,44.54911558,0.184623329,233.8320044,1.797670826
10.59905196,33.32706652,53.1871643,30.28187539,0.157878345,196.0040771,1.559996598
20.52728912,44.27280176,44.51146768,19.65076547,0.782542471,94.65441336,2.692103058
11.18984502,28.93088542,42.90773426,28.83112027,0.87057083,110.6342249,1.218984591
49.92210393,43.96270673,21.04201861,21.1664807,0.072774782,124.7764812,3
7.21350456,20.95501987,30.39211557,17.48102378,0.764086102,98.81666965,0.733886912
24.85146197,43.17180507,31.69612446,29.820892,0.42446172,98.56481685,3
25.34420851,24.52881518,46.68305483,34.60703784,0.703726823,103.1433702,2.533354064
18.52843679,42.81187464,40.91972726,31.57570791,0.134969336,74.80212018,2.803224226
30.71082046,21.40568575,14.29302953,47.94887846,0.973012753,156.9884108,3
11.74896609,43.70548619,25.38489759,18.43862533,0.881280294,100.6682854,1.937257025
40.27605713,25.01995661,33.65237522,21.75537583,0.405972528,246.2436832,3
19.96014732,27.5678515,46.83664729,35.04392705,0.893358826,230.5108838,1.99989723
31.61041654,32.2735586,47.1784565,32.01613824,0.894925727,128.6038715,3
37.20376562,29.51802203,34.52716543,5.08385234,0.461253025,145.0956989,3
45.0068953,36.68819923,15.84661911,19.05284608,0.946885502,148.6476094,3
42.61043464,44.37019418,24.64517017,16.41928336,0.976857126,99.50652328,3
32.37390626,35.16066227,22.73461911,42.7961699,0.217212739,123.640252,3
22.47769312,38.03713524,49.05132052,43.98119289,0.06666668,114.1737291,2.991827275
27.64421015,22.20013126,18.9993157,17.77519135,0.331149784,173.3579524,3
39.5930657,35.69531073,33.24606112,9.593201913,0.488835261,205.7991803,3
44.48954942,31.34624443,43.53594018,14.23408762,0.092676399,171.1809692,3
9.670186768,42.14455895,58.23930765,12.94557795,0.140659557,106.6615899,1.719114453
22.31853181,29.70527749,59.96202901,15.68459117,0.971699122,136.7744929,2.136559246
39.92524693,36.9863536,57.64610718,15.5590206,0.737300596,148.7015064,3
24.42432932,25.70384321,45.91211726,26.5927392,0.874938069,133.6520374,2.402637498
19.95024938,26.48431334,47.32204165,19.38386213,0.971154579,91.28170579,1.919037677
23.50952136,29.40306077,47.96050488,30.19197879,0.378144359,129.9786924,2.662376933
32.12801361,27.60158844,53.13024383,20.4860581,0.687863942,185.3984943,3
49.99123149,26.34697098,57.58927314,41.66046185,0.184021994,126.0766535,3
27.18465931,21.24171765,32.28530723,47.7856615,0.551667201,132.1627398,2.827836513
14.38225137,40.91865829,30.8255439,23.1763304,0.209878478,109.084849,2.388985736
12.32809589,21.60753827,33.02322312,7.226084065,0.160430963,119.864791,1.542613152
6.905738636,42.18413789,42.99085857,15.78102113,0.098443632,114.4055459,1.617581392
30.14677557,23.13663473,48.77226981,9.583617389,0.579736563,168.0044902,3
29.50574412,21.63154343,53.52721955,20.51437594,0.949851199,227.9306577,2.661428064
14.23552671,34.0751191,32.81053771,34.03014054,0.122221795,135.3287762,2.170173699
36.28982329,32.56104481,28.16863131,28.3508559,0.502314455,84.11028253,3
38.34981687,32.28086422,59.16763074,15.92940551,0.687068117,152.2847586,3
16.65941924,34.36260819,21.59438105,39.52665737,0.495861681,182.054508,2.347487546
20.48448938,27.17641515,21.10024176,10.91663282,0.911775924,224.3927538,2.287439063
49.57122526,36.57373184,45.77037274,15.26881888,0.166295651,137.9457231,3
21.84190105,32.56005549,18.98286478,35.42212178,0.024163261,189.2394532,3
39.23607523,28.36858667,29.97044999,13.8755474,0.383118122,114.9210536,3
25.3726442,40.66251667,24.61934112,35.54432221,0.555488809,128.9277163,3
40.70051725,38.19302741,18.43552284,48.96236076,0.254507091,97.02373839,3
39.60604575,29.84025855,38.98536195,42.41089792,0.168433548,154.5999183,3
35.04902113,41.19044463,28.67557454,12.20047432,0.80483783,108.380718,3
43.46502558,43.00645625,33.11170864,28.42242897,0.188575192,148.7446369,3
47.26483227,33.42165668,19.79315024,24.00447035,0.442682208,197.1251864,3
31.09924942,25.37381125,48.39334013,49.6251236,0.954481111,133.9882292,2.994544694
15.68610083,42.89480391,25.73560417,48.39803158,0.612704834,155.3949324,2.434728421
22.93830327,24.7369905,27.13590895,10.72004237,0.497723453,178.0686106,2.598175862
39.12375711,21.21058066,22.60769811,45.89288924,0.360250233,131.1499948,3
34.28975683,28.18717522,31.72017861,13.70382521,0.520385453,201.2320631,3
13.00092524,38.17415861,33.17883136,19.37531758,0.734307061,115.8222652,1.873622633
7.305779352,43.08185216,36.48334582,20.90335909,0.822527239,151.4612829,1.390542596
35.73327171,35.93214117,58.3784141,17.90699203,0.649847737,121.0738621,3
16.29855608,43.79596367,55.2345904,43.39597069,0.790317055,117.8604323,2.142216633
27.48516097,22.30927098,40.46963155,19.84695826,0.088417785,124.0068375,3
38.60360476,21.51884324,11.94517339,41.75322886,0.01437445,107.5396854,3
30.32000513,35.10479877,40.61301704,49.74695674,0.734411031,116.327614,3
8.74861624,44.15290806,14.48343034,42.8342692,0.26170407,182.1449957,2.070938888
13.35111066,32.56803272,45.51721193,20.57643169,0.87767825,123.8487687,1.526700912
14.86976828,21.28788065,29.50388233,37.0063577,0.535850678,106.9249048,1.633608688
16.60389141,25.5304664,51.88482458,29.02655511,0.478520948,105.0084472,1.753295968
30.44315264,26.11982266,57.12646226,40.39330027,0.772818772,162.7236486,2.95730201
27.67846009,28.44642823,30.85551707,11.88938276,0.741096004,139.3726872,3
14.14220173,21.09008459,33.02776477,33.71605667,0.704276532,107.6316687,1.434807078
8.039967956,42.62231751,39.50737905,39.8150048,0.689900956,213.4977962,1.484716444
12.7144492,32.88909862,19.85663609,39.25541009,0.515395997,89.05071076,1.911483848
49.29715907,36.77326982,56.36664204,48.36168525,0.926475536,117.2693924,3
26.08461274,21.67932092,31.64999633,7.628512135,0.89064141,140.5344516,2.569284637
44.03054771,21.3528867,18.3410168,20.56007161,0.329404941,149.1952286,3
43.193861,34.6616943,48.13659167,26.44491118,0.804694539,88.37928941,3
28.01838009,42.18240026,20.95756862,18.93935878,0.891108514,188.7003598,3
36.80094688,33.21205002,17.17646375,18.94052812,0.618254971,131.7079507,3
13.67384047,41.94547931,38.14360377,12.9257873,0.555579193,140.2134086,2.106341057
35.97785172,40.27478183,43.57476276,41.58281314,0.671886748,110.5644587,3
17.25730607,21.89634464,38.47813703,45.863107,0.163060657,248.4032796,1.989297062
42.44279435,25.04893686,42.82553245,8.704731181,0.087343676,221.781861,3
8.76758599,36.44276673,15.77620062,11.97045103,0.820150275,95.9758039,1.523680346
39.79124028,31.08753456,33.80090189,15.28038499,0.573326227,207.6481211,3
9.497160796,27.26749534,27.8509322,27.90443677,0.12250149,210.6350465,1.518872524
44.65351566,30.4658464,58.66843081,40.6027415,0.416318027,243.6184035,3
18.68920332,31.12999116,12.48119671,8.215498614,0.298234371,108.0289896,2.632657551
34.44770142,42.76380627,24.91471015,33.65658435,0.875477954,157.7091169,3
26.93760254,22.58645709,57.0931097,11.72009553,0.507220181,128.3644592,2.622100969
21.48364154,26.99326867,59.17480916,48.71556805,0.577512546,127.908712,2.167635411
34.04488249,33.43912041,51.24508039,45.44480439,0.235290405,218.4076009,3
47.63853412,37.45717317,13.7999122,47.7312282,0.799063548,168.5436889,3
6.857138632,35.76593222,38.06775142,9.777374491,0.930101288,132.9579139,1.032183446
46.34837851,43.54106844,30.00614963,26.96163723,0.792494349,113.250093,3
32.40867448,39.89022312,50.32262838,12.43609551,0.492859143,154.4020126,3
41.32914353,33.92692105,12.75121178,32.01599979,0.835088932,140.7180975,3
22.2743729,25.36706729,19.85643758,15.47326007,0.187958871,164.3997491,2.780462389
26.23293387,31.27185579,34.45975331,39.67839425,0.11341366,140.9886749,3
44.09828383,37.3345561,17.88238315,33.98011703,0.43821912,178.9115994,3
23.66815864,40.94905437,44.63575713,30.72220674,0.181534467,129.8613273,3
29.0596805,43.99340561,51.03836106,42.13522211,0.259160556,125.8884285,3
5.908771539,35.13631915,45.22599468,27.51228639,0.585116759,202.5683017,1.017269466
12.13691026,33.17298418,32.01418568,17.14332832,0.403903114,156.3295322,1.797363752
33.87589286,20.44229808,53.91938331,32.93174736,0.86587828,154.6762374,3
37.26396055,21.80247673,16.88430659,48.06781845,0.225612345,119.2570947,3
31.21704216,23.90262494,23.01692919,32.05217135,0.996790699,124.2580806,3
11.44895163,21.36899828,34.47698426,33.33287521,0.359393416,138.8657329,1.332728555
25.04324429,30.02158097,13.06692994,47.06378066,0.515402851,154.8657901,3
20.97926449,28.42196363,14.78428908,28.18737951,0.13233211,126.2662482,2.831316291
27.30476048,35.93385395,29.87216859,49.83608578,0.579299013,104.288435,3
44.16480655,33.3916277,57.19431484,12.18479196,0.961284894,101.3386645,3
39.91376474,34.89926898,55.42068466,29.16679294,0.749397778,210.6923452,3
8.779527563,31.79943007,33.29874291,14.58053785,0.24405456,128.48438,1.482919049
45.0639139,26.94342871,17.10792723,25.39968658,0.442611711,99.84728197,3
26.2295218,43.82063287,18.9053828,12.67582593,0.425433314,123.3017067,3
38.47379652,22.16022899,28.87730273,15.01379472,0.097947768,91.04945229,3
11.30176541,43.47227499,20.50370975,14.48600223,0.885850181,144.9078873,1.931290186
35.18237866,27.78095117,14.14877972,19.40141026,0.38145605,144.4198323,3
15.63467079,32.81653613,43.68887418,11.05722655,0.494259611,144.1490214,1.97333307
24.72714037,22.72105807,39.07243189,41.42039787,0.291247775,205.7952111,2.693734433
5.758829154,21.77327671,24.5648379,14.93040188,0.152395627,147.6131552,0.979812613
11.82247871,30.73863622,48.94741913,23.74560478,0.90211062,111.8494834,1.266339577
9.143622191,38.54243441,48.79744439,5.72257122,0.037397478,147.7878992,1.69243685
15.78848778,26.73411944,34.55009851,9.719669448,0.399879501,145.9305178,1.924545357
9.500814051,34.05869722,14.82662778,45.33223552,0.730695427,103.1200544,1.571757321
36.1359512,26.96625851,55.92347001,42.67220917,0.308857918,145.1004324,3
6.306795599,29.71532652,43.43302618,42.84151036,0.446028607,153.6521991,0.963845879
32.79832253,42.66115796,22.35254096,23.51090378,0.564477251,171.1672323,3
11.33185239,41.39599064,40.52272735,11.36888595,0.995081612,165.5100741,1.610283514
47.53226557,32.90043859,30.25107479,9.855253467,0.758301338,86.92535346,3
46.98923329,25.95264069,41.76748199,32.25212262,0.967115374,146.123167,3
15.14763961,24.82959782,33.69354479,42.26869647,0.693145474,140.7389954,1.658909037
32.64895842,43.85218383,34.27360751,45.5051517,0.269052888,227.434129,3
6.260239376,25.06791491,46.7941046,17.99292428,0.287488809,188.9469817,0.849935651
46.93048444,40.20420777,40.6862873,19.44619564,0.822464303,166.2882387,3
28.53442887,29.22425524,13.99763456,9.539449559,0.427713491,138.8105184,3
6.945041814,44.64149619,13.26867852,39.84844052,0.370224193,222.7218692,1.864755172
20.41249969,29.20389351,25.25046187,17.4060622,0.945094026,107.9663096,2.289661454
8.458225784,28.78791562,31.51229983,26.64182613,0.013233166,101.3584055,1.483680184
22.68249977,35.93659072,23.76112796,46.8003787,0.524966885,125.9457526,2.966041612
35.1466854,44.03792017,42.5729929,38.84970786,0.775076657,156.9310128,3
26.14504586,44.40524014,19.75539659,7.373205333,0.736169016,228.5645662,3
22.26749786,37.68015366,45.20705482,5.366956751,0.367574387,90.37007253,2.846897167
10.36206705,38.86515914,48.65753709,40.43335666,0.535648312,205.6915937,1.577312483
16.02225706,34.0850544,16.21596538,29.86251066,0.005577295,128.8795593,2.573445884
9.506447948,38.89439348,42.54031217,37.41504842,0.53483027,98.37926481,1.554306321
41.33744292,41.49449137,58.0717988,12.05668948,0.590401226,127.6692628,3
11.08579226,32.15238258,19.64119086,44.24215325,0.874791338,131.7032955,1.546517734
31.79180149,35.49655657,55.46514156,39.79962406,0.21073727,115.5787239,3
20.42331861,33.43291738,40.30239746,45.08775113,0.825145712,155.983082,2.34116561
15.16902731,34.06176534,39.54724337,20.34932372,0.718066511,157.9125125,1.89778922
33.77607978,42.25119775,12.59613412,17.40673379,0.666030865,136.9139595,3
25.56510392,28.89042076,47.41501392,11.8279148,0.394387824,155.6777115,2.848180366
23.00654603,25.20460064,33.91365263,46.85398286,0.367434381,149.6476348,2.61795424
31.67834022,31.40700276,46.05871959,12.95731416,0.703261222,175.6709468,3
27.10704328,25.20212976,50.45905517,10.36927552,0.990223214,130.2626248,2.551073161
18.65678938,32.46001064,36.18981867,13.6705194,0.405353759,134.3919996,2.383104227
30.15775795,42.58770263,23.18221566,39.7121777,0.918599778,118.0676255,3
35.12743594,35.43583801,17.07862457,45.02881557,0.586545082,127.2097259,3
6.201192136,41.38582133,18.0251564,41.49110554,0.868165654,236.5701277,1.385312201
25.9642278,24.15477299,53.3467327,30.34573488,0.217190447,109.9099042,2.759519329
7.595747806,42.52183981,16.17890478,49.72479128,0.762232075,242.0785296,1.634064356
13.38824363,35.04467911,29.23470365,8.098432902,0.834943511,111.0590828,1.797161542
30.22289303,20.79399472,26.71373231,44.0236255,0.83216914,116.8901662,3
43.97850119,35.82797388,53.27278334,24.24712378,0.784711379,196.8076397,3
44.72625556,43.78492391,33.88467503,25.48050569,0.30419563,186.2627351,3
8.147480456,21.97917501,59.82232087,10.74177021,0.52195022,128.3448644,0.688188894
23.85972888,34.56140326,46.85273732,6.504483846,0.29970478,160.1446133,2.9196399
31.23529174,42.88696507,52.54617877,19.24827467,0.342965907,209.6927035,3
11.6181457,20.24237921,14.9336133,12.86840899,0.301218884,96.20176356,1.536614969
39.44444975,35.77282316,22.65511276,26.75024402,0.284227048,152.52991,3
38.49058663,31.8725573,16.77230978,11.62987367,0.693421673,195.6556393,3
45.65034562,28.67473297,33.18109862,11.20674814,0.650263699,128.1285971,3
5.381870544,35.68841225,45.91437441,44.46405428,0.204264235,216.8689908,1.166524935
14.75079098,21.31755236,18.45317841,46.45826156,0.69151872,159.0080986,1.655373033
42.22340214,38.82657616,16.50842723,48.38972939,0.291068596,157.330364,3
35.17610229,20.11198692,40.73043744,35.62260993,0.201718335,176.646944,3
45.24754342,27.67339359,21.51563769,39.69574272,0.74725188,186.4380354,3
7.573084454,32.59896594,33.96625359,42.61031399,0.362868093,201.5490187,1.322844061
31.86337846,29.42555626,12.55588639,34.65149266,0.569350524,106.8983001,3
30.60709587,27.68689838,44.0306406,19.86093971,0.20012396,128.8257631,3
6.605348736,40.77087864,37.06581908,12.03741493,0.613693837,239.9726727,1.342059052
28.10849346,43.37081436,42.37114495,15.67729882,0.207993435,145.7691701,3
32.42841401,41.84281712,23.770319,42.81863231,0.166876923,123.7999237,3
13.60819284,33.06078283,23.93014877,36.32437572,0.386528572,115.0465773,2.030279605
17.29983124,42.10410438,50.06802665,25.51080936,0.790061839,166.632836,2.237742084
33.81563058,43.02153913,45.92811565,6.323228473,0.176534348,145.0656851,3
26.07354264,30.23095993,38.98643256,16.97919667,0.117026568,140.3881601,3
43.61061459,27.08614649,41.40717379,37.80038719,0.031647692,122.2341012,3
20.40717947,22.45663015,14.70220898,28.05742558,0.415965757,115.3574885,2.434267317
16.99968463,31.97729803,52.80856522,24.59896225,0.282025065,196.1620131,2.096780212
49.31896732,43.65742301,48.49535165,19.11557304,0.292108451,126.3812446,3
46.00110966,34.0226882,39.52457669,32.31193238,0.981941943,165.113554,3
6.304673525,36.68905254,55.92975656,48.48734234,0.194123403,162.7399024,1.197076504
39.68278769,22.82209546,18.43189538,45.55056395,0.458427051,118.3150206,3
9.965064822,23.5879916,44.3328693,6.372407214,0.986368171,139.3040917,0.84626009
6.236833767,31.61183155,58.14908888,26.64292202,0.030618053,202.9671139,1.08061118
17.31629822,43.78161997,25.50044823,19.82611841,0.696657445,198.2027034,2.58768395
17.12056456,29.01961604,10.7646157,27.97720981,0.371082952,221.5455707,2.386189357
41.86934431,41.93710103,46.74337335,32.27961604,0.906097614,130.1900807,3
36.98002607,23.00721484,10.34901622,14.00126306,0.911941438,139.1811338,3
49.17242423,35.42543017,53.62668246,40.17056313,0.387212736,188.5210422,3
37.01808051,35.01532442,12.81506261,26.37806225,0.221463465,114.2276517,3
23.8214999,41.49686875,42.63823649,49.64027247,0.428003438,153.4502953,3
36.45174474,20.08291761,28.85920722,6.130732358,0.965306275,211.0063944,3
49.97565802,24.74829168,20.16703269,13.53736293,0.281398589,171.1294642,3
36.95638472,25.49219064,54.91291999,36.03334103,0.981317798,113.3296348,3
39.27566102,43.7491522,47.3122926,36.28308859,0.819391498,143.5469423,3
47.22642568,23.84234141,27.02202831,31.1984701,0.267452332,157.3873092,3
10.11430676,20.92405876,24.20765464,48.73820129,0.791069467,152.0438826,1.071288021
36.71529321,33.36153737,46.80061471,23.68917539,0.049799443,217.8971938,3
43.28626811,33.21396156,51.82853813,23.76665654,0.548063377,175.163939,3
47.94703701,41.10117413,45.79252321,45.97143635,0.357349139,124.1265936,3
14.49361804,43.72149125,41.99946125,29.22988019,0.426935998,110.2287074,2.273282234
27.67680535,33.46363605,21.39623626,20.91774477,0.472854338,167.8334591,3
35.62496814,43.24985456,52.64019916,37.35220936,0.50271276,205.3889058,3
16.13604783,38.12897878,47.48309917,32.88517782,0.656412274,132.7376807,2.081533613
32.02127885,26.6139782,35.86371449,18.78845226,0.696777028,237.3450279,3
16.59104521,43.21051777,35.57938811,18.40679591,0.975704037,130.3163394,2.255809214
20.00556592,36.6860794,38.45865139,22.80257589,0.762778669,127.731873,2.457450058
24.86834134,30.35239832,51.41381971,8.222902955,0.687797776,110.4400991,2.64054366
28.81355444,37.00605211,47.11297744,47.41776061,0.392458884,133.7316311,3
25.22146422,30.03282069,52.8122497,13.23590181,0.117808064,161.7924467,2.936213916
27.19379839,22.8545942,35.36413858,13.7220936,0.058788419,168.6563083,3
18.43649403,37.97446868,41.23245295,34.11672823,0.47768471,185.8656509,2.458298141
12.15342923,40.6021903,52.72859034,37.59111713,0.668256713,145.1020804,1.707335007
7.13074898,38.22015498,21.61600301,38.15759568,0.650159851,148.6360668,1.445840108
13.81904251,25.72786669,32.20103401,21.87837606,0.95286142,113.2780681,1.441058757
31.18746387,43.91587534,41.03261185,44.29980288,0.382429973,176.1125932,3
40.37519515,20.63136404,55.75731287,29.47995778,0.627783813,171.0135035,3
12.61614188,28.31713243,10.79180055,24.73643985,0.887873822,136.4792018,1.653663687
9.8849911,26.50231086,20.62865791,41.46739074,0.404077757,121.429969,1.463584015
38.71806622,21.20315569,21.72252539,15.96025622,0.477743153,163.8058863,3
18.73212487,30.14324232,26.33063401,43.70834495,0.922972896,177.6997132,2.153194443
47.81747477,35.577871,24.08933102,29.24732276,0.550241953,157.2902556,3
37.14430868,42.06382159,39.50693928,45.5026171,0.799609938,183.5509235,3
19.70402213,44.7422429,54.28101321,14.0725639,0.935623836,104.1847692,2.451188259
18.02942365,40.20223966,41.84889205,47.12283842,0.571058039,121.8869437,2.438999081
28.56642738,31.71701297,22.07632795,35.95445339,0.109186969,164.874353,3
8.561510073,38.09261065,53.1876425,32.82478371,0.821699954,96.16791546,1.183178294
10.29544307,41.09059471,41.60228946,23.99303838,0.817782165,93.02695012,1.57431682
12.91360466,31.63267991,20.94810625,48.034175,0.114985194,171.3607674,2.07880947
39.8625617,39.62636085,28.08332686,24.97638327,0.548118152,151.5462225,3
28.12358117,32.06631046,49.49824034,27.43443286,0.487085635,173.4847999,3
5.475520525,29.66239977,46.94655907,40.16741489,0.847162933,132.1545374,0.643251654
35.30824374,33.15227094,38.82911848,17.81790933,0.274627832,176.5683266,3
24.06605804,36.89636844,17.23837514,18.11728908,0.426277708,226.5076884,3
27.98835642,38.17205141,50.16446487,39.88839594,0.604791045,196.5630985,3
14.63523095,28.91840672,25.37712643,10.78609051,0.517245193,171.1043229,1.915076126
29.83020028,34.28300629,48.57989695,42.03340341,0.955034275,168.9043531,3
49.06189579,42.74677185,42.37831829,33.13287537,0.960657328,250.625832,3
8.305011095,44.4078225,23.20851408,29.25876949,0.081572491,150.1987176,2.037890473
17.77628298,25.68120228,20.61846141,15.3099222,0.297846992,137.6813318,2.278560264
15.93489168,24.82077914,16.54549616,40.38656762,0.007534816,111.4625641,2.251626103
16.18471898,36.91714084,22.09731183,41.22288903,0.417860349,188.2230542,2.419139967
22.04178609,30.36709715,17.89145112,26.73238405,0.662139053,196.7789248,2.706431143
41.81494031,20.60555846,40.85256239,22.51260387,0.471284781,68.40247502,3
46.07864105,28.67154677,39.93915595,16.07728269,0.067181874,117.830422,3
14.09967894,40.16861859,39.30860301,38.94053077,0.195956238,230.5621644,2.257857698
29.43274721,39.93567326,42.09449046,33.77533654,0.173291348,179.6043167,3
33.66045375,32.36712872,50.7392267,14.29839632,0.51112829,152.6660909,3
28.48223635,31.81444837,55.67763558,40.75106359,0.677680016,226.955518,3
24.53343774,34.48768606,21.5187769,44.6992391,0.316325423,127.8020608,3
13.63889776,25.48491776,39.38872451,7.666126824,0.130460064,186.8305018,1.754269758
26.96987116,33.15109062,13.91681106,39.75892871,0.798597648,133.4377707,3
23.05466725,20.276159,16.00712192,43.376087,0.858361837,121.1262202,2.392086554
40.80035131,31.88898887,42.71696565,49.61785548,0.276488213,237.8411099,3
39.36219616,28.40127616,34.32902808,15.69206745,0.420747702,88.63408808,3
11.02994065,36.87174015,47.91660434,21.69514423,0.081931103,223.2409682,1.811920476
8.983357365,35.9588396,31.28387405,48.47859915,0.227697263,218.233331,1.670276351
45.86692745,29.520897,16.37992034,9.230699763,0.767000378,184.6672688,3
29.0978775,20.18182454,53.60268269,28.56685298,0.36519789,187.9901423,2.863889463
43.60104218,26.30684073,14.14442356,27.80350609,0.604692265,125.4938239,3
7.616800425,35.83369625,19.44823213,32.29464825,0.94618448,118.2428069,1.288562023
28.69320274,21.80933358,23.8488433,19.88566767,0.723637846,122.9187599,2.995990704
29.27419316,22.69106055,59.76403035,46.66631399,0.453452185,201.0761756,2.859421605
43.73159146,36.17587561,30.84299101,17.15275674,0.36688031,112.1478454,3
9.39244992,38.89418502,35.08542652,34.23629829,0.190527015,146.0221574,1.789600053
15.82005037,28.0387427,48.48483755,27.31671602,0.756140073,85.62640845,1.653711381
23.29422412,32.24182664,41.82077927,17.00030536,0.112425219,155.41111,2.929729565
43.96286639,43.64278412,52.0710346,13.49842081,0.06139369,156.5024792,3
47.24974918,43.63858905,34.32167293,48.04529559,0.104828675,91.28905504,3
49.67260788,27.68756936,58.60888437,30.25811577,0.242905387,166.7775365,3
48.16370689,40.24969688,49.84061808,32.18859105,0.627123415,138.9605191,3
5.267379013,34.84860132,30.06826942,40.23029566,0.861330133,82.70213378,0.957010184
7.146875365,44.38711233,29.06359115,8.655199637,0.992622403,154.5090204,1.407310835
11.64230686,31.94033924,56.4745596,37.11939205,0.731484148,172.8397608,1.298420991
20.69879435,39.3676717,44.22078179,12.43130619,0.145977096,138.5999582,2.866938793
42.34631139,39.20342824,41.07168173,38.32164883,0.277704758,132.8971526,3
45.16952879,32.43582169,47.89153187,11.35979022,0.131986744,161.2211488,3
13.40754828,39.89075286,38.04169141,42.46221649,0.115551782,150.5543402,2.232253785
32.88488682,26.52600833,17.95833865,35.64573173,0.567732649,80.26924509,3
46.28128933,23.05632591,25.9607731,22.365063,0.906723057,138.2840739,3
25.86792812,30.62909362,37.89724319,21.14754998,0.684326361,167.7354079,2.886626986
9.659460738,43.59076642,10.90839105,11.70261786,0.800650197,132.8948055,1.909562612
25.60161425,32.51861521,31.86753525,45.68240101,0.508096761,154.3535276,3
21.9107706,35.88147847,47.79014396,10.33381728,0.475321105,238.3919088,2.671564351
30.99460982,35.6040614,18.21170023,26.24348248,0.937484566,112.6190275,3
24.7396408,23.31432168,13.22794751,15.64333047,0.721964638,142.0933536,2.757846342
5.780566708,29.75742206,51.80145704,49.83473786,0.459341111,116.2155555,0.822285614
49.729898,37.67347432,40.86369342,31.36298232,0.332582447,149.3941682,3
29.4593107,44.29975246,18.82894862,11.73130265,0.093127493,168.8796588,3
26.313384,24.20044346,50.31524903,35.04037989,0.820982911,214.6047491,2.524375902
47.95778172,30.26104726,42.90647357,49.62240578,0.169323693,199.6697778,3
12.01371654,22.377345,26.70596348,32.22694763,0.515015829,122.4759954,1.422715604
13.51569211,26.05941149,28.8098136,25.58205926,0.637279239,155.0554971,1.613478506
41.36066371,29.41898358,17.79440816,18.19715547,0.744078105,159.3707409,3
16.7373986,33.5160812,51.76277971,9.145553667,0.083343558,147.9138403,2.231642991
40.96521978,25.76417206,35.45033258,15.27108345,0.010686139,212.7837295,3
17.21900673,25.68906653,37.85095383,29.91293508,0.706008496,188.7655398,1.846689104
6.49344336,39.44574948,54.17459576,38.92035644,0.454391275,134.5988332,1.195261057
28.26566257,44.06604157,10.79153082,44.50689006,0.18113536,114.8409196,3
13.85088954,28.09032419,13.34615313,40.71705127,0.982027412,147.3803124,1.696957856
39.10308318,37.19980047,18.07894909,10.64593406,0.791354155,167.3711903,3
33.8539835,26.45201153,11.50189065,39.80569483,0.578513061,77.80680679,3
46.56212006,43.19880637,42.90780783,31.17220458,0.702107093,157.0998115,3
40.23447608,36.822559,41.69397341,26.10984009,0.155023456,137.7575245,3
13.13491797,40.06692137,20.54009515,30.77438533,0.962225195,132.4880146,1.962542293
41.00712065,21.23385108,17.47032224,5.363389795,0.996367079,106.3686025,3
33.87816702,34.96264921,17.28423507,8.047860934,0.64844551,105.2261727,3
35.10282388,33.19030828,57.66207067,28.66321756,0.668312601,145.8180564,3
42.45182987,27.32492267,44.67522643,12.81286623,0.704458526,138.5934651,3
30.82208311,26.56074963,39.27144142,29.54934285,0.665786223,135.718635,3
25.97015815,34.50062006,26.12434359,20.93961073,0.438540828,110.8843296,3
33.64884659,37.66214088,31.6521599,45.83354093,0.540676237,189.8922857,3
18.4080843,20.82931893,14.47029406,47.73575423,0.282726197,123.1599328,2.249053022
13.2168709,34.18503955,59.9075944,49.09028509,0.446847916,193.7997714,1.638688506
32.74645271,24.26148822,47.75427318,45.45220981,0.436103306,134.9070683,3
15.52317661,23.50906828,41.07265784,49.3650883,0.288140422,110.7641513,1.781156481
8.596179921,35.5779872,39.38835976,36.77662066,0.786704819,128.1181812,1.258314891
5.024938306,27.77175293,35.2157186,48.2244026,0.409672004,148.2494532,0.87122574
32.37437306,31.02200583,22.87137138,33.88066095,0.551715279,164.7454854,3
21.29669526,28.99997024,21.31952017,41.41463931,0.156090523,153.3045925,2.805094737
38.85399368,36.208408,37.47662286,10.93594967,0.4749669,71.90993858,3
21.88293792,31.75299415,13.51004073,35.71698144,0.761455331,155.4984921,2.730898858
26.87015517,44.08646655,13.72353994,46.89964892,0.444525639,155.7610618,3
23.31882378,28.80956898,38.04068016,29.30217087,0.557741384,112.0484331,2.63292385
34.2758656,38.50710851,55.99060241,13.40688711,0.701706584,100.0141151,3
21.02626229,26.43231419,55.71359256,28.70998523,0.388975575,149.9660839,2.232079656
48.36954425,32.71882732,10.54141503,36.81234473,0.353282553,126.3509196,3
47.1266144,33.8142438,15.36971078,39.64048246,0.085741958,180.8191217,3
43.16125562,28.22773203,39.15388469,28.56659045,0.582272394,159.7918559,3
46.41351218,31.79451322,52.42378609,14.78156109,0.706958549,118.0223918,3
25.21128598,26.98196595,57.72245433,46.70099549,0.581252462,109.8164316,2.552676689
29.13936786,20.15001954,53.0291113,39.81278374,0.283525345,93.24019705,2.913550318
38.39416667,25.39120754,43.88065676,17.18097803,0.262336876,157.8557819,3
36.32656662,37.50160431,20.02625388,41.53158128,0.159487613,128.9678023,3
45.0805368,39.27407561,13.6310737,20.65381923,0.046990831,114.6546363,3
37.23489623,27.00507168,12.37578913,19.05941051,0.426878036,123.9925975,3
49.90481187,30.20107497,40.60383923,43.83844823,0.160520321,212.6702082,3
20.68276099,20.9341415,11.8094302,44.29558431,0.690797701,143.7857255,2.302587664
42.4848984,25.92657253,46.96199782,22.93166313,0.96173301,139.9663496,3
36.39356703,39.48048208,45.62353687,5.401526229,0.073481556,131.9203825,3
36.11239003,35.14965676,13.98054124,13.39545296,0.892955784,191.691027,3
19.66260177,25.14426305,55.33111825,45.91833477,0.657716088,133.3263504,1.922233052
40.35208066,26.43604988,36.09646443,45.44372017,0.860278981,215.8412488,3
45.51692101,40.42005057,55.22192837,25.40051366,0.154958851,230.9779366,3
14.83468077,25.22710507,55.08050281,18.68525183,0.906482029,116.7213824,1.320325537
33.14735767,28.35394315,19.85170319,18.62367314,0.957871821,141.1963483,3
22.64606731,36.60896729,29.0288814,45.37376612,0.906714109,139.395423,2.741259772
49.52966537,34.02780964,16.73131668,19.61299899,0.785499631,182.4619426,3
26.54747671,31.52175513,48.74890051,28.02111169,0.090304257,131.075588,3
15.27440782,42.49352727,35.20624578,37.89549728,0.220731071,152.6717933,2.481463698
22.18359313,25.49276157,56.44037877,14.42664687,0.913135211,187.3894304,2.047146639
34.42272754,38.53549727,20.41076074,16.42275867,0.229424297,214.3780313,3
8.424021711,23.97659602,44.41838308,21.11278519,0.347714032,125.8530725,1.023581191
32.16208641,35.39334584,59.46184139,34.44005252,0.050476895,266.5089374,3
46.90511416,41.76558909,43.26906309,41.7870793,0.628093005,144.554671,3
43.26632544,31.44754464,13.43869664,29.60175935,0.563300922,128.920543,3
8.04530915,38.10736268,39.42121748,10.98179315,0.961771668,207.7295277,1.199678329
49.70254454,40.50983382,18.99213748,25.08104854,0.892344635,165.8946888,3
36.44271157,23.40066062,11.52513887,10.7460825,0.505943891,128.1217176,3
12.30263709,37.64567238,26.74803487,8.973372635,0.609337303,235.3168456,1.912970455
5.558724013,42.9960256,23.30520415,31.53275464,0.41319682,157.9440796,1.549422803
12.70771863,34.40926525,49.43854494,48.02954503,0.132459137,108.5014311,1.857132353
42.71791643,24.65305611,28.68402705,42.6925325,0.867790595,117.4801581,3
5.973769623,23.17356329,46.64793902,39.85120681,0.549538581,201.4130035,0.628580391
15.49162866,26.49338326,10.8119496,37.71751846,0.425392124,172.182901,2.111460084
39.07875179,22.58783173,10.74060667,45.37075357,0.068465406,131.4700149,3
31.37497412,32.83485179,11.46567288,38.87757879,0.665383408,117.3106796,3
40.22310697,21.74261707,20.96792209,33.20948054,0.399664906,133.2290081,3
38.57677267,25.58511562,28.69938925,21.41060361,0.253695866,228.2771521,3
7.27706242,30.9977611,40.39229016,9.542475044,0.876753272,165.1021209,0.918665408
45.16301386,31.84786876,59.29569429,25.74650137,0.183631834,124.4604773,3
15.21643254,34.13496213,27.72047835,46.61529063,0.515019874,169.6674261,2.124760604
29.90265981,37.64037407,12.78294534,31.23951194,0.795756019,175.1147582,3
33.99296704,21.18071599,19.74500808,13.3026881,0.849074773,132.8766894,3
12.58826949,22.0155238,54.89259169,34.20604888,0.8187054,126.0328372,1.034399126
48.93040655,21.5214788,44.96895951,25.94580053,0.896626335,191.6980896,3
26.96701802,30.57875789,49.5100412,46.91210399,0.142357378,142.9448887,3
7.593921302,21.04619862,16.20841028,12.24229595,0.940458532,114.1858424,0.828618715
47.17679202,38.65203167,16.74934944,37.04052868,0.010802932,284.2025172,3
31.38205294,25.57500453,15.61230038,35.67211092,0.255904002,120.2469444,3
36.46369391,43.48031233,52.85845822,49.25937103,0.084038746,165.7634186,3
28.63291055,32.16009388,20.49838043,30.4210457,0.945533135,167.4452493,3
42.56320796,31.15814381,42.15758727,44.22083162,0.423935653,125.9936707,3
6.491005799,39.51346732,35.80831831,6.112127189,0.315269405,240.6977711,1.450498272
17.07702644,37.8288496,37.21949559,10.53013857,0.167087464,110.0665054,2.512925609
26.13417604,35.18272602,19.77176792,20.56723578,0.155817907,146.4015334,3
8.447162734,43.37866766,41.76230467,32.86973287,0.613931686,98.78988845,1.566082972
36.76580012,30.55648152,12.15502672,25.20857052,0.047084166,204.5011157,3
22.71485363,40.21329189,59.67361381,14.12133113,0.594330375,172.5957779,2.718027101
17.27005956,29.50232364,11.33794532,31.5141683,0.774649372,174.4389295,2.209712605
5.152048106,40.95864186,12.50782704,30.50145767,0.601014867,157.1618332,1.454907169
37.39236403,26.48686572,26.23237099,28.60013653,0.826578768,175.6457158,3
42.5214189,27.23167682,51.58126779,9.075025045,0.265258704,157.4453208,3
22.77682411,36.94673835,22.85946059,46.71614717,0.077171518,125.7230292,3
30.38980897,25.31783237,33.59675069,31.65148867,0.720990617,187.2953411,3
15.24589817,25.72885468,10.89886656,16.87962862,0.82813039,97.08063729,1.859164445
32.99889408,27.63156073,13.94396582,35.93381857,0.501676537,159.7282543,3
5.546185624,36.97321924,40.39830243,19.30585959,0.82061694,236.910734,0.97276771
26.98897537,42.23470231,19.71792347,27.7635212,0.457919155,263.672355,3
33.98924668,36.86419128,44.71272815,20.3509297,0.198527634,143.0188036,3
46.3186298,40.69535611,49.26955875,44.61773119,0.474394018,137.3310191,3
22.16011177,33.58901474,52.51670997,49.7291263,0.215950649,182.594827,2.702502578
39.43355913,21.72308053,16.6899669,12.25319294,0.472031571,106.5085874,3
31.89591635,22.51165529,32.77542745,6.061052775,0.147551559,163.3210363,3
46.71554508,33.85979946,57.3540725,14.86951281,0.185562071,120.9315325,3
22.9269954,28.19502422,48.60417712,31.54783924,0.882912765,138.3644573,2.305035527
19.35929029,25.51420184,15.84801909,12.82780128,0.115858181,277.9836524,2.569993143
44.92138994,31.65642318,35.12501225,41.51679911,0.22427428,131.4750453,3
7.215998063,36.66241852,56.11902909,23.39017596,0.995520051,145.5633371,0.884730108
11.13734268,29.62479869,32.00194028,32.47397333,0.576018516,125.0560151,1.493198897
8.708199556,40.06355643,51.87088044,25.50280287,0.585819217,148.1475676,1.394653424
42.93994805,38.46308116,34.79218606,45.64975647,0.844970876,221.3368552,3
5.477334052,38.37287205,15.34058386,6.581090168,0.524319636,149.4555698,1.411263483
43.774572,44.62974224,17.3927463,37.8185853,0.221781953,153.5843489,3
25.30705079,27.38074943,12.33378764,34.347746,0.422466556,153.2168269,3
5.181137548,36.11813966,19.76573703,34.22817639,0.755001254,145.3085888,1.146893746
23.07403297,41.3869585,54.68070499,23.62952269,0.872448438,135.9614914,2.703937312
13.40603785,34.48811085,42.5099023,5.705385281,0.273203825,202.618598,1.928506544
33.09802194,39.7375544,46.94284674,36.01583249,0.261975264,142.7626665,3
35.57114555,30.36130465,41.08307292,42.32620458,0.327608206,151.454727,3
26.93874067,34.76228364,29.32696461,8.835363994,0.5962107,152.6958347,3
6.823378645,21.39165982,20.84305664,24.87278769,0.278509066,157.8713031,1.047708093
34.5257962,44.64419015,56.2807292,12.31676843,0.893136925,105.776172,3
42.89174526,40.00046204,35.74148908,32.49220039,0.978007589,259.856581,3
37.41459248,41.72022679,34.05499406,40.35221944,0.679119922,109.2136338,3
42.34810635,37.35735695,59.80520443,35.00179542,0.970299696,209.7591391,3
14.02292856,24.65125082,29.19649942,19.31270317,0.287850468,170.0214296,1.788110988
44.99995728,20.77571106,52.70626574,11.28797163,0.815170353,174.1285516,3
19.49870528,41.61641519,53.11720302,40.74206657,0.67844464,117.0755496,2.466690018
5.603216641,29.90826634,21.63351052,19.57625863,0.263191831,77.62889854,1.209332855
42.95262408,26.5966219,14.74198462,5.996292428,0.31840728,202.3587358,3
47.3819571,34.04182397,58.78100579,30.71395465,0.488625667,158.2528216,3
34.50011888,30.52246306,31.29484321,16.10047896,0.791643337,138.0481322,3
15.41464837,36.29164989,10.1110161,42.85426993,0.872222269,107.4752055,2.213965205
16.32850089,32.09483083,34.95089169,11.4464842,0.633947044,97.79564569,2.036195345
25.9966793,37.43082851,40.96501819,24.56603821,0.721576372,117.3140225,3
45.40239858,41.33558174,48.80441237,16.39085916,0.263849538,147.3408096,3
11.73189453,24.88892527,57.14710591,36.03207286,0.74107155,128.7664892,1.060813461
42.16881513,28.23582201,55.75853145,29.68389092,0.604979813,80.67734709,3
18.10862639,30.92038966,57.006791,40.59444737,0.222920905,213.6182012,2.160013932
41.38637762,44.0514612,11.60625741,25.63756589,0.950186972,215.3410415,3
46.41220389,29.13334034,45.58870669,5.216379419,0.512859609,139.0582512,3
24.23722424,29.52749624,21.29289814,14.68384162,0.794462019,168.3232186,2.797812308
21.42727943,36.33681307,19.37763436,49.96206987,0.525612767,131.1879445,2.897372319
41.09995935,30.47999275,50.01592843,23.24052452,0.932936716,108.2671764,3
28.82672971,43.78059364,30.85648446,32.91057985,0.141279385,104.5229232,3
35.80020718,42.36171901,55.83000379,45.72192236,0.546154626,135.6370418,3
33.02731566,32.83521944,12.12175454,5.923588197,0.025155002,191.7606279,3
11.87999805,36.11938085,50.10904147,34.68233284,0.197393593,241.9745907,1.792191956
43.01556621,21.45076405,16.84172056,17.97696383,0.281026505,105.5932015,3
13.80988001,37.3932632,18.82886008,17.56617149,0.472610071,224.3065401,2.202836472
46.95269648,37.68002182,33.86758578,15.11831315,0.820172657,103.7959658,3
16.27570811,28.97998239,29.77949704,42.02281473,0.466654501,133.9008551,2.062448004
38.0246438,25.49207209,34.30861531,21.78264796,0.5611872,180.3804102,3
17.80949271,42.87696005,57.0013261,8.020244222,0.924054361,119.7235373,2.178140831
19.30034339,30.66762252,42.86944678,9.358302105,0.756532465,118.5266217,2.145327723
18.95008338,36.34265262,24.51546909,11.68764632,0.050203388,92.24441931,2.836173706
38.65515143,20.83321987,18.64543562,45.45174143,0.176462591,216.5095709,3
30.05668031,30.35167916,31.00231376,24.23495419,0.038217512,178.1408794,3
44.73286051,40.43147028,32.58205136,46.22222028,0.069056261,131.5061005,3
18.83177236,29.68940001,40.06472049,41.78657627,0.338854802,141.3262166,2.302749297
36.13966349,35.079029,23.30013518,42.70471796,0.727858504,147.8649172,3
38.88268698,25.24639501,48.37546235,17.9074315,0.244352893,182.299162,3
11.81669509,30.41314122,14.92301227,17.20914857,0.392286262,129.6979245,1.850067629
23.02652108,43.19094295,38.02266818,30.20307709,0.393874661,134.1845396,3
26.72678725,34.16129374,41.17658266,23.80662329,0.59030655,192.6219792,3
21.00593255,42.54828648,20.34157905,27.90773097,0.892919007,138.6852477,2.868994176
19.49506682,42.55048249,51.30056752,7.394189084,0.983227283,161.3377078,2.363236781
35.88889523,43.60369501,40.77160626,48.72155861,0.604610964,97.98660909,3
14.71398789,42.3847915,42.28611073,7.617596353,0.50507048,113.7355627,2.208828826
36.92258354,20.08202823,34.88717529,13.04740839,0.681875685,194.0801292,3
47.07698884,43.35037229,55.47971086,35.51902362,0.668031247,116.1789646,3
30.43388845,23.43648598,44.69637907,11.99756983,0.523945863,112.2100277,3
32.51454065,20.99815628,29.09177824,9.809146747,0.736956299,142.5841864,3
8.101971596,21.38471336,21.93029439,11.91291716,0.491271403,154.9486673,1.058082293
43.90146066,28.72290488,13.55308374,7.786410945,0.996458426,225.7653128,3
17.84515042,35.52010213,18.26804186,16.30934331,0.048997303,104.4964646,2.761339376
32.67730245,30.05777991,59.6341476,17.2003672,0.443215622,208.0906412,3
49.06004764,20.63885712,30.3383448,27.43799394,0.397024344,206.9152882,3
31.79761703,31.91206585,54.93436136,24.74251327,0.770303957,226.4257329,3
37.61192694,31.05326856,18.52846784,26.31710368,0.190825356,154.8688514,3
25.03938282,38.92123164,31.26804357,32.72177769,0.434075498,166.9980852,3
7.716462958,26.99032246,58.02592335,15.39326441,0.697944537,172.2781998,0.742092209
40.89197073,25.43827934,14.55661257,11.0616859,0.603191866,142.6563891,3
6.574947857,26.39847394,39.69921419,44.54952254,0.545121831,203.093917,0.867890859
36.5296023,27.59349557,55.95859503,33.52736028,0.434955132,102.6207951,3
6.031470792,34.97912183,57.48416865,7.729848227,0.7520088,108.5431864,0.81827172
43.80373565,31.78813714,52.30037386,48.24732425,0.646425128,107.7758321,3
12.09362161,28.42236413,52.79672162,36.1880826,0.874711025,200.0865506,1.19145157
28.14221729,29.35785396,42.60914771,11.82670889,0.732998886,98.43084065,3
31.8717817,29.2730915,21.0211554,48.61104943,0.140407564,106.8540301,3
25.58954333,44.31016737,46.53392722,21.44333045,0.619538042,128.4810207,3
20.33435702,25.8249247,58.91922322,49.30295359,0.044538433,230.6334081,2.282805077
26.05164333,40.45153901,36.29667573,9.647403323,0.387370862,157.0138916,3
19.01370892,37.70527094,23.03486795,12.19861477,0.411937707,179.5667954,2.721895724
24.71550562,20.13925014,38.67355339,34.58387979,0.854882903,187.2110391,2.328681914
21.15108459,44.82940545,44.53051781,5.996455932,0.180371707,127.017655,3
30.47921706,38.91098427,20.41401547,5.841033855,0.643541505,102.6869623,3
15.7065873,37.06123966,45.95946738,40.63922745,0.192387023,108.022614,2.2502452
49.48954497,30.13311769,39.37164294,12.55011493,0.948670151,139.4529613,3
27.5391479,33.88007722,40.61749546,46.34554967,0.529496933,180.6443345,3
13.73729348,26.33177239,25.29939649,24.1653273,0.708213765,154.1330861,1.644354247
26.46800373,20.88708513,17.76334051,44.31435594,0.64654539,202.9614798,2.842130444
43.98868083,40.90054146,41.17249477,23.79936128,0.303638524,100.179651,3
5.981305691,42.41211234,39.31164946,28.86035022,0.90119776,147.6746173,1.168152272
35.57993536,24.06176592,26.90060939,19.24313728,0.627248669,96.46039891,3
29.65855086,39.6764024,24.79468338,34.6134388,0.510318019,142.3436158,3
12.63010975,38.52881683,27.36222308,19.31905247,0.528360693,186.9908974,2.009502292
41.78643977,24.45937505,34.49416692,15.0426544,0.890690524,164.2339266,3
21.59980801,30.54572006,58.74098676,8.647129038,0.059119473,175.0734211,2.561201866
18.2210913,30.56894802,48.1782311,7.595120652,0.389062092,109.4542723,2.164760707
42.26563363,38.99910646,52.58698696,18.76884589,0.841627528,135.0002339,3
33.73362708,40.94152264,35.28247845,38.14130054,0.037515247,117.436342,3
45.42165877,22.36937803,36.30618059,14.25290299,0.639181219,168.7609671,3
33.34476667,34.07423087,20.21623307,18.46523526,0.403264183,158.9756494,3
38.33679461,39.04371242,46.05229182,45.73271383,0.204583471,200.0505628,3
42.64006533,39.65476485,31.07920029,33.76208731,0.611404867,190.7954405,3
7.463283616,23.69983811,47.12234294,46.38750752,0.831061003,180.5575279,0.649569034
39.92220315,33.13762858,30.45276907,46.00517153,0.467339554,103.1016734,3
32.61679168,41.43896766,15.42585936,7.853480712,0.146737389,162.4428836,3
8.127850843,27.96296441,18.65268439,47.97541962,0.30615122,195.7889789,1.405281444
27.88600648,30.62792247,50.5785039,7.303008158,0.98135325,134.9538278,2.813069733
8.710613509,40.10896278,22.93082448,46.6528513,0.111091887,223.8248139,1.923172589
38.11762408,22.23298803,23.21772113,29.60300465,0.16071502,178.0221657,3
29.59257713,41.48733225,56.4684045,28.99353123,0.990177848,191.433418,3
47.91080918,27.77891792,42.88178114,37.09688282,0.882101424,119.2775859,3
13.24109172,20.03625791,15.71537769,44.56450718,0.707128745,121.002296,1.481266287
32.27150536,25.85397863,17.17926351,32.765205,0.150983253,126.8030789,3
14.52119606,22.23751602,23.61837164,24.14299342,0.24054915,226.5600162,1.836911848
32.63292431,22.30962267,39.69978439,10.03502043,0.180182204,190.5423434,3
37.51923661,37.32089335,47.6412735,40.51441877,0.630954855,156.2501273,3
37.50369482,25.34940839,23.72482217,10.77320716,0.398868888,214.8196835,3
41.67832958,43.36855907,53.53210187,37.68646375,0.047779136,228.0559782,3
43.40976026,32.91111366,15.45900894,28.75662256,0.291292303,206.1642828,3
8.477227682,31.50245645,20.3799584,22.36261661,0.860653226,118.8400481,1.263678453
20.44702207,30.85708796,58.52324606,32.58438738,0.796042333,201.9768007,2.090018178
35.92051342,37.31469099,16.73724318,39.75602387,0.643011804,140.8803687,3
27.43638293,31.30656906,54.40556539,47.35128283,0.085543514,128.9204439,3
13.5804176,23.21500891,45.19675377,16.91135973,0.882790819,134.3903754,1.238512443
29.87193066,42.00430452,13.65435453,47.62085721,0.534517809,200.9912424,3
23.33460437,30.70988372,34.18534144,48.24266207,0.49457601,154.7740948,2.767981809
22.55172249,21.85011439,35.94896766,41.61337315,0.934063577,185.6131213,2.156987931
41.43891728,33.23414969,56.60698157,44.66467287,0.008844027,148.712357,3
23.34192502,36.18367146,31.05522965,36.15923812,0.555897207,215.7880256,2.951813984
6.190452747,26.8895616,32.33818077,6.759374897,0.791244391,169.8868318,0.796359991
7.61285025,40.00851019,15.62418774,30.87853451,0.063690475,98.64076026,1.906814917
43.53098188,36.74439615,41.95862817,38.62420533,0.357172067,174.321134,3
48.22703645,36.25852923,20.54484879,47.37664106,0.977485185,118.7087735,3
35.97842014,30.52062382,13.87666291,30.67033312,0.211786052,220.6778579,3
21.39657323,44.04788254,59.84595,40.73903052,0.531179433,190.7209606,2.743870858
47.23701421,26.8547292,23.4814814,36.72674229,0.746069026,100.7648967,3
34.82613889,34.44263753,17.05265826,17.63612998,0.390373853,115.3267955,3
42.99500971,27.72637894,44.97451873,11.96276338,0.407873247,114.7017465,3
39.46335368,38.62011882,51.0841078,38.79073979,0.063268352,201.7782836,3
22.06126921,21.1947871,13.20387466,15.51957625,0.190093348,158.5941693,2.685534403
26.54159904,21.1473467,15.26966537,16.01111996,0.880609226,124.0972841,2.766070194
13.37594695,40.27152424,14.50869118,33.97758074,0.81831764,102.9202436,2.125733104
18.14063452,30.85670403,12.34796517,40.50808088,0.304638522,147.8916713,2.56682134
40.01565476,28.52950137,42.97282393,31.20494418,0.381711299,157.5683655,3
45.22902763,35.18817155,39.41565949,44.82424192,0.440410424,82.14341925,3
37.60071905,37.5474836,43.14033283,14.51494712,0.345943628,179.8446516,3
25.93281635,25.03003367,35.28335816,16.35864933,0.653911704,106.1496354,2.747826657
8.892917102,24.63578104,50.87538427,33.66299769,0.012828431,259.1704696,1.195316353
7.562657691,43.95376869,37.33341512,42.32156831,0.880168056,168.6918983,1.407973213
21.84465041,34.74160766,55.93734674,29.27083108,0.300649094,171.6583702,2.632820615
25.87197734,29.75291193,34.28242663,5.467170799,0.872373462,92.50288754,2.799950468
32.410428,40.03604237,49.53293306,35.46244081,0.454385818,136.2705764,3
5.292028462,33.12897397,30.36801768,41.61120949,0.776330992,170.3304651,0.941656306
49.53753007,26.04157026,31.76119474,17.44446326,0.825779839,76.5788708,3
21.37724975,25.16838264,52.44960226,7.4389203,0.301288824,88.83131674,2.301530629
43.16425987,29.92148165,15.38299177,28.30783901,0.640324809,198.2394482,3
29.07350175,41.49739651,38.24588775,6.896984916,0.607413976,154.3972097,3
10.86977545,21.5361979,46.31682339,23.72075348,0.476014102,130.4255023,1.103675524
40.89044986,25.46315002,47.52103077,5.801803001,0.469568677,95.76882321,3
36.94221837,42.32879547,39.57467636,15.12350253,0.30520327,137.5125127,3
28.73462382,23.04336422,32.40322421,22.49701033,0.310190512,142.26441,3
28.15488911,35.74064296,23.03912219,10.02676504,0.548151608,175.3633639,3
8.936582259,25.3377842,55.47131177,10.13701568,0.032270618,175.1513001,1.167402606
34.51320269,35.14667119,28.48939738,42.21777831,0.933664382,246.7560583,3
46.00603201,29.57760417,49.94960443,6.864074004,0.649979323,191.5343881,3
9.196021365,22.54192241,11.58328065,36.00348119,0.44344354,181.9328809,1.333444974
16.85801528,34.56187669,21.60846073,41.65169222,0.061806002,123.063484,2.590876476
45.6038588,37.07606868,27.27923964,10.88250594,0.63001251,118.8301295,3
17.79547594,37.00681547,43.57870317,13.79168305,0.017742663,118.4993765,2.568449747
34.42746525,35.92586023,25.96654036,33.86719857,0.679867195,191.2946215,3
29.06681742,32.50561952,12.06819004,19.20409757,0.072524448,116.4806574,3
31.83474223,32.98681542,18.6933758,26.43903821,0.65610219,86.68695375,3
23.71050057,35.89100275,22.95826762,42.62012187,0.405887766,209.0411147,3
18.49961617,37.25648404,18.802374,11.20924271,0.662628495,254.3986632,2.572506432
7.184005283,36.37191847,20.18622801,32.88436349,0.138497326,149.9055313,1.659686868
38.49264227,34.67363912,48.44784703,47.4078975,0.117382909,133.3116443,3
38.5742058,23.89597462,30.6016822,7.585998336,0.247424041,153.6797229,3
35.1826583,25.26541346,30.25896223,7.700304424,0.411511318,77.04345871,3
33.96352047,26.50560053,58.33031683,29.96340677,0.253030952,207.1664845,3
15.96727095,42.99154143,32.3350919,48.20341082,0.082015384,204.8216405,2.665419864
6.005522019,38.98487729,56.38290663,14.92131391,0.325028098,110.7899504,1.173704996
41.39219286,33.82167049,24.95315491,19.88563864,0.7057609,136.3817462,3
27.10123411,26.30142321,30.031313,9.439158855,0.583086104,131.5073323,2.994981336
18.80771588,22.77228808,29.8141678,21.30112537,0.963324555,193.8423799,1.860043902
9.586935805,42.46898065,37.30394162,6.994961601,0.435921661,146.15776,1.783326022
7.822471591,42.3166504,39.21236454,22.5092299,0.332802355,178.2138039,1.634277349
20.69900248,22.76738989,22.40625145,29.99694987,0.693679528,147.3013251,2.257910966
41.21316791,39.93041665,49.67921252,48.8752172,0.411958789,237.8984993,3
46.34256872,31.16612673,34.82629773,41.82745908,0.618309269,161.7178407,3
45.35381141,28.09917332,10.35217768,41.99294348,0.946287281,147.2616676,3
46.40003756,38.47761341,39.56703167,15.26649461,0.499189229,107.1401896,3
45.84764044,35.35823853,49.90297208,8.925561598,0.498175006,107.4442446,3
28.72511382,39.50075269,22.52333689,32.13836168,0.775166523,143.788813,3
14.87370374,21.85822152,11.89355047,28.45121878,0.756076655,121.1697282,1.719003925
40.91209623,27.9646755,50.35893278,28.24267445,0.516231446,92.45077198,3
14.61708387,27.98292126,58.8138358,9.905359379,0.064720349,207.1600031,1.773973896
17.02432745,28.24382731,13.82818073,27.22482024,0.980786994,74.01855593,2.015218351
15.49644448,32.56199682,56.90184037,11.76600833,0.377320421,229.9052327,1.877365728
28.17420817,27.07534508,27.9637206,23.99515672,0.316706416,146.2403369,3
19.48223787,31.10959025,57.07198043,7.797318469,0.981546833,115.3965419,1.923716908
11.93702223,29.19443983,42.4419662,43.56016697,0.872135217,237.720076,1.306362947
25.39280354,38.3824012,54.51221562,5.593103884,0.330216642,108.3119378,3
44.32582575,35.08751989,49.29165125,47.26954128,0.308309056,175.9989152,3
30.67487847,36.34073581,11.39988714,43.83013202,0.720954143,136.9543251,3
44.52510226,25.26459735,13.27212512,38.86736327,0.334315902,152.7123333,3
13.81424833,28.13755413,36.28723026,49.2147762,0.251431963,171.9840442,1.83075502
12.51382432,20.52913619,16.48095099,7.421899871,0.979670847,103.445239,1.281042038
30.90097066,22.70936768,33.05171196,33.87186977,0.565710238,167.1511956,3
25.84980057,26.6263558,57.73151493,43.21859407,0.762497621,161.2706701,2.51396129
34.70776887,21.63659303,24.73786438,10.69776934,0.71305496,151.1212748,3
40.7582056,35.06581001,34.44563569,31.31487404,0.755525995,159.6880484,3
38.8088283,44.9532529,29.2129815,22.72648589,0.903389976,182.9674954,3
47.40175281,22.52038035,41.49134821,24.6122201,0.500768333,172.6903424,3
22.92153841,40.53075532,19.69224653,46.06358384,0.753378179,103.6939517,3
14.2874034,22.97040618,22.99696451,29.23931526,0.796813834,85.2341009,1.566043984
29.7910688,36.74785047,52.93839257,9.196792018,0.946384585,110.2869925,3
9.983440409,36.07894008,50.56681119,47.17472782,0.713096703,190.5424489,1.338758913
17.99830055,42.56792337,49.45948444,13.33450268,0.892615799,211.4641584,2.27785809
14.35496249,22.84864034,48.54598047,45.16865674,0.0950381,109.2224546,1.664138739
22.84536726,27.88611165,32.97187467,48.69143245,0.126096594,172.0550019,2.821306737
10.00474588,22.26949401,46.44453863,44.50268584,0.15834619,213.2275999,1.199172573
6.432878505,30.18458315,29.36024089,35.47102,0.144813072,115.8373793,1.283431677
34.55573021,42.78982934,15.03547901,38.45983189,0.087518812,157.5419955,3
32.46120402,39.53807878,29.66873208,36.49402597,0.122573786,217.7039828,3
36.87615212,38.07250251,17.93315221,25.72359745,0.995910285,181.2341198,3
34.71738981,33.32568762,29.54258403,17.34888734,0.27218503,166.2133154,3
10.14326065,42.08714356,24.87126077,17.82512285,0.478048107,125.7672706,1.929494189
18.09854966,31.23604496,39.95803335,37.90255376,0.82161537,182.0804303,2.040668446
10.82869745,23.74214168,28.07702077,33.17164017,0.118304674,183.3839873,1.534351922
42.93375809,40.93963058,45.27948317,31.31978153,0.317365006,154.2769358,3
38.61066449,26.9909582,35.60733405,34.36739771,0.15928602,129.6553338,3
14.06871513,21.34083853,55.97461393,39.86538059,0.062556116,80.06693929,1.5272086
,,,,,,
,,,,,,
,,,,,,
,,,,,,
,,,,,,
,,,,,,
,,,,,,
,,,,,,
,,,,,,
,,,,,,
,,,,,,
,,,,,,
,,,,,,
,,,,,,
,,,,,,
,,,,,,
,,,,,,
,,,,,,
,,,,,,
,,,,,,
,,,,,,
,,,,,,
,,,,,,
,,,,,,
,,,,,,
,,,,,,
,,,,,,
,,,,,,
,,,,,,
,,,,,,
,,,,,,
,,,,,,
,,,,,,
,,,,,,
,,,,,,
,,,,,,
,,,,,,
,,,,,,
,,,,,,
,,,,,,
,,,,,,
,,,,,,
,,,,,,
,,,,,,
,,,,,,
,,,,,,
,,,,,,
,,,,,,
,,,,,,
,,,,,,
,,,,,,
,,,,,,
,,,,,,
,,,,,,
,,,,,,
,,,,,,
,,,,,,
,,,,,,
,,,,,,
,,,,,,
,,,,,,
,,,,,,
,,,,,,
,,,,,,
,,,,,,
,,,,,,
,,,,,,
,,,,,,
,,,,,,
,,,,,,
,,,,,,
,,,,,,
,,,,,,
,,,,,,
,,,,,,
,,,,,,
,,,,,,
,,,,,,
,,,,,,
,,,,,,
,,,,,,
,,,,,,
,,,,,,
,,,,,,
,,,,,,
,,,,,,
,,,,,,
,,,,,,
,,,,,,
,,,,,,
,,,,,,
,,,,,,
,,,,,,
,,,,,,
,,,,,,
,,,,,,
,,,,,,
,,,,,,
,,,,,,
,,,,,,
,,,,,,
,,,,,,
,,,,,,
,,,,,,
,,,,,,
,,,,,,
,,,,,,
,,,,,,
,,,,,,
,,,,,,
,,,,,,
,,,,,,
,,,,,,
,,,,,,
,,,,,,
,,,,,,
,,,,,,
,,,,,,
,,,,,,
,,,,,,
,,,,,,
,,,,,,
,,,,,,
,,,,,,
,,,,,,
,,,,,,
,,,,,,
,,,,,,
,,,,,,
,,,,,,
,,,,,,
,,,,,,
,,,,,,
,,,,,,
,,,,,,
,,,,,,
,,,,,,
,,,,,,
,,,,,,
,,,,,,
,,,,,,
,,,,,,
,,,,,,
,,,,,,
,,,,,,
,,,,,,
,,,,,,
,,,,,,
,,,,,,
,,,,,,
,,,,,,
,,,,,,
,,,,,,
,,,,,,
,,,,,,
,,,,,,
,,,,,,
,,,,,,
,,,,,,
,,,,,,
,,,,,,
,,,,,,
,,,,,,
,,,,,,
,,,,,,
,,,,,,
,,,,,,
,,,,,,
,,,,,,
,,,,,,
,,,,,,
,,,,,,
,,,,,,
,,,,,,
,,,,,,
,,,,,,
,,,,,,
,,,,,,
,,,,,,
,,,,,,
,,,,,,
,,,,,,
,,,,,,
,,,,,,
,,,,,,
,,,,,,
,,,,,,
,,,,,,
,,,,,,
,,,,,,
,,,,,,
,,,,,,
,,,,,,
,,,,,,
,,,,,,
,,,,,,
,,,,,,
,,,,,,
,,,,,,
,,,,,,
,,,,,,
,,,,,,
,,,,,,
,,,,,,
,,,,,,
,,,,,,
,,,,,,
,,,,,,
,,,,,,
,,,,,,
,,,,,,
,,,,,,
,,,,,,
,,,,,,
,,,,,,
,,,,,,
,,,,,,
,,,,,,
,,,,,,
,,,,,,
,,,,,,
,,,,,,
,,,,,,
,,,,,,
,,,,,,
,,,,,,
,,,,,,
,,,,,,
,,,,,,
,,,,,,
,,,,,,
,,,,,,
,,,,,,
,,,,,,
,,,,,,
,,,,,,
,,,,,,
,,,,,,
,,,,,,
,,,,,,
,,,,,,
,,,,,,
,,,,,,
,,,,,,
,,,,,,
,,,,,,
,,,,,,
,,,,,,
,,,,,,
,,,,,,
,,,,,,
,,,,,,
,,,,,,
,,,,,,
,,,,,,
,,,,,,
,,,,,,
,,,,,,
,,,,,,
,,,,,,
,,,,,,
,,,,,,
,,,,,,
,,,,,,
,,,,,,
,,,,,,
,,,,,,
,,,,,,
,,,,,,
,,,,,,
,,,,,,
,,,,,,
,,,,,,
,,,,,,
,,,,,,
,,,,,,
,,,,,,
,,,,,,
,,,,,,
,,,,,,
,,,,,,
,,,,,,
,,,,,,
,,,,,,
,,,,,,
,,,,,,
,,,,,,
,,,,,,
,,,,,,
,,,,,,
,,,,,,
,,,,,,
,,,,,,
,,,,,,
,,,,,,
,,,,,,
,,,,,,
,,,,,,
,,,,,,
,,,,,,
,,,,,,
,,,,,,
,,,,,,
,,,,,,
,,,,,,
,,,,,,
,,,,,,
,,,,,,
,,,,,,
,,,,,,
,,,,,,
,,,,,,
,,,,,,
,,,,,,
,,,,,,
,,,,,,
,,,,,,
,,,,,,
,,,,,,
,,,,,,
,,,,,,
,,,,,,
,,,,,,
,,,,,,
,,,,,,
,,,,,,
,,,,,,
,,,,,,
,,,,,,
,,,,,,
,,,,,,
,,,,,,
,,,,,,
,,,,,,
,,,,,,
,,,,,,
,,,,,,
,,,,,,
,,,,,,
,,,,,,
,,,,,,
,,,,,,
,,,,,,
,,,,,,
,,,,,,
,,,,,,
,,,,,,
,,,,,,
,,,,,,
,,,,,,
,,,,,,
,,,,,,
,,,,,,
,,,,,,
,,,,,,
,,,,,,
,,,,,,
,,,,,,
,,,,,,
,,,,,,
,,,,,,
,,,,,,
,,,,,,
,,,,,,
,,,,,,
,,,,,,
,,,,,,
,,,,,,
,,,,,,
,,,,,,
,,,,,,
,,,,,,
,,,,,,
,,,,,,
,,,,,,
,,,,,,
,,,,,,
,,,,,,
,,,,,,
,,,,,,
,,,,,,
,,,,,,
,,,,,,
,,,,,,
,,,,,,
,,,,,,
,,,,,,
,,,,,,
,,,,,,
,,,,,,
,,,,,,
,,,,,,
,,,,,,
,,,,,,
,,,,,,
,,,,,,
,,,,,,
,,,,,,
,,,,,,
,,,,,,
,,,,,,
,,,,,,
,,,,,,
,,,,,,
,,,,,,
,,,,,,
,,,,,,
,,,,,,
,,,,,,
,,,,,,
,,,,,,
,,,,,,
,,,,,,
,,,,,,
,,,,,,
,,,,,,
,,,,,,
,,,,,,
,,,,,,
,,,,,,
,,,,,,
,,,,,,
,,,,,,
,,,,,,
,,,,,,
,,,,,,
,,,,,,
,,,,,,
,,,,,,
,,,,,,
,,,,,,
,,,,,,
,,,,,,
,,,,,,
,,,,,,
,,,,,,
,,,,,,
,,,,,,
,,,,,,
,,,,,,
,,,,,,
,,,,,,
,,,,,,
,,,,,,
,,,,,,
,,,,,,
,,,,,,
,,,,,,
,,,,,,
,,,,,,
,,,,,,
,,,,,,
,,,,,,
,,,,,,
,,,,,,
,,,,,,
,,,,,,
,,,,,,
,,,,,,
,,,,,,
,,,,,,
,,,,,,
,,,,,,
,,,,,,
,,,,,,
,,,,,,
,,,,,,
,,,,,,
,,,,,,
,,,,,,
,,,,,,
,,,,,,
,,,,,,
,,,,,,
,,,,,,
,,,,,,
,,,,,,
,,,,,,
,,,,,,
,,,,,,
,,,,,,
,,,,,,
,,,,,,
,,,,,,
,,,,,,
,,,,,,
,,,,,,
,,,,,,
,,,,,,
,,,,,,
,,,,,,
,,,,,,
,,,,,,
,,,,,,
,,,,,,
,,,,,,
,,,,,,
,,,,,,
,,,,,,
,,,,,,
,,,,,,
,,,,,,
,,,,,,
,,,,,,
,,,,,,
,,,,,,
,,,,,,
,,,,,,
,,,,,,
,,,,,,
,,,,,,
,,,,,,
,,,,,,
,,,,,,
,,,,,,
,,,,,,
,,,,,,
,,,,,,
,,,,,,
,,,,,,
,,,,,,
,,,,,,
,,,,,,
,,,,,,
,,,,,,
,,,,,,
,,,,,,
,,,,,,
,,,,,,
,,,,,,
,,,,,,
,,,,,,
,,,,,,
,,,,,,
,,,,,,
,,,,,,
,,,,,,
,,,,,,
,,,,,,
,,,,,,
,,,,,,
,,,,,,
,,,,,,
,,,,,,
,,,,,,
,,,,,,
,,,,,,
,,,,,,
,,,,,,
,,,,,,
,,,,,,
,,,,,,
,,,,,,
,,,,,,
,,,,,,
,,,,,,
,,,,,,
,,,,,,
,,,,,,
,,,,,,
,,,,,,
,,,,,,
,,,,,,
,,,,,,
,,,,,,
,,,,,,
,,,,,,
,,,,,,
,,,,,,
,,,,,,
,,,,,,
,,,,,,
,,,,,,
,,,,,,
,,,,,,
,,,,,,
,,,,,,
,,,,,,
,,,,,,
,,,,,,
,,,,,,
,,,,,,
,,,,,,
,,,,,,
,,,,,,
,,,,,,
,,,,,,
,,,,,,
,,,,,,
,,,,,,
,,,,,,
,,,,,,
,,,,,,
,,,,,,
,,,,,,
,,,,,,
,,,,,,
,,,,,,
,,,,,,
,,,,,,
,,,,,,
,,,,,,
,,,,,,
,,,,,,
,,,,,,
,,,,,,
,,,,,,
,,,,,,
,,,,,,
,,,,,,
,,,,,,
,,,,,,
,,,,,,
,,,,,,
,,,,,,
,,,,,,
,,,,,,
,,,,,,
,,,,,,
,,,,,,
,,,,,,
,,,,,,
,,,,,,
,,,,,,
,,,,,,
,,,,,,
,,,,,,
,,,,,,
,,,,,,
,,,,,,
,,,,,,
,,,,,,
,,,,,,
,,,,,,
,,,,,,
,,,,,,
,,,,,,
,,,,,,
,,,,,,
,,,,,,
,,,,,,
,,,,,,
,,,,,,
,,,,,,
,,,,,,
,,,,,,
,,,,,,
,,,,,,
,,,,,,
,,,,,,
,,,,,,
,,,,,,
,,,,,,
,,,,,,
,,,,,,
,,,,,,
,,,,,,
,,,,,,
,,,,,,
,,,,,,
,,,,,,
,,,,,,
,,,,,,
,,,,,,
,,,,,,
,,,,,,
,,,,,,
,,,,,,
,,,,,,
,,,,,,
,,,,,,
,,,,,,
,,,,,,
,,,,,,
,,,,,,
,,,,,,
,,,,,,
,,,,,,
,,,,,,
,,,,,,
,,,,,,
,,,,,,
,,,,,,
,,,,,,
,,,,,,
,,,,,,
,,,,,,
,,,,,,
,,,,,,
,,,,,,
,,,,,,
,,,,,,
,,,,,,
,,,,,,
,,,,,,
,,,,,,
,,,,,,
,,,,,,
,,,,,,
,,,,,,
,,,,,,
,,,,,,
,,,,,,
,,,,,,
,,,,,,
,,,,,,
,,,,,,
,,,,,,
,,,,,,
,,,,,,
,,,,,,
,,,,,,
,,,,,,
,,,,,,
,,,,,,
,,,,,,
,,,,,,
,,,,,,
,,,,,,
,,,,,,
,,,,,,
,,,,,,
,,,,,,
,,,,,,
,,,,,,
,,,,,,
,,,,,,
,,,,,,
,,,,,,
,,,,,,
,,,,,,
,,,,,,
,,,,,,
,,,,,,
,,,,,,
,,,,,,
,,,,,,
,,,,,,
,,,,,,
,,,,,,
,,,,,,
,,,,,,
,,,,,,
,,,,,,
,,,,,,
,,,,,,
,,,,,,
,,,,,,
,,,,,,
,,,,,,
,,,,,,
,,,,,,
,,,,,,
,,,,,,
,,,,,,
,,,,,,
,,,,,,
,,,,,,
,,,,,,
,,,,,,
,,,,,,
,,,,,,
,,,,,,
,,,,,,
,,,,,,
,,,,,,
,,,,,,
,,,,,,
,,,,,,
,,,,,,
,,,,,,
,,,,,,
,,,,,,
,,,,,,
,,,,,,
,,,,,,
,,,,,,
,,,,,,
,,,,,,
,,,,,,
,,,,,,
,,,,,,
,,,,,,
,,,,,,
,,,,,,
,,,,,,
,,,,,,
,,,,,,
,,,,,,
,,,,,,
,,,,,,
,,,,,,
,,,,,,
,,,,,,
,,,,,,
,,,,,,
,,,,,,
,,,,,,
,,,,,,
,,,,,,
,,,,,,
,,,,,,
,,,,,,
,,,,,,
,,,,,,
,,,,,,
,,,,,,
,,,,,,
,,,,,,
,,,,,,
,,,,,,
,,,,,,
,,,,,,
,,,,,,
,,,,,,
,,,,,,
,,,,,,
,,,,,,
,,,,,,
,,,,,,
,,,,,,
,,,,,,
,,,,,,
,,,,,,
,,,,,,
,,,,,,
,,,,,,
,,,,,,
,,,,,,
,,,,,,
,,,,,,
,,,,,,
,,,,,,
,,,,,,
,,,,,,
,,,,,,
,,,,,,
,,,,,,
,,,,,,
,,,,,,
,,,,,,
,,,,,,
,,,,,,
,,,,,,
,,,,,,
,,,,,,
,,,,,,
,,,,,,
,,,,,,
,,,,,,
,,,,,,
,,,,,,
,,,,,,
,,,,,,
,,,,,,
,,,,,,
,,,,,,
,,,,,,
,,,,,,
,,,,,,
,,,,,,
,,,,,,
,,,,,,
,,,,,,
,,,,,,
,,,,,,
,,,,,,
,,,,,,
,,,,,,
,,,,,,
,,,,,,
,,,,,,
,,,,,,
,,,,,,
,,,,,,
,,,,,,
,,,,,,
,,,,,,
,,,,,,
,,,,,,
,,,,,,
,,,,,,
,,,,,,
,,,,,,
,,,,,,
,,,,,,
,,,,,,
,,,,,,
,,,,,,
,,,,,,
,,,,,,
,,,,,,
,,,,,,
,,,,,,
,,,,,,
,,,,,,
,,,,,,
,,,,,,
,,,,,,
,,,,,,
,,,,,,
,,,,,,
,,,,,,
,,,,,,
,,,,,,
,,,,,,
,,,,,,
,,,,,,
,,,,,,
,,,,,,
,,,,,,
,,,,,,
,,,,,,
,,,,,,
,,,,,,
,,,,,,
,,,,,,
,,,,,,
,,,,,,
,,,,,,
,,,,,,
,,,,,,
,,,,,,
,,,,,,
,,,,,,
,,,,,,
,,,,,,
,,,,,,
,,,,,,
,,,,,,
,,,,,,
,,,,,,
,,,,,,
,,,,,,
,,,,,,
,,,,,,
,,,,,,
,,,,,,
,,,,,,
,,,,,,
,,,,,,
,,,,,,
,,,,,,
,,,,,,
,,,,,,
,,,,,,
,,,,,,
,,,,,,
,,,,,,
,,,,,,
,,,,,,
,,,,,,
,,,,,,
,,,,,,
,,,,,,
,,,,,,
,,,,,,
,,,,,,
,,,,,,
,,,,,,
,,,,,,
,,,,,,
,,,,,,
,,,,,,
,,,,,,
,,,,,,
,,,,,,
,,,,,,
,,,,,,
,,,,,,
,,,,,,
,,,,,,
,,,,,,
,,,,,,
,,,,,,
,,,,,,
,,,,,,
,,,,,,
,,,,,,
,,,,,,
,,,,,,
,,,,,,
,,,,,,
,,,,,,
,,,,,,
,,,,,,
,,,,,,
,,,,,,
,,,,,,
,,,,,,
,,,,,,
,,,,,,
,,,,,,
,,,,,,
,,,,,,
,,,,,,
,,,,,,
,,,,,,
,,,,,,
,,,,,,
,,,,,,
,,,,,,
,,,,,,
,,,,,,
,,,,,,
,,,,,,
,,,,,,
,,,,,,
,,,,,,
,,,,,,
,,,,,,
,,,,,,
,,,,,,
,,,,,,
,,,,,,
,,,,,,
,,,,,,
,,,,,,
,,,,,,
,,,,,,
,,,,,,
,,,,,,
,,,,,,
,,,,,,
,,,,,,
,,,,,,
,,,,,,
,,,,,,
,,,,,,
,,,,,,
,,,,,,
,,,,,,
,,,,,,
,,,,,,
,,,,,,
,,,,,,
,,,,,,
,,,,,,
,,,,,,
,,,,,,
,,,,,,
,,,,,,
,,,,,,
,,,,,,
,,,,,,
,,,,,,
,,,,,,
,,,,,,
,,,,,,
,,,,,,
,,,,,,
,,,,,,
,,,,,,
,,,,,,
,,,,,,
,,,,,,
,,,,,,
,,,,,,
,,,,,,
,,,,,,
,,,,,,
,,,,,,
,,,,,,
,,,,,,
,,,,,,
,,,,,,
,,,,,,
,,,,,,
,,,,,,
,,,,,,
,,,,,,
,,,,,,
,,,,,,
,,,,,,
,,,,,,
,,,,,,
,,,,,,
,,,,,,
,,,,,,
,,,,,,
,,,,,,
,,,,,,
,,,,,,
,,,,,,
,,,,,,
,,,,,,
,,,,,,
,,,,,,
,,,,,,
,,,,,,
,,,,,,
,,,,,,
,,,,,,
,,,,,,
,,,,,,
,,,,,,
,,,,,,
,,,,,,
,,,,,,
,,,,,,
,,,,,,
,,,,,,
,,,,,,
,,,,,,
,,,,,,
,,,,,,
,,,,,,
,,,,,,
,,,,,,
,,,,,,
,,,,,,
,,,,,,
,,,,,,
,,,,,,
,,,,,,
,,,,,,
,,,,,,
,,,,,,
,,,,,,
,,,,,,
,,,,,,
,,,,,,
,,,,,,
,,,,,,
,,,,,,
,,,,,,
,,,,,,
,,,,,,
,,,,,,
,,,,,,
,,,,,,
,,,,,,
,,,,,,
,,,,,,
,,,,,,
,,,,,,
,,,,,,
,,,,,,
,,,,,,
,,,,,,
,,,,,,
,,,,,,
,,,,,,
,,,,,,
,,,,,,
,,,,,,
,,,,,,
,,,,,,
,,,,,,
,,,,,,
,,,,,,
,,,,,,
,,,,,,
,,,,,,
,,,,,,
,,,,,,
,,,,,,
,,,,,,
,,,,,,
,,,,,,
,,,,,,
,,,,,,
,,,,,,
,,,,,,
,,,,,,
,,,,,,
,,,,,,
,,,,,,
,,,,,,
,,,,,,
,,,,,,
,,,,,,
,,,,,,
,,,,,,
,,,,,,
,,,,,,
,,,,,,
,,,,,,
,,,,,,
,,,,,,
,,,,,,
,,,,,,
,,,,,,
,,,,,,
,,,,,,
,,,,,,
,,,,,,
,,,,,,
,,,,,,
,,,,,,
,,,,,,
,,,,,,
,,,,,,
,,,,,,
,,,,,,
,,,,,,
,,,,,,
,,,,,,
,,,,,,
,,,,,,
,,,,,,
,,,,,,
,,,,,,
,,,,,,
,,,,,,
,,,,,,
,,,,,,
,,,,,,
,,,,,,
,,,,,,
,,,,,,
,,,,,,
,,,,,,
,,,,,,
,,,,,,
,,,,,,
,,,,,,
,,,,,,
,,,,,,
,,,,,,
,,,,,,
,,,,,,
,,,,,,
,,,,,,
,,,,,,
,,,,,,
,,,,,,
,,,,,,
,,,,,,
,,,,,,
,,,,,,
,,,,,,
,,,,,,
,,,,,,
,,,,,,
,,,,,,
,,,,,,
,,,,,,
,,,,,,
,,,,,,
,,,,,,
,,,,,,
,,,,,,
,,,,,,
,,,,,,
,,,,,,
,,,,,,
,,,,,,
,,,,,,
,,,,,,
,,,,,,
,,,,,,
,,,,,,
,,,,,,
,,,,,,
,,,,,,
,,,,,,
,,,,,,
,,,,,,
,,,,,,
,,,,,,
,,,,,,
,,,,,,
,,,,,,
,,,,,,
,,,,,,
,,,,,,
,,,,,,
,,,,,,
,,,,,,
,,,,,,
,,,,,,
,,,,,,
,,,,,,
,,,,,,
,,,,,,
,,,,,,
,,,,,,
,,,,,,
,,,,,,
,,,,,,
,,,,,,
,,,,,,
,,,,,,
,,,,,,
,,,,,,
,,,,,,
,,,,,,
,,,,,,
,,,,,,
,,,,,,
,,,,,,
,,,,,,
,,,,,,
,,,,,,
,,,,,,
,,,,,,
,,,,,,
,,,,,,
,,,,,,
,,,,,,
,,,,,,
,,,,,,
,,,,,,
,,,,,,
,,,,,,
,,,,,,
,,,,,,
,,,,,,
,,,,,,
,,,,,,
,,,,,,
,,,,,,
,,,,,,
,,,,,,
,,,,,,
,,,,,,
,,,,,,
,,,,,,
,,,,,,
,,,,,,
,,,,,,
,,,,,,
,,,,,,
,,,,,,
,,,,,,
,,,,,,
,,,,,,
,,,,,,
,,,,,,
,,,,,,
,,,,,,
,,,,,,
,,,,,,
,,,,,,
,,,,,,
,,,,,,
,,,,,,
,,,,,,
,,,,,,
,,,,,,
,,,,,,
,,,,,,
,,,,,,
,,,,,,
,,,,,,
,,,,,,
,,,,,,
,,,,,,
,,,,,,
,,,,,,
,,,,,,
,,,,,,
,,,,,,
,,,,,,
,,,,,,
,,,,,,
,,,,,,
,,,,,,
,,,,,,
,,,,,,
,,,,,,
,,,,,,
,,,,,,
,,,,,,
,,,,,,
,,,,,,
,,,,,,
,,,,,,
,,,,,,
,,,,,,
,,,,,,
,,,,,,
,,,,,,
,,,,,,
,,,,,,
,,,,,,
,,,,,,
,,,,,,
,,,,,,
,,,,,,
,,,,,,
,,,,,,
,,,,,,
,,,,,,
,,,,,,
,,,,,,
,,,,,,
,,,,,,
,,,,,,
,,,,,,
,,,,,,
,,,,,,
,,,,,,
,,,,,,
,,,,,,
,,,,,,
,,,,,,
,,,,,,
,,,,,,
,,,,,,
,,,,,,
,,,,,,
,,,,,,
,,,,,,
,,,,,,
,,,,,,
,,,,,,
,,,,,,
,,,,,,
,,,,,,
,,,,,,
,,,,,,
,,,,,,
,,,,,,
,,,,,,
,,,,,,
,,,,,,
,,,,,,
,,,,,,
,,,,,,
,,,,,,
,,,,,,
,,,,,,
,,,,,,
,,,,,,
,,,,,,
,,,,,,
,,,,,,
,,,,,,
,,,,,,
,,,,,,
,,,,,,
,,,,,,
,,,,,,
,,,,,,
,,,,,,
,,,,,,
,,,,,,
,,,,,,
,,,,,,
,,,,,,
,,,,,,
,,,,,,
,,,,,,
,,,,,,
,,,,,,
,,,,,,
,,,,,,
,,,,,,
,,,,,,
,,,,,,
,,,,,,
,,,,,,
,,,,,,
,,,,,,
,,,,,,
,,,,,,
,,,,,,
,,,,,,
,,,,,,
,,,,,,
,,,,,,
,,,,,,
,,,,,,
,,,,,,
,,,,,,
,,,,,,
,,,,,,
,,,,,,
,,,,,,
,,,,,,
,,,,,,
,,,,,,
,,,,,,
,,,,,,
,,,,,,
,,,,,,
,,,,,,
,,,,,,
,,,,,,
,,,,,,
,,,,,,
,,,,,,
,,,,,,
,,,,,,
,,,,,,
,,,,,,
,,,,,,
,,,,,,
,,,,,,
,,,,,,
,,,,,,
,,,,,,
,,,,,,
,,,,,,
,,,,,,
,,,,,,
,,,,,,
,,,,,,
,,,,,,
,,,,,,
,,,,,,
,,,,,,
,,,,,,
,,,,,,
,,,,,,
,,,,,,
,,,,,,
,,,,,,
,,,,,,
,,,,,,
,,,,,,
,,,,,,
,,,,,,
,,,,,,
,,,,,,
,,,,,,
,,,,,,
,,,,,,
,,,,,,
,,,,,,
,,,,,,
,,,,,,
,,,,,,
,,,,,,
,,,,,,
,,,,,,
,,,,,,
,,,,,,
,,,,,,
,,,,,,
,,,,,,
,,,,,,
,,,,,,
,,,,,,
,,,,,,
,,,,,,
,,,,,,
,,,,,,
,,,,,,
,,,,,,
,,,,,,
,,,,,,
,,,,,,
,,,,,,
,,,,,,
,,,,,,
,,,,,,
,,,,,,
,,,,,,
,,,,,,
,,,,,,
,,,,,,
,,,,,,
,,,,,,
,,,,,,
,,,,,,
,,,,,,
,,,,,,
,,,,,,
,,,,,,
,,,,,,
,,,,,,
,,,,,,
,,,,,,
,,,,,,
,,,,,,
,,,,,,
,,,,,,
,,,,,,
,,,,,,
,,,,,,
,,,,,,
,,,,,,
,,,,,,
,,,,,,
,,,,,,
,,,,,,
,,,,,,
,,,,,,
,,,,,,
,,,,,,
,,,,,,
,,,,,,
,,,,,,
,,,,,,
,,,,,,
,,,,,,
,,,,,,
,,,,,,
,,,,,,
,,,,,,
,,,,,,
,,,,,,
,,,,,,
,,,,,,
,,,,,,
,,,,,,
,,,,,,
,,,,,,
,,,,,,
,,,,,,
,,,,,,
,,,,,,
,,,,,,
,,,,,,
,,,,,,
,,,,,,
,,,,,,
,,,,,,
,,,,,,
,,,,,,
,,,,,,
,,,,,,
,,,,,,
,,,,,,
,,,,,,
,,,,,,
,,,,,,
,,,,,,
,,,,,,
,,,,,,
,,,,,,
,,,,,,
,,,,,,
,,,,,,
,,,,,,
,,,,,,
,,,,,,
,,,,,,
,,,,,,
,,,,,,
,,,,,,
,,,,,,
,,,,,,
,,,,,,
,,,,,,
,,,,,,
,,,,,,
,,,,,,
,,,,,,
,,,,,,
,,,,,,
,,,,,,
,,,,,,
,,,,,,
,,,,,,
,,,,,,
,,,,,,
,,,,,,
,,,,,,
,,,,,,
,,,,,,
,,,,,,
,,,,,,
,,,,,,
,,,,,,
,,,,,,
,,,,,,
,,,,,,
,,,,,,
,,,,,,
,,,,,,
,,,,,,
,,,,,,
,,,,,,
,,,,,,
,,,,,,
,,,,,,
,,,,,,
,,,,,,
,,,,,,
,,,,,,
,,,,,,
,,,,,,
,,,,,,
,,,,,,
,,,,,,
,,,,,,
,,,,,,
,,,,,,
,,,,,,
,,,,,,
,,,,,,
,,,,,,
,,,,,,
,,,,,,
,,,,,,
,,,,,,
,,,,,,
,,,,,,
,,,,,,
,,,,,,
,,,,,,
,,,,,,
,,,,,,
,,,,,,
,,,,,,
,,,,,,
,,,,,,
,,,,,,
,,,,,,
,,,,,,
,,,,,,
,,,,,,
,,,,,,
,,,,,,
,,,,,,
,,,,,,
,,,,,,
,,,,,,
,,,,,,
,,,,,,
,,,,,,
,,,,,,
,,,,,,
,,,,,,
,,,,,,
,,,,,,
,,,,,,
,,,,,,
,,,,,,
,,,,,,
,,,,,,
,,,,,,
,,,,,,
,,,,,,
,,,,,,
,,,,,,
,,,,,,
,,,,,,
,,,,,,
,,,,,,
,,,,,,
,,,,,,
,,,,,,
,,,,,,
,,,,,,
,,,,,,
,,,,,,
,,,,,,
,,,,,,
,,,,,,
,,,,,,
,,,,,,
,,,,,,
,,,,,,
,,,,,,
,,,,,,
,,,,,,
,,,,,,
,,,,,,
,,,,,,
,,,,,,
,,,,,,
,,,,,,
,,,,,,
,,,,,,
,,,,,,
,,,,,,
,,,,,,
,,,,,,
,,,,,,
,,,,,,
,,,,,,
,,,,,,
,,,,,,
,,,,,,
,,,,,,
,,,,,,
,,,,,,
,,,,,,
,,,,,,
,,,,,,
,,,,,,
,,,,,,
,,,,,,
,,,,,,
,,,,,,
,,,,,,
,,,,,,
,,,,,,
,,,,,,
,,,,,,
,,,,,,
,,,,,,
,,,,,,
,,,,,,
,,,,,,
,,,,,,
,,,,,,
,,,,,,
,,,,,,
,,,,,,
,,,,,,
,,,,,,
,,,,,,
,,,,,,
,,,,,,
,,,,,,
,,,,,,
,,,,,,
,,,,,,
,,,,,,
,,,,,,
,,,,,,
,,,,,,
,,,,,,
,,,,,,
,,,,,,
,,,,,,
,,,,,,
,,,,,,
,,,,,,
,,,,,,
,,,,,,
,,,,,,
,,,,,,
,,,,,,
,,,,,,
,,,,,,
,,,,,,
,,,,,,
,,,,,,
,,,,,,
,,,,,,
,,,,,,
,,,,,,
,,,,,,
,,,,,,
,,,,,,
,,,,,,
,,,,,,
,,,,,,
,,,,,,
,,,,,,
,,,,,,
,,,,,,
,,,,,,
,,,,,,
,,,,,,
,,,,,,
,,,,,,
,,,,,,
,,,,,,
,,,,,,
,,,,,,
,,,,,,
,,,,,,
,,,,,,
,,,,,,
,,,,,,
,,,,,,
,,,,,,
,,,,,,
,,,,,,
,,,,,,
,,,,,,
,,,,,,
,,,,,,
,,,,,,
,,,,,,
,,,,,,
,,,,,,
,,,,,,
,,,,,,
,,,,,,
,,,,,,
,,,,,,
,,,,,,
,,,,,,
,,,,,,
,,,,,,
,,,,,,
,,,,,,
,,,,,,
,,,,,,
,,,,,,
,,,,,,
,,,,,,
,,,,,,
,,,,,,
,,,,,,
,,,,,,
,,,,,,
,,,,,,
,,,,,,
,,,,,,
,,,,,,
,,,,,,
,,,,,,
,,,,,,
,,,,,,
,,,,,,
,,,,,,
,,,,,,
,,,,,,
,,,,,,
,,,,,,
,,,,,,
,,,,,,
,,,,,,
,,,,,,
,,,,,,
,,,,,,
,,,,,,
,,,,,,
,,,,,,
,,,,,,
,,,,,,
,,,,,,
,,,,,,
,,,,,,
,,,,,,
,,,,,,
,,,,,,
,,,,,,
,,,,,,
,,,,,,
,,,,,,
,,,,,,
,,,,,,
,,,,,,
,,,,,,
,,,,,,
,,,,,,
,,,,,,
,,,,,,
,,,,,,
,,,,,,
,,,,,,
,,,,,,
,,,,,,
,,,,,,
,,,,,,
,,,,,,
,,,,,,
,,,,,,
,,,,,,
,,,,,,
,,,,,,
,,,,,,
,,,,,,
,,,,,,
,,,,,,
,,,,,,
,,,,,,
,,,,,,
,,,,,,
,,,,,,
,,,,,,
,,,,,,
,,,,,,
,,,,,,
,,,,,,
,,,,,,
,,,,,,
,,,,,,
,,,,,,
,,,,,,
,,,,,,
,,,,,,
,,,,,,
,,,,,,
,,,,,,
,,,,,,
,,,,,,
,,,,,,
,,,,,,
,,,,,,
,,,,,,
,,,,,,
,,,,,,
,,,,,,
,,,,,,
,,,,,,
,,,,,,
,,,,,,
,,,,,,
,,,,,,
,,,,,,
,,,,,,
,,,,,,
,,,,,,
,,,,,,
,,,,,,
,,,,,,
,,,,,,
,,,,,,
,,,,,,
,,,,,,
,,,,,,
,,,,,,
,,,,,,
,,,,,,
,,,,,,
,,,,,,
,,,,,,
,,,,,,
,,,,,,
,,,,,,
,,,,,,
,,,,,,
,,,,,,
,,,,,,
,,,,,,
,,,,,,
,,,,,,
,,,,,,
,,,,,,
,,,,,,
,,,,,,
,,,,,,
,,,,,,
,,,,,,
,,,,,,
,,,,,,
,,,,,,
,,,,,,
,,,,,,
,,,,,,
,,,,,,
,,,,,,
,,,,,,
,,,,,,
,,,,,,
,,,,,,
,,,,,,
,,,,,,
,,,,,,
,,,,,,
,,,,,,
,,,,,,
,,,,,,
,,,,,,
,,,,,,
,,,,,,
,,,,,,
,,,,,,
,,,,,,
,,,,,,
,,,,,,
,,,,,,
,,,,,,
,,,,,,
,,,,,,
,,,,,,
,,,,,,
,,,,,,
,,,,,,
,,,,,,
,,,,,,
,,,,,,
,,,,,,
,,,,,,
,,,,,,
,,,,,,
,,,,,,
,,,,,,
,,,,,,
,,,,,,
,,,,,,
,,,,,,
,,,,,,
,,,,,,
,,,,,,
,,,,,,
,,,,,,
,,,,,,
,,,,,,
,,,,,,
,,,,,,
,,,,,,
,,,,,,
,,,,,,
,,,,,,
,,,,,,
,,,,,,
,,,,,,
,,,,,,
,,,,,,
,,,,,,
,,,,,,
,,,,,,
,,,,,,
,,,,,,
,,,,,,
,,,,,,
,,,,,,
,,,,,,
,,,,,,
,,,,,,
,,,,,,
,,,,,,
,,,,,,
,,,,,,
,,,,,,
,,,,,,
,,,,,,
,,,,,,
,,,,,,
,,,,,,
,,,,,,
,,,,,,
,,,,,,
,,,,,,
,,,,,,
,,,,,,
,,,,,,
,,,,,,
,,,,,,
,,,,,,
,,,,,,
,,,,,,
,,,,,,
,,,,,,
,,,,,,
,,,,,,
,,,,,,
,,,,,,
,,,,,,
,,,,,,
,,,,,,
,,,,,,
,,,,,,
,,,,,,
,,,,,,
,,,,,,
,,,,,,
,,,,,,
,,,,,,
,,,,,,
,,,,,,
,,,,,,
,,,,,,
,,,,,,
,,,,,,
,,,,,,
,,,,,,
,,,,,,
,,,,,,
,,,,,,
,,,,,,
,,,,,,
,,,,,,
,,,,,,
,,,,,,
,,,,,,
,,,,,,
,,,,,,
,,,,,,
,,,,,,
,,,,,,
,,,,,,
,,,,,,
,,,,,,
,,,,,,
,,,,,,
,,,,,,
,,,,,,
,,,,,,
,,,,,,
,,,,,,
,,,,,,
,,,,,,
,,,,,,
,,,,,,
,,,,,,
,,,,,,
,,,,,,
,,,,,,
,,,,,,
,,,,,,
,,,,,,
,,,,,,
,,,,,,
,,,,,,
,,,,,,
,,,,,,
,,,,,,
,,,,,,
,,,,,,
,,,,,,
,,,,,,
,,,,,,
,,,,,,
,,,,,,
,,,,,,
,,,,,,
,,,,,,
,,,,,,
,,,,,,
,,,,,,
,,,,,,
,,,,,,
,,,,,,
,,,,,,
,,,,,,
,,,,,,
,,,,,,
,,,,,,
,,,,,,
,,,,,,
,,,,,,
,,,,,,
,,,,,,
,,,,,,
,,,,,,
,,,,,,
,,,,,,
,,,,,,
,,,,,,
,,,,,,
,,,,,,
,,,,,,
,,,,,,
,,,,,,
,,,,,,
,,,,,,
,,,,,,
,,,,,,
,,,,,,
,,,,,,
,,,,,,
,,,,,,
,,,,,,
,,,,,,
,,,,,,
,,,,,,
,,,,,,
,,,,,,
,,,,,,
,,,,,,
,,,,,,
,,,,,,
,,,,,,
,,,,,,
,,,,,,
,,,,,,
,,,,,,
,,,,,,
,,,,,,
,,,,,,
,,,,,,
,,,,,,
,,,,,,
,,,,,,
,,,,,,
,,,,,,
,,,,,,
,,,,,,
,,,,,,
,,,,,,
,,,,,,
,,,,,,
,,,,,,
,,,,,,
,,,,,,
,,,,,,
,,,,,,
,,,,,,
,,,,,,
,,,,,,
,,,,,,
,,,,,,
,,,,,,
,,,,,,
,,,,,,
,,,,,,
,,,,,,
,,,,,,
,,,,,,
,,,,,,
,,,,,,
,,,,,,
,,,,,,
,,,,,,
,,,,,,
,,,,,,
,,,,,,
,,,,,,
,,,,,,
,,,,,,
,,,,,,
,,,,,,
,,,,,,
,,,,,,
,,,,,,
,,,,,,
,,,,,,
,,,,,,
,,,,,,
,,,,,,
,,,,,,
,,,,,,
,,,,,,
,,,,,,
,,,,,,
,,,,,,
,,,,,,
,,,,,,
,,,,,,
,,,,,,
,,,,,,
,,,,,,
,,,,,,
,,,,,,
,,,,,,
,,,,,,
,,,,,,
,,,,,,
,,,,,,
,,,,,,
,,,,,,
,,,,,,
,,,,,,
,,,,,,
,,,,,,
,,,,,,
,,,,,,
,,,,,,
,,,,,,
,,,,,,
,,,,,,
,,,,,,
,,,,,,
,,,,,,
,,,,,,
,,,,,,
,,,,,,
,,,,,,
,,,,,,
,,,,,,
,,,,,,
,,,,,,
,,,,,,
,,,,,,
,,,,,,
,,,,,,
,,,,,,
,,,,,,
,,,,,,
,,,,,,
,,,,,,
,,,,,,
,,,,,,
,,,,,,
,,,,,,
,,,,,,
,,,,,,
,,,,,,
,,,,,,
,,,,,,
,,,,,,
,,,,,,
,,,,,,
,,,,,,
,,,,,,
,,,,,,
,,,,,,
,,,,,,
,,,,,,
,,,,,,
,,,,,,
,,,,,,
,,,,,,
,,,,,,
,,,,,,
,,,,,,
,,,,,,
,,,,,,
,,,,,,
,,,,,,
,,,,,,
,,,,,,
,,,,,,
,,,,,,
,,,,,,
,,,,,,
,,,,,,
,,,,,,
,,,,,,
,,,,,,
,,,,,,
,,,,,,
,,,,,,
,,,,,,
,,,,,,
,,,,,,
,,,,,,
,,,,,,
,,,,,,
,,,,,,
,,,,,,
,,,,,,
,,,,,,
,,,,,,
,,,,,,
,,,,,,
,,,,,,
,,,,,,
,,,,,,
,,,,,,
,,,,,,
,,,,,,
,,,,,,
,,,,,,
,,,,,,
,,,,,,
,,,,,,
,,,,,,
,,,,,,
,,,,,,
,,,,,,
,,,,,,
,,,,,,
,,,,,,
,,,,,,
,,,,,,
,,,,,,
,,,,,,
,,,,,,
,,,,,,
,,,,,,
,,,,,,
,,,,,,
,,,,,,
,,,,,,
,,,,,,
,,,,,,
,,,,,,
,,,,,,
,,,,,,
,,,,,,
,,,,,,
,,,,,,
,,,,,,
,,,,,,
,,,,,,
,,,,,,
,,,,,,
,,,,,,
,,,,,,
,,,,,,
,,,,,,
,,,,,,
,,,,,,
,,,,,,
,,,,,,
,,,,,,
,,,,,,
,,,,,,
,,,,,,
,,,,,,
,,,,,,
,,,,,,
,,,,,,
,,,,,,
,,,,,,
,,,,,,
,,,,,,
,,,,,,
,,,,,,
,,,,,,
,,,,,,
,,,,,,
,,,,,,
,,,,,,
,,,,,,
,,,,,,
,,,,,,
,,,,,,
,,,,,,
,,,,,,
,,,,,,
,,,,,,
,,,,,,
,,,,,,
,,,,,,
,,,,,,
,,,,,,
,,,,,,
,,,,,,
,,,,,,
,,,,,,
,,,,,,
,,,,,,
,,,,,,
,,,,,,
,,,,,,
,,,,,,
,,,,,,
,,,,,,
,,,,,,
,,,,,,
,,,,,,
,,,,,,
,,,,,,
,,,,,,
,,,,,,
,,,,,,
,,,,,,
,,,,,,
,,,,,,
,,,,,,
,,,,,,
,,,,,,
,,,,,,
,,,,,,
,,,,,,
,,,,,,
,,,,,,
,,,,,,
,,,,,,
,,,,,,
,,,,,,
,,,,,,
,,,,,,
,,,,,,
,,,,,,
,,,,,,
,,,,,,
,,,,,,
,,,,,,
,,,,,,
,,,,,,
,,,,,,
,,,,,,
,,,,,,
,,,,,,
,,,,,,
,,,,,,
,,,,,,
,,,,,,
,,,,,,
,,,,,,
,,,,,,
,,,,,,
,,,,,,
,,,,,,
,,,,,,
,,,,,,
,,,,,,
,,,,,,
,,,,,,
,,,,,,
,,,,,,
,,,,,,
,,,,,,
,,,,,,
,,,,,,
,,,,,,
,,,,,,
,,,,,,
,,,,,,
,,,,,,
,,,,,,
,,,,,,
,,,,,,
,,,,,,
,,,,,,
,,,,,,
,,,,,,
,,,,,,
,,,,,,
,,,,,,
,,,,,,
,,,,,,
,,,,,,
,,,,,,
,,,,,,
,,,,,,
,,,,,,
,,,,,,
,,,,,,
,,,,,,
,,,,,,
,,,,,,
,,,,,,
,,,,,,
,,,,,,
,,,,,,
,,,,,,
,,,,,,
,,,,,,
,,,,,,
,,,,,,
,,,,,,
,,,,,,
,,,,,,
,,,,,,
,,,,,,
,,,,,,
,,,,,,
,,,,,,
,,,,,,
,,,,,,
,,,,,,
,,,,,,
,,,,,,
,,,,,,
,,,,,,
,,,,,,
,,,,,,
,,,,,,
,,,,,,
,,,,,,
,,,,,,
,,,,,,
,,,,,,
,,,,,,
,,,,,,
,,,,,,
,,,,,,
,,,,,,
,,,,,,
,,,,,,
,,,,,,
,,,,,,
,,,,,,
,,,,,,
,,,,,,
,,,,,,
,,,,,,
,,,,,,
,,,,,,
,,,,,,
,,,,,,
,,,,,,
,,,,,,
,,,,,,
,,,,,,
,,,,,,
,,,,,,
,,,,,,
,,,,,,
,,,,,,
,,,,,,
,,,,,,
,,,,,,
,,,,,,
,,,,,,
,,,,,,
,,,,,,
,,,,,,
,,,,,,
,,,,,,
,,,,,,
,,,,,,
,,,,,,
,,,,,,
,,,,,,
,,,,,,
,,,,,,
,,,,,,
,,,,,,
,,,,,,
,,,,,,
,,,,,,
,,,,,,
,,,,,,
,,,,,,
,,,,,,
,,,,,,
,,,,,,
,,,,,,
,,,,,,
,,,,,,
,,,,,,
,,,,,,
,,,,,,
,,,,,,
,,,,,,
,,,,,,
,,,,,,
,,,,,,
,,,,,,
,,,,,,
,,,,,,
,,,,,,
,,,,,,
,,,,,,
,,,,,,
,,,,,,
,,,,,,
,,,,,,
,,,,,,
,,,,,,
,,,,,,
,,,,,,
,,,,,,
,,,,,,
,,,,,,
,,,,,,
,,,,,,
,,,,,,
,,,,,,
,,,,,,
,,,,,,
,,,,,,
,,,,,,
,,,,,,
,,,,,,
,,,,,,
,,,,,,
,,,,,,
,,,,,,
,,,,,,
,,,,,,
,,,,,,
,,,,,,
,,,,,,
,,,,,,
,,,,,,
,,,,,,
,,,,,,
,,,,,,
,,,,,,
,,,,,,
,,,,,,
,,,,,,
,,,,,,
,,,,,,
,,,,,,
,,,,,,
,,,,,,
,,,,,,
,,,,,,
,,,,,,
,,,,,,
,,,,,,
,,,,,,
,,,,,,
,,,,,,
,,,,,,
,,,,,,
,,,,,,
,,,,,,
,,,,,,
,,,,,,
,,,,,,
,,,,,,
,,,,,,
,,,,,,
,,,,,,
,,,,,,
,,,,,,
,,,,,,
,,,,,,
,,,,,,
,,,,,,
,,,,,,
,,,,,,
,,,,,,
,,,,,,
,,,,,,
,,,,,,
,,,,,,
,,,,,,
,,,,,,
,,,,,,
,,,,,,
,,,,,,
,,,,,,
,,,,,,
,,,,,,
,,,,,,
,,,,,,
,,,,,,
,,,,,,
,,,,,,
,,,,,,
,,,,,,
,,,,,,
,,,,,,
,,,,,,
,,,,,,
,,,,,,
,,,,,,
,,,,,,
,,,,,,
,,,,,,
,,,,,,
,,,,,,
,,,,,,
,,,,,,
,,,,,,
,,,,,,
,,,,,,
,,,,,,
,,,,,,
,,,,,,
,,,,,,
,,,,,,
,,,,,,
,,,,,,
,,,,,,
,,,,,,
,,,,,,
,,,,,,
,,,,,,
,,,,,,
,,,,,,
,,,,,,
,,,,,,
,,,,,,
,,,,,,
,,,,,,
,,,,,,
,,,,,,
,,,,,,
,,,,,,
,,,,,,
,,,,,,
,,,,,,
,,,,,,
,,,,,,
,,,,,,
,,,,,,
,,,,,,
,,,,,,
,,,,,,
,,,,,,
,,,,,,
,,,,,,
