cohesion,friction_angle,slope_angle,slope_height,pore water pressure ratio,ucs,Actual_Stability,Predicted_Stability,Failure_Probability,Error,Actual_Label,Predicted_Label
49.07389429,32.08376658,12.5257559,29.96051423,0.176456673,226.4257329,0,0,3.9593027e-07,0,Stable,Stable
6.125185078,39.82531812,21.20760331,20.57399257,0.736387281,139.4044448,0,0,0.020918531,0,Stable,Stable
15.01716364,23.28062379,21.79214995,31.51181888,0.770227128,134.2642842,0,0,0.0004844788,0,Stable,Stable
14.53916844,30.20170508,12.25710369,20.88836094,0.677844498,142.9448887,0,0,8.230491e-07,0,Stable,Stable
33.74326653,26.30117149,30.75448513,48.07914119,0.238493276,182.299162,0,0,2.7089832e-06,0,Stable,Stable
48.04374871,29.48102799,39.07548634,11.81201252,0.810593168,120.2469444,0,0,4.503034e-06,0,Stable,Stable
26.21156701,43.91516264,32.82960311,34.62226699,0.480803389,172.182901,0,0,3.0851382e-07,0,Stable,Stable
17.65670092,26.31173244,50.0939976,47.51659367,0.229965843,195.6556393,0,0,7.3885135e-06,0,Stable,Stable
33.94303776,39.81371853,38.82650523,49.67645061,0.929150182,162.4428836,0,0,7.698466e-06,0,Stable,Stable
34.6770577,40.85111041,47.41414084,11.10594183,0.51163,138.3644573,0,0,7.537297e-07,0,Stable,Stable
26.3467688,43.52585759,45.78921516,14.86676197,0.494300185,159.3707409,0,0,7.9772053e-07,0,Stable,Stable
42.21270613,36.12455655,38.64895857,27.88919877,0.217982921,108.022614,0,0,6.036967e-07,0,Stable,Stable
37.3040533,20.15055101,18.4116059,47.4954295,0.988846795,114.8409196,0,0,0.00063832174,0,Stable,Stable
24.34472412,28.56140713,30.86209993,24.09202667,0.56790453,209.6927035,0,0,6.5062994e-07,0,Stable,Stable
45.82803027,31.40640253,36.40151524,47.05867431,0.733154769,144.9968073,0,0,1.3558628e-06,0,Stable,Stable
5.780566708,29.75742206,51.80145704,49.83473786,0.459341111,116.2155555,1,1,0.99997234,0,Failure Risk,Failure Risk
22.8718625,39.17009163,43.96343125,8.634489463,0.476711414,194.0801292,0,0,9.97647e-07,0,Stable,Stable
13.07877316,32.68408858,26.17039761,20.07693498,0.884346264,161.7178407,0,0,8.823971e-05,0,Stable,Stable
39.95457221,33.38622499,17.6615985,7.225393295,0.180685953,128.7664892,0,0,1.9121617e-07,0,Stable,Stable
27.94433253,25.25294216,20.47728688,15.84631664,0.869874647,157.0998115,0,0,1.1244027e-05,0,Stable,Stable
7.788695314,41.8438448,42.32375505,33.50578665,0.008204912,145.5633371,0,0,0.00016309322,0,Stable,Stable
37.46646872,34.65906261,47.33675599,48.26004018,0.789603557,131.4750453,0,0,6.6897237e-06,0,Stable,Stable
36.87615212,38.07250251,17.93315221,25.72359745,0.995910285,181.2341198,0,0,5.2975993e-06,0,Stable,Stable
48.62896437,38.04213998,12.24206875,31.02620838,0.657673344,124.0972841,0,0,4.1570968e-07,0,Stable,Stable
49.3860108,39.6457081,49.64463555,5.68608421,0.312204743,109.4566845,0,0,8.8506323e-07,0,Stable,Stable
21.73531998,28.22788532,43.23203561,20.12697698,0.221427219,152.0438826,0,0,2.4019405e-07,0,Stable,Stable
14.87156293,40.7796989,49.04320282,45.1930256,0.842392547,103.445239,0,0,0.00040339617,0,Stable,Stable
45.96849903,29.53469158,44.48086579,21.80868103,0.753012337,115.3267955,0,0,4.9253777e-06,0,Stable,Stable
43.67121011,44.56400905,22.28759855,11.978697,0.023364302,157.3873092,0,0,1.6720216e-07,0,Stable,Stable
19.06953415,37.15189911,21.13265714,44.17695467,0.24763775,240.6977711,0,0,3.6828396e-07,0,Stable,Stable
19.06274556,32.66907143,37.03194973,20.42308066,0.034716094,131.5061005,0,0,1.2779259e-07,0,Stable,Stable
40.64976649,32.86299996,20.13937491,22.22888612,0.203263752,144.1490214,0,0,9.19295e-08,0,Stable,Stable
21.37212684,23.94269112,48.12646261,13.77597716,0.993243216,217.7039828,0,0,0.0009941715,0,Stable,Stable
18.14063452,30.85670403,12.34796517,40.50808088,0.304638522,147.8916713,0,0,2.3919924e-07,0,Stable,Stable
47.38884945,21.99261849,41.58403504,41.02088545,0.877054423,188.5210422,0,0,0.00020293471,0,Stable,Stable
21.34351382,35.23753991,54.54026869,38.98110694,0.313620229,154.3535276,0,0,2.1139426e-06,0,Stable,Stable
13.68567434,44.56469529,36.17290419,44.2991853,0.884371059,154.7740948,0,0,1.7907174e-05,0,Stable,Stable
21.00593255,42.54828648,20.34157905,27.90773097,0.892919007,138.6852477,0,0,2.3709915e-06,0,Stable,Stable
23.24845198,37.52482235,40.95942316,27.60466052,0.677086392,259.856581,0,0,6.46674e-07,0,Stable,Stable
5.373717851,36.31145371,34.77248213,12.28228715,0.106148748,92.50288754,0,0,0.21713892,0,Stable,Stable
17.80432746,24.907695,53.33593641,40.18517188,0.565992265,216.0278684,0,0,4.3113923e-05,0,Stable,Stable
40.13230981,42.85908801,30.82606964,22.04763714,0.906550008,183.5509235,0,0,1.7151201e-06,0,Stable,Stable
8.983357365,35.9588396,31.28387405,48.47859915,0.227697263,218.233331,0,0,5.6803005e-05,0,Stable,Stable
46.34256872,31.16612673,34.82629773,41.82745908,0.618309269,161.7178407,0,0,5.417498e-07,0,Stable,Stable
40.31484445,28.7711956,40.29223804,28.57068808,0.406032064,116.1789646,0,0,1.5996987e-06,0,Stable,Stable
24.69189847,36.04380193,26.4668965,48.86573089,0.917148733,155.983082,0,0,5.812016e-06,0,Stable,Stable
41.86537596,42.10596863,40.22835333,34.7058675,0.580771742,165.4244286,0,0,6.2671694e-07,0,Stable,Stable
8.84159507,41.18552219,12.07014296,37.63824435,0.147476915,159.7282543,0,0,5.966498e-07,0,Stable,Stable
34.82250905,44.92053625,40.9565935,15.4057296,0.919239516,130.3163394,0,0,6.8510167e-06,0,Stable,Stable
36.27353573,40.88093292,49.89511105,23.09530911,0.989357272,201.9768007,0,0,3.7411115e-05,0,Stable,Stable
48.46061885,35.15665159,21.44045018,6.292721014,0.562645772,118.0223918,0,0,3.673905e-07,0,Stable,Stable
24.82414917,24.23161877,54.26228715,42.15287958,0.541802005,132.8766894,0,0,5.5371107e-05,0,Stable,Stable
42.81626774,36.13264823,56.72033233,25.7345025,0.941195277,107.6316687,0,0,0.0005457209,0,Stable,Stable
34.04488249,33.43912041,51.24508039,45.44480439,0.235290405,218.4076009,0,0,1.5566983e-06,0,Stable,Stable
29.84967806,38.14551302,16.05025168,29.79952727,0.882120972,121.0738621,0,0,5.3806543e-06,0,Stable,Stable
35.72406161,23.99671638,29.9266246,11.10422859,0.265798997,115.5787239,0,0,4.2264114e-06,0,Stable,Stable
11.70903869,25.06539252,26.79257012,25.05424106,0.635122842,149.4555698,0,0,0.004729916,0,Stable,Stable
43.43003706,44.29605229,15.1448867,7.662960764,0.451485228,149.3941682,0,0,2.0121092e-07,0,Stable,Stable
32.65892685,20.85244654,58.5879488,45.7782222,0.502627684,133.9882292,0,0,0.0004803503,0,Stable,Stable
34.28975683,28.18717522,31.72017861,13.70382521,0.520385453,201.2320631,0,0,1.411455e-06,0,Stable,Stable
5.540412339,44.98191315,30.68390567,45.5036822,0.111013468,220.6778579,0,0,0.018011987,0,Stable,Stable
20.81487531,32.24139645,28.94333396,41.56210119,0.36970544,161.0217288,0,0,2.0329209e-07,0,Stable,Stable
26.84178028,22.9845876,45.89003172,43.54227987,0.856773623,227.7862457,0,0,0.00073415437,0,Stable,Stable
47.26508613,28.70130717,57.59863774,44.55436069,0.514853712,179.6043167,0,0,5.0698254e-05,0,Stable,Stable
39.15438982,25.77829652,27.33279,23.7463509,0.07245083,237.3450279,0,0,1.0807183e-06,0,Stable,Stable
22.82109558,24.06465779,45.51477357,26.94242975,0.237470839,159.3707409,0,0,6.6961065e-06,0,Stable,Stable
40.7373219,37.79167942,54.147355,41.17172358,0.987760624,159.6880484,0,0,7.91631e-05,0,Stable,Stable
17.37681165,23.38088439,52.75470184,23.54613931,0.04881853,96.16791546,0,0,7.301709e-05,0,Stable,Stable
37.05120013,44.61743474,16.4651651,36.38337233,0.933060336,175.6709468,0,0,2.7336014e-06,0,Stable,Stable
11.7223046,29.90179635,13.14266468,24.64767439,0.934270177,108.0289896,0,0,0.0499467,0,Stable,Stable
25.89666441,23.8602527,34.68503484,46.26044135,0.650367249,116.1789646,0,0,8.599565e-05,0,Stable,Stable
10.94951853,21.30074617,16.60435226,11.60590712,0.585350289,71.90993858,0,1,0.52246577,1,Stable,Failure Risk
20.47201211,25.04755383,57.6297836,8.586572767,0.21891269,221.3368552,0,0,0.00013754546,0,Stable,Stable
28.73462382,23.04336422,32.40322421,22.49701033,0.310190512,142.26441,0,0,2.717201e-06,0,Stable,Stable
42.61770999,43.24828997,38.65693782,15.63804499,0.402796072,118.0676255,0,0,4.5163605e-07,0,Stable,Stable
16.73637922,20.27267488,13.24869712,8.722382047,0.631229485,115.8373793,0,0,3.8693117e-05,0,Stable,Stable
18.49961617,37.25648404,18.802374,11.20924271,0.662628495,254.3986632,0,0,5.638767e-07,0,Stable,Stable
41.75872162,41.30237545,22.8866539,15.85009707,0.58491903,112.6758004,0,0,8.0006714e-07,0,Stable,Stable
5.727629298,38.73232279,22.31491835,16.9291251,0.727665138,175.9293828,1,0,0.18544376,1,Failure Risk,Stable
40.03488615,21.08346833,40.63791204,30.5272834,0.151679363,108.022614,0,0,3.587823e-05,0,Stable,Stable
19.15144861,20.52462454,31.99223723,36.25370295,0.708154517,119.2775859,0,0,5.2465522e-05,0,Stable,Stable
31.37497412,32.83485179,11.46567288,38.87757879,0.665383408,117.3106796,0,0,5.14813e-07,0,Stable,Stable
29.79248872,39.07072166,26.8531868,8.602777297,0.20139229,204.8216405,0,0,3.475177e-07,0,Stable,Stable
45.23245723,34.86496135,58.81795498,48.6381237,0.987821073,215.0814035,0,0,0.0003837671,0,Stable,Stable
8.619944009,35.15948696,22.04463347,28.75926764,0.656850944,188.7003598,0,0,0.0007150658,0,Stable,Stable
39.38992177,28.44730361,38.30737957,6.327718664,0.668764704,126.3509196,0,0,1.84232e-06,0,Stable,Stable
26.75094364,38.13057907,40.09730813,24.11692848,0.205156815,97.12975548,0,0,5.5999357e-07,0,Stable,Stable
44.80234407,23.25408985,57.88626382,5.588864773,0.470464762,220.6778579,0,0,0.0012645791,0,Stable,Stable
45.86594255,39.90999972,40.37167795,6.060508749,0.145390095,138.0481322,0,0,2.5715542e-07,0,Stable,Stable
39.00694651,36.51822425,58.86668914,27.70594412,0.963729779,109.2224546,0,0,0.0010654046,0,Stable,Stable
40.17750197,30.4988856,49.29704589,47.86286701,0.147696563,130.9290432,0,0,1.04157e-06,0,Stable,Stable
5.922991369,37.39571288,27.44762057,38.30874886,0.670823498,236.4996903,1,1,0.9476943,0,Failure Risk,Failure Risk
32.67730245,30.05777991,59.6341476,17.2003672,0.443215622,208.0906412,0,0,0.00021411749,0,Stable,Stable
15.57268533,42.10965419,30.49594224,11.90279955,0.382165019,165.5100741,0,0,7.052472e-07,0,Stable,Stable
8.810141642,22.44070599,34.13050853,9.396395192,0.671964648,117.3106796,1,1,0.9996675,0,Failure Risk,Failure Risk
13.48695191,42.44875858,56.88872733,27.56370503,0.846067152,115.3965419,0,0,0.0070833773,0,Stable,Stable
8.344889256,26.09279241,30.59121763,44.78652889,0.603301188,93.24019705,1,1,0.99985766,0,Failure Risk,Failure Risk
35.55254409,25.99603895,47.11111919,8.65471478,0.961114699,248.4032796,0,0,0.00028950098,0,Stable,Stable
27.23565835,30.24819833,27.34955671,39.04783782,0.285522452,117.4801581,0,0,4.470538e-07,0,Stable,Stable
29.21357943,31.21289268,37.93929135,49.57411185,0.780305756,158.5941693,0,0,3.0706601e-06,0,Stable,Stable
24.53319868,28.49113308,11.58540379,8.656231175,0.909575787,153.2168269,0,0,7.760688e-06,0,Stable,Stable
45.59991289,42.31765785,25.68257043,20.63154979,0.893122601,131.075588,0,0,1.8883816e-06,0,Stable,Stable
24.91210912,36.30270851,12.52893426,25.11145813,0.698976579,157.9440796,0,0,1.3728972e-07,0,Stable,Stable
40.08238891,38.86067573,46.75193215,33.44901841,0.313769285,117.4801581,0,0,5.956702e-07,0,Stable,Stable
21.73113461,27.2562805,48.80499648,18.2930275,0.28564035,148.1475676,0,0,9.102619e-07,0,Stable,Stable
16.7507215,24.98572146,15.05817706,48.91595721,0.861370136,236.2219639,0,0,1.565092e-05,0,Stable,Stable
14.89660466,42.20284138,47.05538985,33.82129626,0.566313032,124.4604773,0,0,1.7926592e-06,0,Stable,Stable
11.56411071,22.35481143,19.27255694,37.03677967,0.709522139,128.3448644,0,0,0.3008783,0,Stable,Stable
19.85968513,34.29877754,28.35677792,37.72879441,0.384314678,175.0734211,0,0,3.605021e-07,0,Stable,Stable
42.4848984,25.92657253,46.96199782,22.93166313,0.96173301,139.9663496,0,0,0.00017076252,0,Stable,Stable
23.93070067,38.22133425,18.46406388,38.70553337,0.092427989,123.3017067,0,0,2.1658315e-07,0,Stable,Stable
17.1425054,42.5084991,54.65030319,22.07062205,0.038537215,106.8983001,0,0,3.6966865e-06,0,Stable,Stable
45.47027341,22.01528221,54.37024011,38.37031425,0.797193547,227.9306577,0,0,0.0013186,0,Stable,Stable
47.93071119,37.04068746,53.13656563,36.37379815,0.492442182,237.3450279,0,0,3.5334504e-06,0,Stable,Stable
47.97943503,41.12781033,17.93710645,33.73595691,0.384566232,200.9912424,0,0,2.9390876e-07,0,Stable,Stable
28.01787641,20.57051825,27.71198621,46.82723753,0.846639687,175.9293828,0,0,8.860641e-05,0,Stable,Stable
31.38638636,41.42789856,21.4099032,30.01872465,0.00456917,135.3287762,0,0,1.5125566e-07,0,Stable,Stable
20.44702207,30.85708796,58.52324606,32.58438738,0.796042333,201.9768007,0,0,0.00046416768,0,Stable,Stable
14.03918311,38.79724479,40.77094652,21.32964655,0.754545688,190.7209606,0,0,1.1628321e-06,0,Stable,Stable
21.22083631,41.08148702,22.81926566,45.60213122,0.430519052,101.3584055,0,0,1.5920162e-06,0,Stable,Stable
25.71471432,41.15570808,53.39967113,48.70121204,0.782081942,210.6350465,0,0,1.0897111e-05,0,Stable,Stable
24.23488644,20.57865628,40.92242351,24.70004056,0.38218452,135.3287762,0,0,8.440578e-06,0,Stable,Stable
39.94880335,37.48991132,23.07472444,35.15429244,0.533984088,237.8411099,0,0,4.0293347e-07,0,Stable,Stable
37.87548217,35.58873874,56.70956349,13.25098826,0.637436736,153.2168269,0,0,2.2761435e-05,0,Stable,Stable
10.09492925,21.82038674,57.93543668,39.25595568,0.977048756,172.6903424,1,1,0.99998045,0,Failure Risk,Failure Risk
32.63140393,43.39048391,34.99155763,46.25941314,0.915583984,149.4555698,0,0,5.678643e-06,0,Stable,Stable
34.76483773,43.76874015,27.00661054,27.12510428,0.308274593,132.8948055,0,0,1.027437e-07,0,Stable,Stable
14.19191412,38.81635003,46.90016415,20.59013699,0.280619531,151.5462225,0,0,6.1916273e-07,0,Stable,Stable
12.183347,41.69272369,53.5024383,28.53045877,0.333190001,123.8487687,0,0,6.4880237e-06,0,Stable,Stable
38.33679461,39.04371242,46.05229182,45.73271383,0.204583471,200.0505628,0,0,1.1520094e-06,0,Stable,Stable
41.86934431,41.93710103,46.74337335,32.27961604,0.906097614,130.1900807,0,0,1.8883125e-05,0,Stable,Stable
44.99119467,21.94734414,24.66617382,16.54535838,0.022231114,156.9884108,0,0,4.2493507e-06,0,Stable,Stable
16.99968463,31.97729803,52.80856522,24.59896225,0.282025065,196.1620131,0,0,1.7662255e-06,0,Stable,Stable
45.30736286,21.03699657,16.88982339,31.92759788,0.383798677,118.0676255,0,0,8.920943e-06,0,Stable,Stable
23.53542339,29.04050785,43.71605497,43.59603501,0.60515456,109.8164316,0,0,9.760975e-06,0,Stable,Stable
15.27488765,38.04425693,30.80184983,40.91086004,0.364205557,88.63408808,0,0,4.226246e-06,0,Stable,Stable
21.84512692,30.76669224,30.62090523,16.75661043,0.821725472,160.8471248,0,0,1.1261026e-06,0,Stable,Stable
6.385239601,32.40087024,18.38769779,14.42667209,0.891993633,142.9448887,1,1,0.9975666,0,Failure Risk,Failure Risk
39.35215669,30.23903401,55.88589303,15.83424142,0.483292059,191.2946215,0,0,2.451099e-05,0,Stable,Stable
19.80782676,29.11011765,39.49053729,21.66270778,0.813151792,204.5011157,0,0,2.7066023e-06,0,Stable,Stable
22.19156737,32.62369407,44.30338484,26.87938754,0.191626672,149.9055313,0,0,2.1887195e-07,0,Stable,Stable
32.28426263,29.3764736,50.87441136,5.15788271,0.482103633,171.0135035,0,0,6.958725e-06,0,Stable,Stable
14.5161644,21.84360413,27.07355662,18.49385524,0.978784066,131.3635374,0,0,0.038604498,0,Stable,Stable
17.53827499,27.54578245,24.56566956,39.59592809,0.414324836,153.631875,0,0,5.080215e-07,0,Stable,Stable
30.61137067,25.20669553,24.68083903,10.27622406,0.208214764,180.6443345,0,0,2.5524964e-06,0,Stable,Stable
32.6783003,42.38587752,29.5948583,17.50257427,0.325442097,130.2626248,0,0,1.3433674e-07,0,Stable,Stable
37.80059611,41.48918972,42.08507355,21.68880473,0.609931924,134.5988332,0,0,2.4983234e-07,0,Stable,Stable
8.05667919,40.48494612,34.64920039,30.4314623,0.136449754,207.7295277,0,0,9.164759e-06,0,Stable,Stable
11.13051432,21.0111432,40.76246026,41.45070647,0.277945066,148.7446369,1,0,0.39292434,1,Failure Risk,Stable
36.8927861,32.8855612,36.19400125,38.65026538,0.704501232,128.1045427,0,0,6.2123286e-07,0,Stable,Stable
30.96848492,21.21243422,45.30961741,46.78887935,0.863564532,144.4310813,0,0,0.00066976587,0,Stable,Stable
23.70666102,38.14661777,35.54744066,29.78294656,0.324322776,200.9912424,0,0,3.1885e-07,0,Stable,Stable
28.90150847,40.79133719,42.40842692,48.64237878,0.28388774,187.2110391,0,0,6.5387263e-07,0,Stable,Stable
5.6154943,25.9678423,13.72010475,48.07606408,0.962622364,117.0755496,1,1,0.9998462,0,Failure Risk,Failure Risk
33.99645652,31.27215479,45.76973733,13.59011594,0.093258549,166.398984,0,0,1.6595952e-06,0,Stable,Stable
47.1266144,33.8142438,15.36971078,39.64048246,0.085741958,180.8191217,0,0,2.4487355e-07,0,Stable,Stable
8.08704432,30.03091135,10.29103551,20.8434473,0.476195831,120.5557843,0,0,0.24958485,0,Stable,Stable
26.8473151,39.22273599,35.12001697,11.22548951,0.655644415,112.2100277,0,0,9.619316e-07,0,Stable,Stable
30.13322689,30.67936974,53.26147979,48.32747868,0.014273598,155.7610618,0,0,2.5664217e-06,0,Stable,Stable
43.14251184,20.93714868,40.82712105,18.97602405,0.247951585,118.2428069,0,0,5.1810484e-06,0,Stable,Stable
29.22137359,27.54950567,19.91769398,23.95532789,0.083356055,175.163939,0,0,4.9430906e-07,0,Stable,Stable
9.740025241,25.49963738,38.91559284,19.93770339,0.28724763,107.6316687,1,0,0.4351074,1,Failure Risk,Stable
30.35617132,38.56342906,56.31852244,47.5723244,0.704459447,123.3017067,0,0,1.4981938e-05,0,Stable,Stable
19.53696131,24.03031035,43.17573714,36.80270426,0.75876147,128.1181812,0,0,5.960959e-05,0,Stable,Stable
15.86589027,37.57302495,55.95143257,35.89759157,0.422181195,147.3013251,0,0,3.4714383e-06,0,Stable,Stable
22.67424135,24.83573979,45.10116941,49.06164499,0.195154132,236.910734,0,0,8.928952e-06,0,Stable,Stable
14.86976828,21.28788065,29.50388233,37.0063577,0.535850678,106.9249048,0,0,0.002425016,0,Stable,Stable
12.63710374,43.2708104,57.65017414,5.064901249,0.135556642,196.5630985,0,0,0.00017372759,0,Stable,Stable
48.74220341,40.7560882,45.47134516,13.36941498,0.624369057,157.0998115,0,0,1.0465405e-06,0,Stable,Stable
31.10195999,24.99076622,10.43219107,49.5851567,0.370835382,110.2869925,0,0,8.459459e-06,0,Stable,Stable
42.2452011,37.51748303,46.92487396,35.21755645,0.860551177,148.1475676,0,0,1.8326318e-05,0,Stable,Stable
47.32864479,26.01120314,24.29686445,15.44778434,0.248861673,95.9758039,0,0,2.6946932e-06,0,Stable,Stable
43.12208557,30.71481518,51.60329877,41.77780023,0.365783742,133.7316311,0,0,1.1527732e-06,0,Stable,Stable
10.14326065,42.08714356,24.87126077,17.82512285,0.478048107,125.7672706,0,0,1.0896724e-06,0,Stable,Stable
36.42048454,37.66139213,31.56601293,34.6956854,0.304345708,115.0465773,0,0,4.2038016e-07,0,Stable,Stable
16.32489958,31.38507009,49.00103781,39.70332201,0.06484343,159.7282543,0,0,8.323246e-07,0,Stable,Stable
42.03893881,21.61844415,24.16078135,29.3583528,0.833964146,103.1200544,0,0,0.00030909388,0,Stable,Stable
5.693682473,29.60794089,39.15155532,7.126574015,0.549607507,113.565146,1,1,0.9999677,0,Failure Risk,Failure Risk
45.86156944,29.21875536,27.90841041,25.32966608,0.27361455,128.3448644,0,0,1.910995e-07,0,Stable,Stable
35.72767697,29.39966673,50.99011658,31.4472037,0.426019405,140.8803687,0,0,2.1935411e-06,0,Stable,Stable
15.18213131,39.90754741,13.63892513,44.58398039,0.576864524,165.4244286,0,0,6.053513e-07,0,Stable,Stable
17.25113914,32.7168658,15.12862194,19.71256741,0.913946705,204.5011157,0,0,2.2996314e-06,0,Stable,Stable
12.0015646,29.55742537,39.51109044,32.73640542,0.624462614,150.1987176,0,0,0.00069314224,0,Stable,Stable
5.326359261,24.18432129,52.98834736,25.24714039,0.987927685,117.8604323,1,1,0.99999654,0,Failure Risk,Failure Risk
33.54979735,22.24262193,29.55554866,43.82881724,0.308363244,102.6207951,0,0,1.8997605e-05,0,Stable,Stable
10.88306328,44.51635479,21.95149416,49.70087706,0.064003109,154.2769358,0,0,1.3909591e-06,0,Stable,Stable
43.59144541,30.67890103,25.91370127,31.67320128,0.352965644,190.7954405,0,0,6.4448585e-07,0,Stable,Stable
32.25066233,43.51041982,44.79002808,33.9196109,0.564869376,98.81666965,0,0,1.995603e-06,0,Stable,Stable
36.24236359,43.88216535,55.86669601,12.34997998,0.796481263,173.3579524,0,0,1.7749804e-05,0,Stable,Stable
13.2198372,32.66894545,26.72059153,19.00057887,0.227716057,223.8248139,0,0,5.4383537e-07,0,Stable,Stable
49.06004764,20.63885712,30.3383448,27.43799394,0.397024344,206.9152882,0,0,1.14385875e-05,0,Stable,Stable
5.024938306,27.77175293,35.2157186,48.2244026,0.409672004,148.2494532,1,1,0.99994016,0,Failure Risk,Failure Risk
22.01773165,44.27228148,43.86689875,30.66573521,0.919206227,125.8884285,0,0,1.2734816e-05,0,Stable,Stable
10.1411804,26.41071737,43.40664694,37.39764502,0.092036557,122.5120442,0,0,0.041848186,0,Stable,Stable
43.72720207,42.17469395,17.6496888,37.56818502,0.719878059,183.5509235,0,0,3.1343046e-07,0,Stable,Stable
28.0446735,21.99597328,11.69699149,37.64003663,0.560733642,200.0865506,0,0,2.2328437e-05,0,Stable,Stable
39.47359996,25.56914691,31.3082329,10.68599831,0.730430149,230.9779366,0,0,3.7162547e-06,0,Stable,Stable
5.2016762,31.93403817,42.41234113,24.84891376,0.62150368,118.0676255,1,1,0.9999652,0,Failure Risk,Failure Risk
32.61704818,20.21703023,50.47550922,12.50959293,0.690350922,97.12975548,0,0,0.00066761946,0,Stable,Stable
20.50258348,32.22014769,55.84719461,39.33501118,0.714066743,190.7209606,0,0,9.091263e-06,0,Stable,Stable
45.48918269,21.41277352,47.54755079,16.95473139,0.802824165,217.7039828,0,0,0.0007442736,0,Stable,Stable
33.04658794,22.35570222,54.09788343,10.74787517,0.390461918,112.0484331,0,0,0.0002941102,0,Stable,Stable
29.03854513,27.25501239,13.84391066,19.88063535,0.249042286,133.2290081,0,0,3.046181e-07,0,Stable,Stable
34.58268678,43.84913083,19.11138952,14.0810328,0.927796571,111.4119423,0,0,9.679808e-06,0,Stable,Stable
14.60576823,42.47214385,44.18271422,20.09503998,0.153069061,228.2771521,0,0,6.450067e-07,0,Stable,Stable
5.394863978,37.10300677,31.88495734,46.81854499,0.732853515,157.7091169,1,1,0.9984415,0,Failure Risk,Failure Risk
44.54139127,23.52697304,21.61608326,20.92089485,0.385884822,137.9457231,0,0,2.6203288e-06,0,Stable,Stable
31.84983081,39.91355165,27.3320187,21.54028214,0.031083188,218.233331,0,0,1.582999e-07,0,Stable,Stable
15.0753755,37.53197515,45.51664956,17.40216192,0.937414907,98.43084065,0,0,0.0009193768,0,Stable,Stable
18.75917692,21.38951586,58.85509314,35.7634823,0.450574694,153.1508551,0,0,0.0005331394,0,Stable,Stable
36.62522947,28.52610338,12.2483254,32.86777374,0.170390804,248.4032796,0,0,7.622828e-07,0,Stable,Stable
48.7631517,22.41799584,36.36656024,16.01745522,0.570244291,106.1496354,0,0,0.00011607087,0,Stable,Stable
20.54508736,31.30862132,14.89498187,11.57253863,0.714143751,206.1642828,0,0,1.4651216e-06,0,Stable,Stable
18.68495033,28.12468524,23.80347684,23.69503924,0.397704705,198.4300551,0,0,4.779416e-07,0,Stable,Stable
16.30005291,30.11731804,31.96258641,14.79234741,0.786519549,198.2394482,0,0,3.2418527e-06,0,Stable,Stable
19.25227049,36.72382694,50.09711468,18.48702063,0.381485394,189.7438808,0,0,1.0806018e-06,0,Stable,Stable
26.54159904,21.1473467,15.26966537,16.01111996,0.880609226,124.0972841,0,0,0.00023277936,0,Stable,Stable
11.74896609,43.70548619,25.38489759,18.43862533,0.881280294,100.6682854,0,0,0.00017622617,0,Stable,Stable
10.73174162,32.43591634,50.72809158,12.70366062,0.897501514,209.7591391,1,0,0.25410333,1,Failure Risk,Stable
43.69331624,33.94349351,15.93402503,36.45321766,0.396658979,131.7032955,0,0,2.4432674e-07,0,Stable,Stable
8.19530511,44.63780726,28.81430876,20.04098312,0.927444781,126.0328372,0,0,0.0014129229,0,Stable,Stable
30.41657515,27.01938518,36.53702967,29.85213935,0.811187917,237.8984993,0,0,5.3463837e-06,0,Stable,Stable
44.36968853,41.01012746,23.31448073,32.61449615,0.178611101,136.4792018,0,0,1.5916002e-07,0,Stable,Stable
20.56876195,38.14685859,12.17577388,9.084796897,0.288717723,191.433418,0,0,3.2144428e-07,0,Stable,Stable
38.03288158,44.9301286,56.29644452,14.61421628,0.257341637,136.9139595,0,0,5.053598e-06,0,Stable,Stable
21.9107706,35.88147847,47.79014396,10.33381728,0.475321105,238.3919088,0,0,2.6601338e-06,0,Stable,Stable
34.20912832,24.45039868,55.19645264,39.18770867,0.170967952,124.4173633,0,0,2.18766e-05,0,Stable,Stable
10.54556006,34.4380322,28.00724864,13.3147684,0.794607643,212.3890501,0,0,0.0010536741,0,Stable,Stable
32.7244353,36.34803425,10.87481508,13.63410375,0.414148679,144.4310813,0,0,1.9663106e-07,0,Stable,Stable
13.46828761,29.07159575,43.98173967,38.68304573,0.487617458,191.6980896,0,0,2.4203913e-05,0,Stable,Stable
41.10299674,31.66117724,24.2501616,32.42921689,0.609974593,99.84728197,0,0,3.2894957e-06,0,Stable,Stable
26.11247219,34.71518964,52.04616307,27.41526592,0.368260931,157.7091169,0,0,9.780056e-07,0,Stable,Stable
26.41917607,32.72053621,13.7826301,47.56084697,0.079693109,212.7837295,0,0,6.4887325e-07,0,Stable,Stable
46.0071405,30.9713757,10.1517214,26.04463745,0.372883269,178.8987574,0,0,3.3728955e-07,0,Stable,Stable
46.71554508,33.85979946,57.3540725,14.86951281,0.185562071,120.9315325,0,0,1.1622374e-05,0,Stable,Stable
40.37822011,31.50952189,30.24065796,47.41951697,0.327314651,132.7376807,0,0,5.2929505e-07,0,Stable,Stable
41.34468207,21.85078219,26.27212075,9.931413105,0.283179722,126.0328372,0,0,6.458379e-06,0,Stable,Stable
5.915337398,22.38508586,51.21721338,41.27807601,0.272385102,128.6038715,1,1,0.9999112,0,Failure Risk,Failure Risk
19.10638805,36.01384492,28.08207228,9.021865005,0.961895699,97.14180746,0,0,2.8568405e-05,0,Stable,Stable
31.12788922,20.35768724,12.58836905,29.99763282,0.856327995,140.7180975,0,0,0.00010796109,0,Stable,Stable
25.91528927,30.96778872,36.29684375,14.14821039,0.224284345,177.6997132,0,0,8.1666514e-07,0,Stable,Stable
5.796700028,41.74560022,33.43614245,31.27532922,0.82504105,187.2110391,1,1,0.94761735,0,Failure Risk,Failure Risk
36.44271157,23.40066062,11.52513887,10.7460825,0.505943891,128.1217176,0,0,7.040745e-06,0,Stable,Stable
5.215992117,35.94364166,42.35270275,43.92427387,0.203391968,168.7122391,1,1,0.963327,0,Failure Risk,Failure Risk
35.24472802,20.84109556,38.00464588,8.322573385,0.502615766,127.731873,0,0,2.3343207e-05,0,Stable,Stable
19.70402213,44.7422429,54.28101321,14.0725639,0.935623836,104.1847692,0,0,0.00010199011,0,Stable,Stable
27.48516097,22.30927098,40.46963155,19.84695826,0.088417785,124.0068375,0,0,5.3074045e-06,0,Stable,Stable
26.17436687,31.57434163,11.15197342,39.93722711,0.533488189,182.9674954,0,0,4.7347936e-07,0,Stable,Stable
49.12431368,27.41741744,25.936259,20.28410871,0.105885484,180.3804102,0,0,4.5584855e-07,0,Stable,Stable
20.11612303,41.74434499,36.45593405,35.3808518,0.383269227,158.3543702,0,0,2.3790271e-07,0,Stable,Stable
33.10331069,25.86003634,31.6889502,22.3057897,0.025299949,132.4880146,0,0,5.222413e-07,0,Stable,Stable
24.7919332,38.07285456,35.6253655,19.32030285,0.805714711,147.3013251,0,0,3.9903102e-07,0,Stable,Stable
49.91890457,27.5992569,46.19429201,46.4543872,0.402296099,277.9836524,0,0,4.9117284e-06,0,Stable,Stable
9.016238824,20.27238683,56.40888301,9.160319188,0.702158639,158.8715467,1,1,0.9999902,0,Failure Risk,Failure Risk
11.65796324,32.38650333,32.24738011,45.08594758,0.351791024,121.1262202,0,0,3.8935054e-06,0,Stable,Stable
5.501956429,40.11556104,57.53840371,27.68375553,0.25910646,92.50288754,1,0,0.4386185,1,Failure Risk,Stable
32.75986025,32.02810058,23.06904177,29.69361363,0.295050804,216.5095709,0,0,3.956438e-07,0,Stable,Stable
35.30262106,24.12593326,57.96071363,47.09991373,0.586074369,137.3310191,0,0,0.0008357753,0,Stable,Stable
29.00788638,22.67781288,27.38133046,39.58637022,0.357846426,96.46039891,0,0,2.3869636e-05,0,Stable,Stable
46.19628444,22.26299745,52.16041892,15.97355462,0.184584667,121.1262202,0,0,2.933556e-05,0,Stable,Stable
8.33715976,40.94538977,20.91429449,34.09131039,0.908835372,230.6334081,0,0,0.0010212171,0,Stable,Stable
38.96071344,34.03939342,36.23230452,17.10180617,0.670514407,110.5644587,0,0,1.6182531e-06,0,Stable,Stable
41.36066371,29.41898358,17.79440816,18.19715547,0.744078105,159.3707409,0,0,5.2254273e-07,0,Stable,Stable
15.53342918,43.38423749,46.32307857,43.27891467,0.879023052,176.8357849,0,0,3.324931e-05,0,Stable,Stable
18.40325051,36.36286167,29.86787724,42.89797983,0.65281491,144.9078873,0,0,2.5441872e-07,0,Stable,Stable
21.75802997,36.18987794,10.60418728,6.283453874,0.928449629,193.1474904,0,0,3.6013134e-06,0,Stable,Stable
37.48593083,38.64912119,35.870763,19.97160967,0.863579236,164.3997491,0,0,1.4725176e-06,0,Stable,Stable
18.14795615,36.71406314,49.14677563,5.960574474,0.286493161,200.9912424,0,0,1.3488765e-06,0,Stable,Stable
47.40505227,43.18155814,31.65053228,17.60433104,0.566699286,145.9305178,0,0,2.0753212e-07,0,Stable,Stable
15.88338262,41.003154,52.5723725,40.02489222,0.341630882,142.7626665,0,0,5.2755945e-07,0,Stable,Stable
13.2114349,26.3168553,41.50511414,8.327943152,0.41587545,246.7560583,0,0,0.00022872814,0,Stable,Stable
23.51802213,25.58074826,39.05273595,34.53214774,0.049617301,135.9614914,0,0,1.5175618e-06,0,Stable,Stable
35.88675047,29.164043,55.45670378,34.42666153,0.22083744,158.9756494,0,0,5.459714e-06,0,Stable,Stable
17.81601684,41.71472854,41.40719887,11.34338462,0.853845097,171.9840442,0,0,3.9898873e-06,0,Stable,Stable
42.52624702,27.51727967,33.24623236,27.89799093,0.014766372,114.1737291,0,0,1.3411124e-06,0,Stable,Stable
6.605348736,40.77087864,37.06581908,12.03741493,0.613693837,239.9726727,0,0,0.40172797,0,Stable,Stable
8.545193195,41.01223892,51.04674534,44.80472846,0.192098784,236.910734,0,0,0.00030102534,0,Stable,Stable
26.07354264,30.23095993,38.98643256,16.97919667,0.117026568,140.3881601,0,0,3.9167188e-07,0,Stable,Stable
30.81499689,38.79530191,51.42796494,39.25423269,0.949501416,100.7648967,0,0,7.7186065e-05,0,Stable,Stable
34.55252179,39.88445778,51.17290382,16.35350364,0.868209998,221.781861,0,0,1.9324778e-05,0,Stable,Stable
26.2295218,43.82063287,18.9053828,12.67582593,0.425433314,123.3017067,0,0,2.776353e-07,0,Stable,Stable
17.9245657,26.38493435,12.98111186,19.08690179,0.331952094,157.5683655,0,0,4.585956e-07,0,Stable,Stable
9.965064822,23.5879916,44.3328693,6.372407214,0.986368171,139.3040917,1,1,0.9999484,0,Failure Risk,Failure Risk
19.64610449,22.78655349,55.90042974,14.63829496,0.184847964,177.3010174,0,0,0.00015713046,0,Stable,Stable
39.17689561,25.75860389,25.16007357,18.89956437,0.33418975,178.5856136,0,0,8.946365e-07,0,Stable,Stable
38.80167655,21.56739097,47.06069049,15.76471935,0.248568837,138.3644573,0,0,2.4115003e-05,0,Stable,Stable
48.70833023,30.10290454,15.74997633,24.29777478,0.976161152,167.3711903,0,0,9.101603e-06,0,Stable,Stable
22.35725207,29.94124646,28.79047347,29.29619867,0.588791041,178.5856136,0,0,9.965192e-07,0,Stable,Stable
14.77199001,22.4267332,50.39766983,9.135291437,0.378098579,96.46039891,0,0,0.0068178624,0,Stable,Stable
15.30442334,39.09207751,36.14600845,5.862780727,0.956468469,149.9055313,0,0,1.4375882e-05,0,Stable,Stable
41.3830973,35.63480999,28.06315779,25.64106985,0.982275265,135.6370418,0,0,7.3275355e-06,0,Stable,Stable
33.63549419,23.50705771,43.02831434,25.70744615,0.985764378,88.45078989,0,0,0.0050414256,0,Stable,Stable
46.64949466,20.48581681,32.35871434,22.22148749,0.860668119,129.6979245,0,0,0.00012181316,0,Stable,Stable
5.324897615,40.34790266,29.91849904,24.72229698,0.801272797,136.9139595,1,1,0.8825871,0,Failure Risk,Failure Risk
30.32465319,40.20264161,56.87483263,41.11052469,0.024552385,158.0424811,0,0,6.9836024e-06,0,Stable,Stable
15.58964979,26.01563067,53.9320559,33.25066152,0.142116126,145.4799758,0,0,0.00010222457,0,Stable,Stable
40.27663756,43.12054005,47.69046545,44.57720862,0.226121971,98.81666965,0,0,1.4121779e-06,0,Stable,Stable
36.34425601,29.70122577,24.97638761,10.38884366,0.295635457,148.712357,0,0,3.2497942e-07,0,Stable,Stable
27.46451766,41.44417732,57.36484817,33.64762909,0.564545987,149.6476348,0,0,1.2997605e-05,0,Stable,Stable
19.71911777,38.93873393,52.55062881,8.631536961,0.272049978,117.830422,0,0,7.405419e-07,0,Stable,Stable
26.8417567,43.64819653,44.37490433,44.62767337,0.65230867,171.1809692,0,0,8.2333963e-07,0,Stable,Stable
6.433554314,40.11739463,53.29731434,32.07005431,0.762975325,227.7862457,1,1,0.99766135,0,Failure Risk,Failure Risk
38.57677267,25.58511562,28.69938925,21.41060361,0.253695866,228.2771521,0,0,1.0807183e-06,0,Stable,Stable
26.4042943,31.32332176,29.58104487,20.08834546,0.262930193,168.8796588,0,0,2.57374e-07,0,Stable,Stable
33.32097242,24.80357122,43.08934667,23.68306112,0.599032853,107.6316687,0,0,3.0905005e-05,0,Stable,Stable
18.91652497,41.29660436,23.12464593,18.96465295,0.140995444,103.1016734,0,0,3.5201305e-07,0,Stable,Stable
48.82732626,39.4522556,31.40155653,6.20647059,0.8504519,124.4604773,0,0,3.36362e-06,0,Stable,Stable
26.01497388,26.5208904,44.30392559,35.55690036,0.239265533,153.6797229,0,0,1.2398248e-06,0,Stable,Stable
27.19850973,40.4424828,53.83038677,28.88454244,0.101295914,142.942404,0,0,9.989199e-07,0,Stable,Stable
35.80449949,30.54591831,52.05690914,13.08750854,0.963875453,147.6746173,0,0,0.00017090993,0,Stable,Stable
6.905072566,40.17126503,10.28114431,44.83445871,0.545143388,133.3263504,0,0,0.0025668289,0,Stable,Stable
17.30762896,26.27515447,40.82733446,7.116964904,0.584211889,207.7295277,0,0,5.6040026e-06,0,Stable,Stable
9.331276246,44.96982127,54.89348944,22.18400813,0.51066972,180.6443345,0,0,0.0039007694,0,Stable,Stable
35.96784965,24.10851503,37.27314505,22.20732537,0.534798433,221.5455707,0,0,6.9347097e-06,0,Stable,Stable
38.59550032,24.42043394,44.86591697,31.76711942,0.42054278,259.1704696,0,0,1.46059e-05,0,Stable,Stable
10.72418537,38.14244237,42.8491098,10.43368404,0.50112488,133.9008551,0,0,1.1859573e-05,0,Stable,Stable
10.73393525,44.59820504,14.7662924,46.88178843,0.783751569,227.9306577,0,0,1.0086669e-05,0,Stable,Stable
44.15248369,36.72993623,30.69953734,16.90813706,0.88613275,108.380718,0,0,1.5708323e-05,0,Stable,Stable
30.82208311,26.56074963,39.27144142,29.54934285,0.665786223,135.718635,0,0,2.4216572e-06,0,Stable,Stable
10.82313503,39.38322452,20.85002401,8.831805838,0.213058054,97.08063729,0,0,1.3587571e-06,0,Stable,Stable
13.73687135,25.77029328,24.60719261,43.65501273,0.024846412,176.5683266,0,0,4.677107e-06,0,Stable,Stable
37.62932085,41.5585403,38.6372193,38.43442647,0.220806639,221.781861,0,0,3.4263672e-07,0,Stable,Stable
28.79086342,35.75111802,55.23738291,49.16471325,0.533536203,133.4377707,0,0,5.170461e-06,0,Stable,Stable
14.00994211,41.11027872,53.87510856,30.80645182,0.617374148,182.9674954,0,0,0.00010182792,0,Stable,Stable
32.54940785,26.13793476,44.03081537,34.04759998,0.97857883,236.2219639,0,0,8.027296e-05,0,Stable,Stable
7.146875365,44.38711233,29.06359115,8.655199637,0.992622403,154.5090204,0,0,0.06368183,0,Stable,Stable
47.38572378,32.1263167,36.28080685,11.47767342,0.334583422,113.7355627,0,0,6.198823e-07,0,Stable,Stable
9.506447948,38.89439348,42.54031217,37.41504842,0.53483027,98.37926481,0,0,0.00043327486,0,Stable,Stable
44.65388028,22.35810242,57.76836404,13.91441221,0.271779584,105.5932015,0,0,0.0004406359,0,Stable,Stable
9.507619681,44.59933895,19.69830757,17.45308826,0.154927034,146.8861784,0,0,3.3616914e-07,0,Stable,Stable
41.78643977,24.45937505,34.49416692,15.0426544,0.890690524,164.2339266,0,0,2.6188894e-05,0,Stable,Stable
41.1346408,29.17857898,23.32830285,25.08832391,0.313819251,152.6958347,0,0,1.524286e-07,0,Stable,Stable
37.26396055,21.80247673,16.88430659,48.06781845,0.225612345,119.2570947,0,0,9.231355e-06,0,Stable,Stable
12.52381345,36.77486205,52.39875394,43.22867345,0.255920232,162.7236486,0,0,4.0598284e-06,0,Stable,Stable
8.592397995,36.50032486,33.26033398,47.66557018,0.482645572,106.8983001,0,0,0.0056935004,0,Stable,Stable
7.210710225,35.91088361,15.0829182,20.70007124,0.643108762,153.6521991,0,0,0.002309237,0,Stable,Stable
44.34133445,29.75985933,41.45673032,39.44494618,0.104983561,168.8796588,0,0,7.445259e-07,0,Stable,Stable
10.11430676,20.92405876,24.20765464,48.73820129,0.791069467,152.0438826,1,1,0.99701273,0,Failure Risk,Failure Risk
39.60604575,29.84025855,38.98536195,42.41089792,0.168433548,154.5999183,0,0,4.271826e-07,0,Stable,Stable
49.6766508,21.57945125,46.72165944,16.37827699,0.442335918,125.7230292,0,0,5.68386e-05,0,Stable,Stable
9.305091969,25.095467,18.95963114,35.05588719,0.82051599,98.64076026,1,1,0.99503136,0,Failure Risk,Failure Risk
48.23850096,27.44936381,50.51814363,22.35536946,0.011997647,172.5957779,0,0,2.203885e-06,0,Stable,Stable
29.5711067,38.45365711,16.47665895,44.52251711,0.126173016,185.6131213,0,0,2.7805368e-07,0,Stable,Stable
44.78315492,24.86984459,45.35089178,29.07468803,0.925482931,147.9138403,0,0,0.00022936145,0,Stable,Stable
15.14763961,24.82959782,33.69354479,42.26869647,0.693145474,140.7389954,0,0,1.1565101e-05,0,Stable,Stable
5.503968737,26.89110576,16.73503802,40.36703495,0.831586467,215.8412488,1,1,0.99971086,0,Failure Risk,Failure Risk
12.04853815,22.6528365,27.99931724,31.51640742,0.901768927,74.80212018,1,1,0.98255485,0,Failure Risk,Failure Risk
33.57281821,36.40020271,36.6354533,37.69759756,0.755667955,114.7017465,0,0,2.6945493e-06,0,Stable,Stable
11.87376943,42.83110564,15.38711194,10.70277808,0.456795783,150.5543402,0,0,4.618188e-07,0,Stable,Stable
9.704950617,36.01728169,56.57019742,29.26649121,0.314983825,204.5011157,0,0,0.0036123833,0,Stable,Stable
13.73242461,39.11291403,26.42847642,8.131727095,0.30177995,136.3817462,0,0,2.7519218e-07,0,Stable,Stable
37.75351406,39.08194712,36.32526627,38.5154004,0.486402723,170.0214296,0,0,3.3131292e-07,0,Stable,Stable
7.153951951,29.42707935,57.77653215,31.61567441,0.326922378,143.788813,1,1,0.9991781,0,Failure Risk,Failure Risk
13.4230374,41.16580133,57.21018074,43.69770043,0.093680443,179.5831324,0,0,6.181284e-05,0,Stable,Stable
11.67357807,32.27958001,45.35803104,18.72199373,0.157250923,186.9771442,0,0,2.0821277e-05,0,Stable,Stable
30.96092909,32.07187805,27.77825301,29.72531725,0.588025608,91.28170579,0,0,1.7601719e-06,0,Stable,Stable
13.73729348,26.33177239,25.29939649,24.1653273,0.708213765,154.1330861,0,0,6.381543e-06,0,Stable,Stable
39.32087767,40.89607562,19.94650611,14.31433505,0.98920712,224.3065401,0,0,7.272676e-06,0,Stable,Stable
23.87254271,42.57161984,47.39263133,28.91914341,0.034173694,183.5509235,0,0,8.250019e-07,0,Stable,Stable
25.9642278,24.15477299,53.3467327,30.34573488,0.217190447,109.9099042,0,0,5.3825417e-05,0,Stable,Stable
49.03225091,30.32148177,26.63025746,48.43476395,0.994687885,231.5079743,0,0,1.8232688e-05,0,Stable,Stable
38.31371558,20.24314688,52.9611402,25.98286501,0.231149592,106.3686025,0,0,7.2165305e-05,0,Stable,Stable
11.70930554,24.96350507,36.77463219,37.83888004,0.738120009,153.3045925,1,1,0.7005475,0,Failure Risk,Failure Risk
22.75830815,41.81066357,22.23030991,9.461759367,0.746929511,130.4255023,0,0,2.7241495e-07,0,Stable,Stable
39.57114999,35.23390935,20.85949354,29.65391375,0.718776525,151.454727,0,0,3.196916e-07,0,Stable,Stable
35.79947103,37.99749091,39.19314016,31.86896176,0.195948384,87.45259798,0,0,9.759158e-07,0,Stable,Stable
41.39219286,33.82167049,24.95315491,19.88563864,0.7057609,136.3817462,0,0,1.6292056e-07,0,Stable,Stable
26.09300871,44.4856349,16.24546411,13.8896174,0.189655138,104.4964646,0,0,4.377941e-07,0,Stable,Stable
27.18658047,37.3827027,48.29958198,10.74799769,0.349587561,142.942404,0,0,5.380108e-07,0,Stable,Stable
48.63074233,37.4166728,59.82770307,25.51640393,0.286584956,154.5999183,0,0,1.2291034e-05,0,Stable,Stable
34.08807815,26.80629538,37.70049272,15.87638011,0.032745755,137.6813318,0,0,9.1620944e-07,0,Stable,Stable
43.26344315,37.01559821,58.04793425,24.93753291,0.938105792,153.5843489,0,0,0.00032991424,0,Stable,Stable
30.35226833,35.84470497,36.20126916,17.85057691,0.981080189,153.3045925,0,0,9.683344e-06,0,Stable,Stable
6.271911547,27.27376064,59.62473384,8.514969652,0.270449889,125.7230292,1,1,0.999866,0,Failure Risk,Failure Risk
22.11085249,39.0133497,15.33091236,39.21738595,0.636120524,145.1020804,0,0,2.2593106e-07,0,Stable,Stable
44.50246716,38.10570593,58.56763375,8.950578157,0.880312197,190.5666849,0,0,0.00040356175,0,Stable,Stable
40.35208066,26.43604988,36.09646443,45.44372017,0.860278981,215.8412488,0,0,1.4190999e-05,0,Stable,Stable
7.207410766,32.90754552,39.53017448,7.695833273,0.070605386,206.8916305,0,0,0.117944725,0,Stable,Stable
10.81113818,25.11672369,14.63768963,47.81490011,0.199999871,139.395423,0,0,0.00015931245,0,Stable,Stable
41.4176569,43.36552101,43.46250322,47.32693335,0.064052205,105.6615668,0,0,1.8326489e-06,0,Stable,Stable
11.06936809,43.9446659,12.32308311,11.76695021,0.620210532,73.02859674,0,0,3.0856106e-06,0,Stable,Stable
41.00712065,21.23385108,17.47032224,5.363389795,0.996367079,106.3686025,0,0,0.0011774545,0,Stable,Stable
16.26678728,23.27571265,41.8163113,26.50498212,0.625470812,173.4847999,0,0,4.668121e-05,0,Stable,Stable
46.3788783,44.99140772,42.76800599,39.92863873,0.118486634,113.250093,0,0,8.5599316e-07,0,Stable,Stable
28.29832957,36.72001498,51.34621154,29.88827957,0.402755695,108.0289896,0,0,2.169506e-06,0,Stable,Stable
14.85672627,20.8532476,15.27804106,12.03834317,0.264768438,131.9203825,0,0,4.232395e-05,0,Stable,Stable
39.28123647,23.40884488,23.86610505,46.39676732,0.644798771,168.6563083,0,0,3.230101e-05,0,Stable,Stable
43.26632544,31.44754464,13.43869664,29.60175935,0.563300922,128.920543,0,0,4.0000225e-07,0,Stable,Stable
17.42338112,24.35503772,52.76068131,32.44365772,0.453429701,175.9989152,0,0,4.7680285e-05,0,Stable,Stable
34.78629786,36.40439077,27.04978614,30.63524601,0.770589508,133.3116443,0,0,6.935689e-07,0,Stable,Stable
8.916510429,36.29987852,57.82793195,11.62707909,0.234215843,152.7123333,0,0,0.014930077,0,Stable,Stable
7.413277567,25.60756567,30.19775217,34.40292824,0.609888377,120.7351922,1,1,0.9999436,0,Failure Risk,Failure Risk
13.58565195,34.83653056,26.19233772,40.18529741,0.029279827,134.3903754,0,0,2.7556985e-07,0,Stable,Stable
7.876542389,21.53507548,22.00647452,49.0526129,0.16206399,161.2706701,1,1,0.983386,0,Failure Risk,Failure Risk
12.88509316,29.80170133,51.06798836,39.87466436,0.463208955,196.5630985,0,0,0.00027649195,0,Stable,Stable
12.97109547,34.95947358,34.35082431,19.27008155,0.05729402,124.0068375,0,0,2.9396568e-07,0,Stable,Stable
11.34769098,23.51540892,15.65778914,14.21362778,0.594997763,171.6583702,0,0,0.06819689,0,Stable,Stable
46.96026895,41.65315148,50.06383363,30.64482397,0.006559744,128.920543,0,0,4.6209504e-07,0,Stable,Stable
40.89044986,25.46315002,47.52103077,5.801803001,0.469568677,95.76882321,0,0,1.3199805e-05,0,Stable,Stable
8.22697344,26.12830412,59.19490182,24.51317376,0.455011253,134.025838,1,1,0.99999094,0,Failure Risk,Failure Risk
28.29416401,23.11388471,25.92657343,40.3822991,0.602236908,139.9663496,0,0,1.4592896e-05,0,Stable,Stable
25.52474298,25.32846188,44.45037554,18.64113814,0.557719857,190.5424489,0,0,2.9509335e-06,0,Stable,Stable
39.38250154,22.15416734,18.08692649,10.68904651,0.286027045,152.2847586,0,0,4.857441e-06,0,Stable,Stable
31.04152915,25.58197817,43.29484084,23.38235371,0.311475114,135.718635,0,0,6.603479e-07,0,Stable,Stable
16.40973992,32.30334981,26.99864515,36.24957982,0.563846117,241.9745907,0,0,5.5938295e-07,0,Stable,Stable
20.12352745,24.46896259,58.2014203,22.39711715,0.383588634,127.0942828,0,0,0.00015387959,0,Stable,Stable
22.20640691,38.00800533,25.79096898,22.56240004,0.899123781,154.1330861,0,0,2.1114545e-06,0,Stable,Stable
40.05968843,38.8634494,15.28169312,37.77470009,0.071688687,148.7015064,0,0,1.626056e-07,0,Stable,Stable
15.12681796,20.79089043,53.64562571,33.93783691,0.136953495,115.8222652,0,0,0.00080677297,0,Stable,Stable
35.25014212,37.08747886,30.85983189,35.60267872,0.226614506,119.2775859,0,0,2.8461523e-07,0,Stable,Stable
10.87040692,23.14916941,54.43971216,23.54274147,0.717707326,105.5932015,1,1,0.99990106,0,Failure Risk,Failure Risk
47.91080918,27.77891792,42.88178114,37.09688282,0.882101424,119.2775859,0,0,2.329284e-05,0,Stable,Stable
19.56482515,27.26655303,49.79452166,28.2403811,0.740893803,88.63408808,0,0,2.920955e-05,0,Stable,Stable
9.090450566,30.07274041,59.7103995,43.99189446,0.431196251,130.3163394,1,1,0.99493474,0,Failure Risk,Failure Risk
6.442858269,22.10533635,35.21674887,45.18769606,0.942891869,121.2524466,1,1,0.9999957,0,Failure Risk,Failure Risk
44.88693731,28.56528426,43.36751895,11.62198095,0.920966389,250.625832,0,0,3.5665158e-05,0,Stable,Stable
32.06154321,32.72129113,44.75787552,49.95994916,0.368959549,204.5011157,0,0,1.73285e-06,0,Stable,Stable
43.53683442,30.31073725,33.80800557,30.74402027,0.294790865,164.1331454,0,0,4.3100425e-07,0,Stable,Stable
8.477227682,31.50245645,20.3799584,22.36261661,0.860653226,118.8400481,1,1,0.9710745,0,Failure Risk,Failure Risk
14.21695612,36.74512603,17.6182362,30.14118169,0.629245804,118.7087735,0,0,8.2703116e-07,0,Stable,Stable
48.04702555,25.00026474,27.84008651,29.94430835,0.769508586,87.45259798,0,0,1.9110083e-05,0,Stable,Stable
37.29665128,31.28112633,44.59905626,28.54189731,0.166639324,136.4792018,0,0,3.6527405e-07,0,Stable,Stable
13.52103025,30.36243813,29.99654315,35.59807465,0.411005763,112.0484331,0,0,4.7904914e-06,0,Stable,Stable
27.47320526,27.02662872,53.07182317,38.38787269,0.946462891,187.3894304,0,0,0.0001913304,0,Stable,Stable
37.83976868,36.55788811,17.48014296,46.52466163,0.24027536,165.7634186,0,0,3.81912e-07,0,Stable,Stable
6.857138632,35.76593222,38.06775142,9.777374491,0.930101288,132.9579139,1,1,0.99970275,0,Failure Risk,Failure Risk
32.95063846,44.14712532,44.07890913,43.68927213,0.717609745,202.1294811,0,0,7.2531253e-07,0,Stable,Stable
35.97842014,30.52062382,13.87666291,30.67033312,0.211786052,220.6778579,0,0,6.4615926e-07,0,Stable,Stable
44.24133807,33.47520594,52.91998406,38.71886359,0.067246418,201.2320631,0,0,2.2259542e-06,0,Stable,Stable
29.83020028,34.28300629,48.57989695,42.03340341,0.955034275,168.9043531,0,0,3.392917e-05,0,Stable,Stable
47.23701421,26.8547292,23.4814814,36.72674229,0.746069026,100.7648967,0,0,5.7894895e-06,0,Stable,Stable
13.89415015,37.08088863,25.64145584,42.68993338,0.034629413,155.2256911,0,0,2.1884877e-07,0,Stable,Stable
46.46289146,42.53609215,47.66533691,12.26617167,0.337361086,98.37926481,0,0,9.391558e-07,0,Stable,Stable
20.64522837,27.69230609,14.63182314,14.7506553,0.999759186,125.9936707,0,0,3.1322237e-05,0,Stable,Stable
35.72347278,20.14383156,44.18803874,23.0850605,0.441714572,157.5419955,0,0,1.01726155e-05,0,Stable,Stable
12.01668135,34.24773617,48.14373497,47.82806617,0.110924683,191.7606279,0,0,1.9236833e-05,0,Stable,Stable
5.830538857,36.28964756,34.26071187,24.16354483,0.788778425,210.6350465,1,1,0.9990804,0,Failure Risk,Failure Risk
20.28041805,35.31250945,42.60123957,37.05450463,0.537486888,128.9678023,0,0,5.786508e-07,0,Stable,Stable
22.18359313,25.49276157,56.44037877,14.42664687,0.913135211,187.3894304,0,0,0.0009114541,0,Stable,Stable
29.07831874,37.33468819,46.27502907,32.87243102,0.502587102,180.6443345,0,0,1.60249e-06,0,Stable,Stable
46.01543016,21.58623902,35.10984569,41.8494898,0.811049386,110.8843296,0,0,0.0003800095,0,Stable,Stable
23.23516023,43.46970661,20.54466961,11.90854869,0.737309202,157.8557819,0,0,2.8178508e-07,0,Stable,Stable
40.03706114,40.45932635,24.1365235,8.123022351,0.032634686,173.3579524,0,0,2.6313822e-07,0,Stable,Stable
39.23607523,28.36858667,29.97044999,13.8755474,0.383118122,114.9210536,0,0,6.982284e-07,0,Stable,Stable
43.95654465,38.46427597,45.01050075,15.90178141,0.594627483,134.025838,0,0,8.6103006e-07,0,Stable,Stable
8.653450417,36.48799887,21.38794069,17.5824955,0.539324336,164.2339266,0,0,2.8534045e-05,0,Stable,Stable
15.16940445,39.59846588,48.54491107,39.37471039,0.125264669,109.9099042,0,0,6.6758876e-06,0,Stable,Stable
20.98099469,40.89863844,34.51854362,37.80283906,0.944835602,77.62889854,0,0,2.017297e-05,0,Stable,Stable
36.39356703,39.48048208,45.62353687,5.401526229,0.073481556,131.9203825,0,0,4.0517264e-07,0,Stable,Stable
35.52920002,42.21127162,27.54283217,39.64917348,0.561309914,187.2953411,0,0,2.446777e-07,0,Stable,Stable
44.43334882,43.32369019,34.12669948,26.56178525,0.116855456,168.0044902,0,0,1.4662717e-07,0,Stable,Stable
44.43931737,34.773724,32.00948986,25.34329165,0.836679576,130.3163394,0,0,6.0692423e-07,0,Stable,Stable
6.823378645,21.39165982,20.84305664,24.87278769,0.278509066,157.8713031,1,1,0.99553716,0,Failure Risk,Failure Risk
31.96290358,37.77141684,32.56158493,9.724609348,0.536119627,169.8868318,0,0,3.8020184e-07,0,Stable,Stable
14.73993875,24.12054707,23.98630671,38.97052448,0.960946538,110.2287074,0,0,0.042555276,0,Stable,Stable
47.20176344,24.56255558,30.26945059,45.94130232,0.197495725,118.4993765,0,0,3.858931e-06,0,Stable,Stable
37.72816148,32.42827009,55.8826648,44.56770428,0.912198889,240.0122413,0,0,7.390324e-05,0,Stable,Stable
17.92185185,27.41336073,20.92419136,5.75402115,0.044444265,238.3919088,0,0,1.5615559e-06,0,Stable,Stable
25.39113492,41.82178695,11.24759422,16.61826245,0.079919284,149.9660839,0,0,1.3368062e-07,0,Stable,Stable
31.98588414,27.70590127,15.78425101,39.44208692,0.27715575,161.2706701,0,0,4.772698e-07,0,Stable,Stable
23.93420935,27.34946577,38.95974702,39.13558676,0.020118179,182.594827,0,0,1.2554256e-06,0,Stable,Stable
25.70929782,39.1451022,59.1357496,9.855510852,0.691117533,130.9290432,0,0,3.335704e-05,0,Stable,Stable
27.79075034,38.08945529,14.67616482,5.242279443,0.41309463,117.3106796,0,0,2.8826832e-07,0,Stable,Stable
15.82407889,35.19760311,50.0600705,9.105238463,0.859155844,149.1952286,0,0,2.4372232e-05,0,Stable,Stable
45.30511457,36.44193584,12.34303779,27.51891319,0.665777069,171.9840442,0,0,2.2781012e-07,0,Stable,Stable
39.92627317,35.36296699,40.64964904,30.84408638,0.04248701,139.4529613,0,0,3.2162578e-07,0,Stable,Stable
20.40947638,21.5519621,10.93455941,11.43243932,0.797948752,138.3644573,0,0,2.9209827e-05,0,Stable,Stable
28.79623482,40.05859997,50.26161384,30.84233541,0.100638892,186.4380354,0,0,7.8961943e-07,0,Stable,Stable
20.3202813,37.51554325,54.72018613,45.65437936,0.44986701,123.1599328,0,0,4.724969e-06,0,Stable,Stable
22.42480357,40.70922518,11.76315091,17.11370392,0.823689249,201.7782836,0,0,6.795031e-07,0,Stable,Stable
17.18252412,22.45809168,43.52366499,27.97476365,0.554159594,116.2155555,0,0,2.3889015e-05,0,Stable,Stable
17.98998362,32.53357201,56.77280778,45.50628798,0.007613883,118.2428069,0,0,6.137469e-06,0,Stable,Stable
27.56284154,43.70517655,32.03758617,35.6211618,0.045746397,144.4198323,0,0,1.8128e-07,0,Stable,Stable
7.035333391,31.24661738,16.9301276,9.541544754,0.813244671,193.8423799,1,1,0.9861124,0,Failure Risk,Failure Risk
38.92115677,27.04463742,35.45762692,23.35175637,0.677206385,201.5490187,0,0,1.2144226e-06,0,Stable,Stable
13.81276589,21.36565722,10.7234268,14.93231484,0.155220504,113.7355627,0,0,8.747021e-05,0,Stable,Stable
35.42252023,21.0771054,55.16342972,39.30076755,0.679947626,139.3726872,0,0,0.00032151348,0,Stable,Stable
19.14416954,27.57477327,16.41386971,14.88039763,0.169368407,131.4700149,0,0,6.106428e-07,0,Stable,Stable
14.04383148,34.38994372,28.36176474,19.3016468,0.987246441,154.3972097,0,0,5.6987526e-05,0,Stable,Stable
28.82672971,43.78059364,30.85648446,32.91057985,0.141279385,104.5229232,0,0,6.260306e-07,0,Stable,Stable
40.3399261,32.21407628,19.24445978,16.82373102,0.338153376,235.3168456,0,0,4.032256e-07,0,Stable,Stable
45.25424835,24.59946244,30.84900118,46.90494142,0.270073068,85.2341009,0,0,1.0944477e-05,0,Stable,Stable
28.69320274,21.80933358,23.8488433,19.88566767,0.723637846,122.9187599,0,0,2.084172e-05,0,Stable,Stable
15.35002036,22.80275385,54.69692297,42.39287888,0.355099763,126.3084678,0,0,0.0020193935,0,Stable,Stable
48.5986701,30.30123065,30.1761726,42.33483447,0.443905006,118.8400481,0,0,5.7273354e-07,0,Stable,Stable
38.97192799,41.14011988,49.79326524,26.17785159,0.059981017,154.6762374,0,0,3.4601334e-07,0,Stable,Stable
46.78349338,29.04885179,39.57608839,31.77071091,0.657959773,145.3085888,0,0,1.5026949e-06,0,Stable,Stable
8.478207192,41.56949778,13.80150538,11.17952791,0.35096381,84.11028253,0,0,1.2858629e-06,0,Stable,Stable
41.94997375,35.04524522,43.82959947,38.07218368,0.972054966,110.2287074,0,0,0.00010899176,0,Stable,Stable
25.97856036,37.07454981,10.97676735,23.09605041,0.139172101,226.5600162,0,0,1.5005052e-07,0,Stable,Stable
13.39299556,34.92070553,36.57630378,23.89186601,0.79129491,215.8412488,0,0,3.2302887e-06,0,Stable,Stable
7.512719939,44.85922441,31.16051276,15.67368907,0.896728193,125.0560151,0,0,0.0062926835,0,Stable,Stable
13.36834508,39.95713192,40.17856761,19.55181308,0.348922855,125.9936707,0,0,3.5461596e-07,0,Stable,Stable
25.23764348,43.3073144,35.43038997,11.99167193,0.753815739,185.162275,0,0,5.195231e-07,0,Stable,Stable
37.03566841,27.52565218,11.59992593,33.58675871,0.348383743,131.075588,0,0,6.1993967e-07,0,Stable,Stable
33.2479731,39.98312918,56.97702255,31.44364316,0.699744915,167.7354079,0,0,2.6576903e-05,0,Stable,Stable
40.91995317,21.70515587,19.24432485,24.74565284,0.964491892,151.454727,0,0,0.00011345368,0,Stable,Stable
41.25937246,29.75783031,51.06853013,12.54689983,0.482385251,216.5095709,0,0,9.1772745e-06,0,Stable,Stable
24.74429993,25.59430729,35.40403871,15.13768958,0.460585225,109.0806452,0,0,3.3458061e-06,0,Stable,Stable
36.71762889,40.0572577,32.63599802,23.60068882,0.016117829,236.5701277,0,0,1.6073663e-07,0,Stable,Stable
27.32134524,43.6758947,54.44259289,9.867343113,0.915805614,169.6674261,0,0,4.3487787e-05,0,Stable,Stable
25.1394006,25.0087341,33.60900224,13.30828445,0.549062722,104.1847692,0,0,6.265811e-06,0,Stable,Stable
31.37073699,31.41572473,44.95740321,28.30477641,0.007950083,114.1737291,0,0,1.3380628e-06,0,Stable,Stable
39.8377175,33.05432011,16.30305209,20.58603225,0.065206964,126.0766535,0,0,1.3246346e-07,0,Stable,Stable
24.50151269,25.82480131,24.30019084,37.99097108,0.249700515,154.6762374,0,0,9.576005e-07,0,Stable,Stable
28.50679688,39.27518597,28.72380017,39.3876962,0.90194601,157.9125125,0,0,2.6341065e-06,0,Stable,Stable
32.79832253,42.66115796,22.35254096,23.51090378,0.564477251,171.1672323,0,0,1.5532946e-07,0,Stable,Stable
38.46815667,23.79608614,33.96425523,33.02234567,0.948087196,168.7122391,0,0,0.00014673824,0,Stable,Stable
25.03826476,44.2285405,49.44977268,33.32033794,0.222065079,116.7213824,0,0,5.5316184e-07,0,Stable,Stable
13.40603785,34.48811085,42.5099023,5.705385281,0.273203825,202.618598,0,0,2.813919e-06,0,Stable,Stable
45.08000042,44.07660282,47.46357428,23.6858211,0.6737642,186.2036131,0,0,1.1295541e-06,0,Stable,Stable
42.90605545,35.85993149,35.54150561,35.36454077,0.049781556,189.7438808,0,0,4.1029247e-07,0,Stable,Stable
44.92138994,31.65642318,35.12501225,41.51679911,0.22427428,131.4750453,0,0,2.946865e-07,0,Stable,Stable
35.51271696,20.55234368,33.83352481,10.79020134,0.032269309,152.2847586,0,0,6.65559e-06,0,Stable,Stable
42.57634826,38.33459898,57.64531348,20.28882329,0.542250951,168.3232186,0,0,2.0165604e-05,0,Stable,Stable
8.623245137,42.88628422,17.46745327,9.03357183,0.779997569,180.8191217,0,0,1.8416722e-05,0,Stable,Stable
10.03101671,29.8006764,57.39931096,10.49260765,0.609302076,205.7991803,1,1,0.9994355,0,Failure Risk,Failure Risk
17.85791429,23.97097869,20.25421123,16.23901425,0.610475981,154.1330861,0,0,4.6642785e-06,0,Stable,Stable
33.74145927,44.90192289,14.64351419,18.96125007,0.655937218,133.9882292,0,0,1.2759422e-07,0,Stable,Stable
31.16026476,26.96462932,21.1402884,29.7786206,0.230009279,119.7235373,0,0,9.707686e-07,0,Stable,Stable
15.69295479,30.11988515,50.72835327,34.44644145,0.668202981,135.9614914,0,0,8.0184145e-06,0,Stable,Stable
8.988483864,44.93361373,55.20178699,35.62676801,0.235758237,188.9469817,0,0,0.0016427555,0,Stable,Stable
20.06345893,28.79544789,51.7160356,39.15514568,0.705450526,171.1672323,0,0,1.0848553e-05,0,Stable,Stable
18.6999552,24.75023237,18.66462432,26.70251123,0.662048255,86.92535346,0,0,8.084811e-06,0,Stable,Stable
32.45803593,37.65948025,40.01173849,39.65860837,0.0646637,223.2409682,0,0,4.193343e-07,0,Stable,Stable
49.58606102,25.6182911,57.01982163,25.26871274,0.655005076,117.0755496,0,0,0.0002319229,0,Stable,Stable
12.76033279,34.08472326,44.38004415,33.36763376,0.128731112,250.6924155,0,0,4.670318e-06,0,Stable,Stable
46.29349359,38.98033538,31.21905395,43.96022534,0.08990451,77.04345871,0,0,5.817794e-07,0,Stable,Stable
17.25730607,21.89634464,38.47813703,45.863107,0.163060657,248.4032796,0,0,2.5638783e-05,0,Stable,Stable
11.76556436,43.71525424,20.24497176,44.25671448,0.530277972,113.3296348,0,0,2.7501192e-06,0,Stable,Stable
37.50950404,37.2223277,40.96216102,31.75060571,0.384767657,190.5424489,0,0,7.852055e-07,0,Stable,Stable
30.10769336,33.00796521,34.5712915,38.18944391,0.571157452,154.3972097,0,0,3.2498593e-07,0,Stable,Stable
49.90029745,43.18653201,29.65468059,16.45772076,0.604600542,186.4380354,0,0,3.3341024e-07,0,Stable,Stable
13.63445209,41.42794877,15.08511418,22.62002106,0.927869112,180.3804102,0,0,7.2997686e-06,0,Stable,Stable
30.4257996,43.81866502,16.31840507,22.2134378,0.864145199,117.8604323,0,0,1.9945433e-06,0,Stable,Stable
7.45428473,31.41133508,29.49637809,43.95280902,0.347996752,236.4996903,0,0,0.2515,0,Stable,Stable
45.31256045,35.74502769,29.38791551,43.27534835,0.237323246,172.6903424,0,0,2.5090034e-07,0,Stable,Stable
9.81165211,26.00934885,33.80027399,13.13063097,0.593290195,215.8412488,1,1,0.9851209,0,Failure Risk,Failure Risk
16.25255413,38.95346154,13.98499617,24.59151198,0.22313473,202.9671139,0,0,1.3867391e-07,0,Stable,Stable
24.19487844,36.32839432,27.22475084,13.87996311,0.04078368,128.920543,0,0,1.7612871e-07,0,Stable,Stable
22.60745849,31.50179985,23.32312159,26.86043337,0.56763494,122.5120442,0,0,3.6897302e-07,0,Stable,Stable
42.59926757,42.85000093,20.11621807,46.22997191,0.03412994,200.2691046,0,0,4.41378e-07,0,Stable,Stable
6.071271947,33.62138143,11.34849392,49.09723458,0.048382659,107.6316687,0,0,0.0486457,0,Stable,Stable
33.2682172,23.15274953,38.3486222,21.46066333,0.768222024,145.5633371,0,0,2.4075962e-05,0,Stable,Stable
18.38046864,44.92027351,10.62292059,23.48112391,0.28734518,114.1737291,0,0,3.2697525e-07,0,Stable,Stable
22.6120142,42.09981375,16.1156742,32.81378527,0.014124829,74.80212018,0,0,5.665449e-07,0,Stable,Stable
24.71550562,20.13925014,38.67355339,34.58387979,0.854882903,187.2110391,0,0,0.000250923,0,Stable,Stable
47.74097091,22.11624837,28.6479471,41.2127867,0.395523073,144.4198323,0,0,6.4271785e-06,0,Stable,Stable
7.049757018,21.81527131,38.63832292,30.09676281,0.154577606,188.9469817,1,1,0.99975556,0,Failure Risk,Failure Risk
6.44969122,32.49232296,49.67423077,21.94815038,0.728215059,139.4044448,1,1,0.9999734,0,Failure Risk,Failure Risk
44.32188993,36.80684135,19.63610252,32.31499925,0.714828465,188.5210422,0,0,3.751357e-07,0,Stable,Stable
14.48095627,37.71576745,39.28231635,11.82616417,0.461652997,125.7672706,0,0,1.4981833e-06,0,Stable,Stable
44.08826767,27.41990351,47.77667672,41.84790948,0.530125027,114.7996424,0,0,3.0669987e-06,0,Stable,Stable
9.106017859,44.40679001,22.29320564,33.1161866,0.871109706,110.5644587,0,0,0.0020374293,0,Stable,Stable
37.80651843,20.82156814,54.78135656,29.89128755,0.432430643,107.7324716,0,0,0.0004569721,0,Stable,Stable
22.93886008,28.67108261,11.73688913,45.39921006,0.457856808,92.24441931,0,0,3.4730608e-06,0,Stable,Stable
31.66188821,24.08815522,37.85521724,30.71671311,0.629813664,187.9901423,0,0,2.4923625e-05,0,Stable,Stable
30.25739817,26.66274593,29.64297215,30.76646227,0.53706516,129.2112876,0,0,7.481081e-07,0,Stable,Stable
39.40536731,35.52416069,40.63161039,34.23869144,0.909671813,172.8397608,0,0,1.0328149e-05,0,Stable,Stable
14.66391496,42.18712967,42.85730578,40.31545968,0.0353789,208.3207111,0,0,1.0589647e-06,0,Stable,Stable
25.26755344,31.64831958,31.74589401,25.72150255,0.284078184,115.5787239,0,0,4.432323e-07,0,Stable,Stable
48.24128442,30.45506961,37.63511111,38.02423644,0.902201725,236.8464171,0,0,1.0958734e-05,0,Stable,Stable
29.49065409,39.12223822,29.33311265,28.53601912,0.829710336,195.7889789,0,0,9.824722e-07,0,Stable,Stable
24.77517005,26.87477824,25.68503629,20.18657831,0.832673807,214.8196835,0,0,2.3064663e-06,0,Stable,Stable
35.86681493,21.98559249,27.65732963,12.00450386,0.523361429,107.9663096,0,0,3.4334436e-05,0,Stable,Stable
29.39159235,44.14316559,14.33646578,21.8302527,0.96121893,88.45078989,0,0,1.794547e-05,0,Stable,Stable
29.18109872,31.30401881,30.99801061,9.540875194,0.322242845,196.0040771,0,0,8.7615956e-07,0,Stable,Stable
27.79255405,43.98337921,13.3141786,14.80588798,0.184105706,77.42160311,0,0,4.377941e-07,0,Stable,Stable
10.00914447,24.57808649,43.60125111,18.95838698,0.42805286,226.4257329,1,1,0.95368356,0,Failure Risk,Failure Risk
8.814176297,31.31067216,14.42439318,36.7309497,0.476150823,97.79564569,0,0,0.005281697,0,Stable,Stable
18.76111621,36.10236734,24.97275531,25.93060064,0.884039225,175.0734211,0,0,2.5193956e-06,0,Stable,Stable
23.0098593,38.61417988,15.47448542,22.18853448,0.532313141,156.5024792,0,0,9.628966e-08,0,Stable,Stable
6.952851237,28.98678941,56.59355556,12.43669166,0.876887295,76.5788708,1,1,0.99999404,0,Failure Risk,Failure Risk
18.80771588,22.77228808,29.8141678,21.30112537,0.963324555,193.8423799,0,0,0.0001154187,0,Stable,Stable
26.93482132,37.9137267,44.91299317,7.763231482,0.827558706,263.672355,0,0,6.413427e-06,0,Stable,Stable
20.61626114,41.1837507,14.38901309,16.17496478,0.052878959,217.8971938,0,0,3.4213159e-07,0,Stable,Stable
19.38281565,36.30164549,34.13035403,45.63064565,0.700413016,227.7935918,0,0,9.895019e-07,0,Stable,Stable
8.04530915,38.10736268,39.42121748,10.98179315,0.961771668,207.7295277,1,1,0.94959617,0,Failure Risk,Failure Risk
10.85852071,30.93913313,58.6113299,47.23034377,0.243120526,185.3984943,0,0,0.025371134,0,Stable,Stable
14.3900431,43.07289359,30.80683491,47.89606134,0.783316798,124.4604773,0,0,5.8397122e-06,0,Stable,Stable
28.11437023,42.05289218,14.77336504,22.66391366,0.456136553,121.2524466,0,0,1.5392885e-07,0,Stable,Stable
28.22228701,28.52104638,54.4520583,6.832390072,0.560161288,178.0221657,0,0,2.8381255e-05,0,Stable,Stable
39.41815519,41.27758615,55.23016868,15.06409632,0.885894331,166.7775365,0,0,4.9371207e-05,0,Stable,Stable
47.64432439,27.03196125,56.58450322,16.32369847,0.689617036,105.5932015,0,0,0.00018259611,0,Stable,Stable
19.43439863,35.19635378,15.07286903,10.87862922,0.20855933,121.429969,0,0,2.6639418e-07,0,Stable,Stable
46.59935413,31.17345093,37.65417257,37.12042967,0.448787959,121.8869437,0,0,1.0523835e-06,0,Stable,Stable
28.14469155,36.27697439,39.0986679,34.45179758,0.555820482,212.3890501,0,0,1.0381349e-06,0,Stable,Stable
18.70609762,20.3843906,15.24255822,34.47046122,0.439453403,164.874353,0,0,1.0205616e-05,0,Stable,Stable
24.63302117,23.99822596,50.76038139,28.19170017,0.549431596,124.7764812,0,0,2.414683e-05,0,Stable,Stable
31.98380648,36.63374081,46.98848158,10.71739505,0.846238048,187.2953411,0,0,1.1572183e-05,0,Stable,Stable
20.42331861,33.43291738,40.30239746,45.08775113,0.825145712,155.983082,0,0,3.5783385e-06,0,Stable,Stable
27.22095031,37.09946692,25.91115376,25.33845134,0.893762177,230.9779366,0,0,2.6188948e-06,0,Stable,Stable
31.16232029,31.09971567,32.94698305,8.08215786,0.534503177,108.2671764,0,0,1.5073093e-06,0,Stable,Stable
31.88071854,23.4195836,34.58588221,21.44514275,0.362690595,108.3119378,0,0,1.6994853e-05,0,Stable,Stable
31.77357608,43.85597158,30.76571199,8.867263608,0.982799159,165.1021209,0,0,7.607928e-06,0,Stable,Stable
13.47776453,24.55169031,59.41522838,21.96446807,0.009960531,104.288435,0,0,0.009215098,0,Stable,Stable
44.43584509,41.41353052,28.02425541,18.36056513,0.068897361,123.1599328,0,0,1.196404e-07,0,Stable,Stable
10.74160577,33.96782381,41.5315303,30.56218309,0.602279132,144.4310813,0,0,0.00054785307,0,Stable,Stable
33.06840105,26.60862794,27.37693866,44.44522258,0.733444186,222.7218692,0,0,2.5316863e-06,0,Stable,Stable
17.27005956,29.50232364,11.33794532,31.5141683,0.774649372,174.4389295,0,0,1.7418317e-06,0,Stable,Stable
21.86835228,25.87184253,11.29691781,40.44287074,0.089803802,202.9671139,0,0,1.7002124e-06,0,Stable,Stable
5.261169598,44.82412505,37.12937512,44.22433466,0.313540985,167.1511956,0,0,0.076261446,0,Stable,Stable
40.52000671,36.59122474,59.13049535,47.78513262,0.012231624,128.3448644,0,0,1.16277615e-05,0,Stable,Stable
36.80124712,31.88137257,50.21651198,35.36024734,0.284564178,106.5085874,0,0,2.5142112e-06,0,Stable,Stable
29.54696666,38.07437984,59.13274147,12.90302449,0.939315784,135.6370418,0,0,0.00037179937,0,Stable,Stable
41.65285857,36.06627083,22.69026685,20.34942136,0.974420106,226.5076884,0,0,4.767385e-06,0,Stable,Stable
39.57642467,36.37258831,28.9791626,19.00766128,0.269035628,140.6880857,0,0,7.653022e-08,0,Stable,Stable
38.67434605,40.74214279,31.25373324,13.83461529,0.86757551,118.5266217,0,0,4.9478626e-06,0,Stable,Stable
7.890586163,27.05006424,47.28243418,25.5063718,0.775907948,110.7899504,1,1,0.999992,0,Failure Risk,Failure Risk
13.40358281,38.13539077,27.29346459,25.66663079,0.164941381,132.8948055,0,0,1.4042166e-07,0,Stable,Stable
8.274306931,38.31991799,29.69331114,43.24794634,0.326743992,131.5061005,0,0,1.3750341e-05,0,Stable,Stable
12.2421655,30.72808294,25.83635219,37.38889524,0.015922517,118.5266217,0,0,3.1896573e-06,0,Stable,Stable
28.19961473,34.22000872,19.15987976,43.9752719,0.882438775,88.37928941,0,0,1.8820561e-05,0,Stable,Stable
22.38870028,38.83191818,13.16924481,31.4764694,0.550798927,154.8657901,0,0,2.1262488e-07,0,Stable,Stable
15.08775245,26.92474454,47.87958504,35.09313279,0.031337776,140.4506851,0,0,4.7272993e-06,0,Stable,Stable
44.20341709,23.65386706,43.24742832,24.98519275,0.381724323,119.7235373,0,0,8.8833085e-06,0,Stable,Stable
48.29339201,20.61050257,52.5618583,39.32282418,0.710416685,176.1125932,0,0,0.0002200891,0,Stable,Stable
15.18488779,26.87397776,49.04910684,47.80007229,0.646537574,128.1045427,0,0,3.0311254e-05,0,Stable,Stable
41.03117604,32.43409801,58.08429976,26.10624033,0.200119639,142.9448887,0,0,8.520467e-06,0,Stable,Stable
41.33169229,23.82489467,17.13538346,25.85866591,0.082430277,147.8693579,0,0,2.1266515e-06,0,Stable,Stable
36.58380921,29.41790385,15.89307462,14.72452689,0.861664969,156.2501273,0,0,5.766176e-06,0,Stable,Stable
17.33782359,30.42355041,20.98232154,18.51574112,0.165670354,120.2469444,0,0,2.1854197e-07,0,Stable,Stable
6.280582633,34.95114556,18.71010168,49.580419,0.661094799,139.3726872,1,1,0.9211212,0,Failure Risk,Failure Risk
14.2874034,22.97040618,22.99696451,29.23931526,0.796813834,85.2341009,0,0,0.055858072,0,Stable,Stable
37.20376562,29.51802203,34.52716543,5.08385234,0.461253025,145.0956989,0,0,5.4374874e-07,0,Stable,Stable
14.60059586,20.17476963,53.46087661,15.93760513,0.480160975,130.3163394,0,0,0.0054145725,0,Stable,Stable
33.38508799,25.88617064,56.89694699,27.03505954,0.760599766,229.9052327,0,0,0.0005218245,0,Stable,Stable
37.48339222,36.61648534,37.93392383,33.08356796,0.610011742,152.0438826,0,0,5.3304e-07,0,Stable,Stable
38.88268698,25.24639501,48.37546235,17.9074315,0.244352893,182.299162,0,0,1.0725489e-05,0,Stable,Stable
26.83639646,35.78114302,21.58058402,39.54299908,0.661115759,194.0801292,0,0,4.3782086e-07,0,Stable,Stable
10.10995447,29.39251936,28.06083094,10.01224543,0.373196849,165.7634186,0,0,0.00057494454,0,Stable,Stable
7.50373967,21.4784853,38.87558214,34.54206226,0.648467889,136.9139595,1,1,0.99999344,0,Failure Risk,Failure Risk
19.32244458,40.2151063,43.78223179,40.83802995,0.999768965,136.7744929,0,0,1.3480378e-05,0,Stable,Stable
37.20544161,38.35189789,13.80469865,13.25398336,0.16024228,190.5666849,0,0,3.344596e-07,0,Stable,Stable
20.60420324,39.34746672,59.1458558,45.40376778,0.655419875,143.5469423,0,0,2.4210214e-05,0,Stable,Stable
8.710613509,40.10896278,22.93082448,46.6528513,0.111091887,223.8248139,0,0,4.5797683e-06,0,Stable,Stable
45.63504883,30.5107239,23.97275777,30.61741942,0.134523759,138.8657329,0,0,2.9034504e-07,0,Stable,Stable
10.45123582,42.60351872,55.78758695,9.624224095,0.604817382,216.5415113,0,0,0.002779817,0,Stable,Stable
16.09150593,44.32178312,18.12952779,15.61162063,0.162693543,143.7857255,0,0,1.6456096e-07,0,Stable,Stable
16.32917239,25.95217955,56.74319371,43.53421631,0.415761692,139.3040917,0,0,3.3437296e-05,0,Stable,Stable
42.22340214,38.82657616,16.50842723,48.38972939,0.291068596,157.330364,0,0,3.0346754e-07,0,Stable,Stable
21.15818506,33.4838604,50.93074709,40.02722591,0.931790804,118.0676255,0,0,3.4626064e-05,0,Stable,Stable
32.31628945,29.28867488,29.53724711,27.17737131,0.564854456,198.4300551,0,0,6.2166134e-07,0,Stable,Stable
7.927068098,33.68453084,44.95829614,42.7078208,0.903127266,109.9099042,1,1,0.99985325,0,Failure Risk,Failure Risk
33.98924668,36.86419128,44.71272815,20.3509297,0.198527634,143.0188036,0,0,2.4778745e-07,0,Stable,Stable
36.4395641,27.84152273,31.89091483,39.54276698,0.616683185,151.4612829,0,0,6.70516e-07,0,Stable,Stable
29.7910688,36.74785047,52.93839257,9.196792018,0.946384585,110.2869925,0,0,0.00013520017,0,Stable,Stable
8.270775995,26.79128299,26.55796231,44.66132363,0.350840677,181.2341198,1,1,0.9290919,0,Failure Risk,Failure Risk
32.57846483,36.75266989,37.39488008,25.58425909,0.499577878,155.0554971,0,0,1.8281507e-07,0,Stable,Stable
6.236833767,31.61183155,58.14908888,26.64292202,0.030618053,202.9671139,1,1,0.99881977,0,Failure Risk,Failure Risk
21.6198576,28.60193594,45.29631333,26.87586564,0.314884964,113.7355627,0,0,1.293708e-06,0,Stable,Stable
20.34123841,20.06238634,12.32155523,31.61338239,0.852971681,100.7648967,0,0,0.00081152795,0,Stable,Stable
40.23447608,36.822559,41.69397341,26.10984009,0.155023456,137.7575245,0,0,1.5167542e-07,0,Stable,Stable
33.9261579,22.97513477,41.97823903,39.43534241,0.793847739,147.9138403,0,0,4.869786e-05,0,Stable,Stable
6.700233563,40.63037487,18.48471542,23.25167286,0.774847821,97.02373839,0,0,0.0049483213,0,Stable,Stable
17.20708639,22.93510156,23.32091855,21.39315608,0.213527931,104.4964646,0,0,1.1984169e-05,0,Stable,Stable
43.77982279,29.41763006,19.78405249,27.82574694,0.738446454,127.017655,0,0,6.838431e-07,0,Stable,Stable
33.26375645,25.53751953,50.72807781,16.90786349,0.695440169,161.0217288,0,0,1.5975911e-05,0,Stable,Stable
45.42031369,42.7992145,20.37974894,14.02314578,0.557799756,203.093917,0,0,4.066828e-07,0,Stable,Stable
44.36158929,25.57297154,27.77841775,44.0642961,0.433589418,154.5999183,0,0,6.93633e-07,0,Stable,Stable
8.494156191,34.31035945,20.90640198,15.7376204,0.336209012,120.9315325,0,0,1.5239578e-05,0,Stable,Stable
30.08832191,42.54113558,11.51968969,31.22784239,0.45754255,121.2524466,0,0,3.009693e-07,0,Stable,Stable
30.72378755,41.70990524,13.23838765,46.33756483,0.241543457,168.8796588,0,0,3.591723e-07,0,Stable,Stable
32.41501982,33.95271103,26.01425006,44.5438735,0.161479527,171.2424133,0,0,3.8282184e-07,0,Stable,Stable
7.416373457,43.52862368,32.97836544,45.82444327,0.125957635,129.2112876,0,0,1.5438343e-05,0,Stable,Stable
24.42725983,34.9032847,46.84827774,24.45115649,0.769920054,136.7744929,0,0,3.0926162e-06,0,Stable,Stable
48.58762169,35.89348394,20.02485353,36.02704648,0.305334662,172.2781998,0,0,2.9012057e-07,0,Stable,Stable
41.63307293,36.6952143,44.29906796,40.09415711,0.245150597,154.8657901,0,0,2.649975e-07,0,Stable,Stable
36.56740553,39.37476624,44.08137654,35.47227783,0.768317491,248.4032796,0,0,2.1158103e-06,0,Stable,Stable
47.00627564,30.39103917,44.75786236,32.33366601,0.388352936,248.4032796,0,0,2.8462553e-06,0,Stable,Stable
49.85301966,27.68137453,33.05641747,35.19475601,0.349645692,132.7127519,0,0,5.923517e-07,0,Stable,Stable
8.779527563,31.79943007,33.29874291,14.58053785,0.24405456,128.48438,0,0,0.0025994391,0,Stable,Stable
18.15482821,28.69524124,21.47339603,14.44484488,0.494941,137.3310191,0,0,4.953798e-07,0,Stable,Stable
38.21863538,21.52584296,32.99226062,48.97426087,0.58502468,127.908712,0,0,4.227502e-05,0,Stable,Stable
27.28272165,37.99314589,29.15772794,13.26827139,0.707317072,109.4566845,0,0,1.0121666e-06,0,Stable,Stable
5.782493432,27.01261271,15.13536503,42.17629941,0.345876057,92.45077198,1,1,0.97128177,0,Failure Risk,Failure Risk
7.300923715,39.99197008,30.51180081,12.26733322,0.448579673,125.8530725,0,0,0.00079200347,0,Stable,Stable
11.81669509,30.41314122,14.92301227,17.20914857,0.392286262,129.6979245,0,0,1.5042234e-06,0,Stable,Stable
46.59069654,43.24216131,11.06040253,35.10076994,0.527496571,157.2902556,0,0,2.2171504e-07,0,Stable,Stable
21.42727943,36.33681307,19.37763436,49.96206987,0.525612767,131.1879445,0,0,3.9676337e-07,0,Stable,Stable
46.58665771,39.07974677,49.63684971,42.2813948,0.900561435,178.9115994,0,0,1.7886983e-05,0,Stable,Stable
37.70332544,34.35887676,10.04073087,22.33762853,0.79764791,77.04345871,0,0,2.5706129e-06,0,Stable,Stable
13.52064756,24.88756475,45.44147219,31.22325191,0.056973427,181.2341198,0,0,0.00014505589,0,Stable,Stable
32.59775061,41.04901703,44.78615151,33.80607156,0.856265772,168.6563083,0,0,9.768165e-06,0,Stable,Stable
22.43000394,38.51884503,35.94471175,34.74135058,0.74564179,152.7123333,0,0,4.169254e-07,0,Stable,Stable
10.65257166,26.80635898,58.08893443,49.94372802,0.970259187,148.7015064,1,1,0.998533,0,Failure Risk,Failure Risk
39.27566102,43.7491522,47.3122926,36.28308859,0.819391498,143.5469423,0,0,3.241154e-06,0,Stable,Stable
36.71581263,21.5744477,56.16384199,37.59221573,0.556956991,153.4502953,0,0,0.00043781265,0,Stable,Stable
36.8055727,25.70187349,52.49696554,25.76575081,0.070395599,108.0289896,0,0,7.927047e-06,0,Stable,Stable
37.03469384,22.37222938,14.95389323,32.40409191,0.343166652,201.5490187,0,0,1.0306936e-05,0,Stable,Stable
7.977592478,40.35447242,49.55051891,49.28687444,0.910442523,206.6764173,1,1,0.68682057,0,Failure Risk,Failure Risk
15.7065873,37.06123966,45.95946738,40.63922745,0.192387023,108.022614,0,0,1.0744403e-06,0,Stable,Stable
14.89103204,42.27293201,58.25239499,8.340166914,0.905311148,198.4300551,0,0,0.0044918694,0,Stable,Stable
12.38976312,38.30735665,44.98493319,29.01685135,0.671553661,111.0590828,0,0,5.0204966e-05,0,Stable,Stable
45.56299736,26.21394268,21.344817,18.87220622,0.312834076,123.640252,0,0,6.675008e-07,0,Stable,Stable
39.38056815,40.60830844,10.51807735,29.94938709,0.398633971,206.1642828,0,0,3.20079e-07,0,Stable,Stable
9.044522605,41.52104008,51.48475325,15.94814346,0.954681984,206.80249,1,0,0.09806144,1,Failure Risk,Stable
22.64575347,37.33965206,40.9716125,41.08906576,0.835443868,178.8316557,0,0,1.843844e-06,0,Stable,Stable
14.77658302,33.83822405,44.55286821,49.86328308,0.760134605,193.1474904,0,0,1.7859882e-05,0,Stable,Stable
39.74686272,27.1151803,24.90184304,44.88041203,0.013751076,158.3543702,0,0,1.1413516e-06,0,Stable,Stable
19.30726984,27.7590844,53.16785648,39.19315248,0.250214395,139.9663496,0,0,2.7449441e-06,0,Stable,Stable
28.70373874,31.32834622,16.00687596,22.60691049,0.090783846,177.6997132,0,0,2.4798626e-07,0,Stable,Stable
34.66084607,23.2395542,35.66095446,17.49612963,0.436091404,175.9293828,0,0,2.0746811e-05,0,Stable,Stable
10.24450745,30.25714277,15.80691498,28.99345237,0.752171105,157.9440796,0,0,0.00072858937,0,Stable,Stable
12.89801536,29.46179412,42.35652302,30.0057208,0.84202656,161.3377078,0,0,0.0017152439,0,Stable,Stable
6.582232098,26.90568284,56.13006218,11.44650605,0.8089249,109.2136338,1,1,0.9999956,0,Failure Risk,Failure Risk
26.61201165,20.83359245,54.07356949,24.20257661,0.498745023,178.0686106,0,0,0.00017757592,0,Stable,Stable
9.196021365,22.54192241,11.58328065,36.00348119,0.44344354,181.9328809,0,0,0.23775493,0,Stable,Stable
9.45753954,37.88367553,49.10338976,12.82458571,0.286214236,207.1600031,0,0,0.00015247292,0,Stable,Stable
31.18060691,43.78902131,25.2541426,42.08738179,0.533161063,106.1496354,0,0,8.6019537e-07,0,Stable,Stable
42.00635812,35.61393756,53.8473711,31.48066053,0.182945403,187.2110391,0,0,1.915399e-06,0,Stable,Stable
23.66738024,44.13898046,30.36298791,36.30166119,0.564905181,229.5666962,0,0,3.9264685e-07,0,Stable,Stable
18.88734567,21.94463001,22.94780462,27.45881112,0.033136206,128.9277163,0,0,3.2999114e-06,0,Stable,Stable
14.664173,29.87613547,54.2631287,35.10850313,0.342449876,145.4799758,0,0,2.9291392e-05,0,Stable,Stable
41.40172882,39.22822254,19.89103446,12.22705307,0.606542609,134.2642842,0,0,2.5474478e-07,0,Stable,Stable
36.020247,30.35001707,22.99000078,27.54866986,0.258299839,98.37926481,0,0,8.927529e-07,0,Stable,Stable
41.78664208,21.6610408,31.99823651,26.60112016,0.1070328,284.2025172,0,0,8.054828e-06,0,Stable,Stable
20.5511393,29.08007362,15.1326491,11.01626567,0.869893176,225.8763821,0,0,7.663913e-06,0,Stable,Stable
16.46565601,21.39869866,32.61519519,36.64559239,0.675021374,166.398984,0,0,3.832365e-05,0,Stable,Stable
12.90269904,29.95775143,28.38085074,29.17796838,0.261501725,157.3873092,0,0,1.1993336e-06,0,Stable,Stable
19.31596391,28.11126634,13.83407186,41.03576566,0.806134925,284.2025172,0,0,2.3692512e-06,0,Stable,Stable
35.13753535,27.47988765,36.74970722,32.34826966,0.466315219,117.436342,0,0,1.6438323e-06,0,Stable,Stable
10.07140372,21.99748502,30.53666599,39.36172386,0.638026946,157.330364,1,1,0.9849376,0,Failure Risk,Failure Risk
33.09912172,22.44257419,25.85676624,41.0839958,0.597014751,188.9469817,0,0,3.9554758e-05,0,Stable,Stable
8.101971596,21.38471336,21.93029439,11.91291716,0.491271403,154.9486673,1,1,0.999035,0,Failure Risk,Failure Risk
15.01384021,44.37436407,48.9136747,41.41588176,0.0294512,138.0481322,0,0,8.026594e-07,0,Stable,Stable
16.61711754,30.94965054,38.05193626,19.04048221,0.332716543,211.4661683,0,0,5.411229e-07,0,Stable,Stable
39.43355913,21.72308053,16.6899669,12.25319294,0.472031571,106.5085874,0,0,2.6545013e-05,0,Stable,Stable
21.37037232,41.98252616,37.58430997,35.58525202,0.498965288,109.4566845,0,0,1.3522999e-06,0,Stable,Stable
26.44808722,32.05223361,39.3928208,14.16440005,0.418678136,183.8325614,0,0,1.1317214e-06,0,Stable,Stable
15.25103401,36.15658443,20.6160767,49.52545312,0.047772265,209.7591391,0,0,1.3904339e-06,0,Stable,Stable
34.09407945,24.05329863,55.65922813,42.2652965,0.684657056,237.8984993,0,0,0.00023522104,0,Stable,Stable
49.06189579,42.74677185,42.37831829,33.13287537,0.960657328,250.625832,0,0,1.3072253e-05,0,Stable,Stable
5.273938894,25.88270995,21.82482398,46.67159011,0.327101762,146.8861784,1,1,0.9985688,0,Failure Risk,Failure Risk
32.39099422,36.86259447,21.64849602,5.252776205,0.84643937,74.01855593,0,0,6.16209e-06,0,Stable,Stable
24.24618091,44.14089572,55.67551577,15.66930013,0.342716901,107.7758321,0,0,4.5012043e-06,0,Stable,Stable
43.47126314,32.14971236,11.2753799,26.5132357,0.941601939,166.7775365,0,0,3.1708682e-06,0,Stable,Stable
39.29769975,37.99849111,36.10507041,20.89864913,0.347483054,215.3410415,0,0,1.7905715e-07,0,Stable,Stable
22.2579061,28.77125864,14.39722124,22.11663182,0.290053879,139.0582512,0,0,1.5042562e-07,0,Stable,Stable
43.37284844,20.54579691,40.70313392,39.73969381,0.964602132,126.0766535,0,0,0.0005288404,0,Stable,Stable
24.46891163,41.98171565,41.4085573,47.49138808,0.232002584,200.0708656,0,0,7.775014e-07,0,Stable,Stable
20.92576218,32.68685887,12.83378327,9.24460145,0.007047613,106.6615899,0,0,5.2194855e-07,0,Stable,Stable
6.204676357,41.67537696,49.48884537,23.23435377,0.954162729,138.8105184,1,1,0.9858919,0,Failure Risk,Failure Risk
39.26073453,25.20832144,59.80368944,40.03546214,0.77514501,126.3509196,0,0,0.0009021677,0,Stable,Stable
16.9021793,33.43720382,14.94247646,10.97773956,0.954665539,128.1181812,0,0,7.889331e-06,0,Stable,Stable
39.44444975,35.77282316,22.65511276,26.75024402,0.284227048,152.52991,0,0,1.06043764e-07,0,Stable,Stable
5.349184175,33.95721866,56.78448911,14.6628357,0.166874635,225.7653128,1,1,0.994534,0,Failure Risk,Failure Risk
46.24107569,38.27152058,18.34561064,28.20120486,0.886532593,134.025838,0,0,2.6950966e-06,0,Stable,Stable
35.59265419,34.32676646,36.50410671,5.781918365,0.843436015,159.6880484,0,0,2.7578674e-06,0,Stable,Stable
36.33185639,32.93535472,24.92291973,24.410722,0.738717883,127.8020608,0,0,2.5359438e-07,0,Stable,Stable
14.62702023,41.06567997,33.06427881,31.09688558,0.532044397,103.445239,0,0,9.656343e-06,0,Stable,Stable
41.13184286,25.22961482,34.67367208,8.556852983,0.844200991,167.8334591,0,0,8.860684e-06,0,Stable,Stable
31.18746387,43.91587534,41.03261185,44.29980288,0.382429973,176.1125932,0,0,5.7982857e-07,0,Stable,Stable
23.42618338,39.40918654,28.91096084,9.118849644,0.979276548,157.4453208,0,0,6.9638763e-06,0,Stable,Stable
10.58435942,25.43732957,21.16948342,25.78063943,0.278916659,150.0244947,0,0,0.00038690233,0,Stable,Stable
21.48138527,32.79487486,48.23131388,40.13509095,0.861500096,113.2780681,0,0,5.1927498e-05,0,Stable,Stable
47.3142269,36.74370294,21.53429217,12.02984874,0.701329542,128.9204439,0,0,2.7560162e-07,0,Stable,Stable
28.26566257,44.06604157,10.79153082,44.50689006,0.18113536,114.8409196,0,0,4.7412505e-07,0,Stable,Stable
44.26342326,38.44568318,31.55668391,45.36908423,0.881938246,121.002296,0,0,9.663464e-06,0,Stable,Stable
32.67203801,30.42267413,29.47174832,12.05717438,0.592699555,208.0906412,0,0,1.5014531e-06,0,Stable,Stable
32.32700015,36.58201592,20.94892255,13.13020077,0.736641787,157.8777258,0,0,2.7777034e-07,0,Stable,Stable
32.24301674,36.20276469,24.28375941,10.84985085,0.255434095,215.0814035,0,0,4.2263525e-07,0,Stable,Stable
13.51569211,26.05941149,28.8098136,25.58205926,0.637279239,155.0554971,0,0,8.779079e-06,0,Stable,Stable
12.23220132,33.67546537,19.05980269,34.7861201,0.78328889,224.3927538,0,0,2.5493206e-05,0,Stable,Stable
48.9732308,36.27814362,32.11594282,5.4983652,0.396835052,138.6852477,0,0,2.188588e-07,0,Stable,Stable
47.94041109,39.45905659,27.85491151,37.5169883,0.348536997,201.9768007,0,0,2.4167747e-07,0,Stable,Stable
40.14251685,43.16604919,51.11379458,9.998368909,0.769144058,82.70213378,0,0,6.125044e-06,0,Stable,Stable
28.72846099,41.88869681,35.43044738,38.39501114,0.616777068,159.6880484,0,0,3.062224e-07,0,Stable,Stable
29.40845579,24.44676584,46.03082317,37.16391068,0.433109174,108.022614,0,0,2.4811314e-05,0,Stable,Stable
25.85985005,40.54965819,38.83962266,10.67027773,0.366854568,102.6207951,0,0,9.84315e-07,0,Stable,Stable
11.46098586,31.5300618,51.19380875,9.21118636,0.416241694,138.2840739,0,0,0.0005193083,0,Stable,Stable
41.9506747,24.64302964,50.81160854,12.38636271,0.405549374,208.3207111,0,0,3.7946782e-05,0,Stable,Stable
46.61363641,27.04627396,57.37884667,30.90802809,0.024599466,228.4593844,0,0,4.4077788e-05,0,Stable,Stable
46.16671891,38.09374132,42.74532041,8.86174118,0.492426719,112.0484331,0,0,1.3360202e-06,0,Stable,Stable
33.2318977,42.00156745,34.66619958,28.44623376,0.744488781,206.9152882,0,0,5.263448e-07,0,Stable,Stable
7.724851531,34.81949235,20.82978411,30.0049935,0.213944787,124.4173633,0,0,6.681266e-05,0,Stable,Stable
37.39236403,26.48686572,26.23237099,28.60013653,0.826578768,175.6457158,0,0,3.1028499e-06,0,Stable,Stable
23.33460437,30.70988372,34.18534144,48.24266207,0.49457601,154.7740948,0,0,7.0312376e-07,0,Stable,Stable
17.82947747,32.91901586,33.85997752,11.0934237,0.36590439,128.48438,0,0,2.8040023e-07,0,Stable,Stable
33.16362787,21.02083863,54.43278812,27.82693218,0.612559246,113.565146,0,0,0.0019777252,0,Stable,Stable
18.73212487,30.14324232,26.33063401,43.70834495,0.922972896,177.6997132,0,0,5.560074e-06,0,Stable,Stable
10.71753194,37.68882078,59.29222251,40.66794222,0.237361796,144.4310813,0,0,0.00013769651,0,Stable,Stable
37.14430868,42.06382159,39.50693928,45.5026171,0.799609938,183.5509235,0,0,2.475652e-06,0,Stable,Stable
45.16952879,32.43582169,47.89153187,11.35979022,0.131986744,161.2211488,0,0,8.470975e-07,0,Stable,Stable
5.523197058,29.65507311,46.76950503,5.626377665,0.106508263,241.9745907,1,1,0.99812275,0,Failure Risk,Failure Risk
15.87520517,24.5323118,17.58132647,43.36160046,0.113238266,114.8409196,0,0,2.4186359e-06,0,Stable,Stable
10.60245042,32.02168647,38.20702934,42.36394737,0.478140109,147.2616676,0,0,0.00026721263,0,Stable,Stable
47.22642568,23.84234141,27.02202831,31.1984701,0.267452332,157.3873092,0,0,4.564485e-06,0,Stable,Stable
5.629177084,41.19876437,22.31925639,34.67800726,0.172651475,134.9538278,0,0,0.0024403832,0,Stable,Stable
30.19838662,34.70119296,45.08458757,49.20331842,0.082750514,167.3711903,0,0,1.0162396e-06,0,Stable,Stable
17.28127221,27.72567032,25.57881336,36.35277325,0.362647617,218.4076009,0,0,1.450124e-06,0,Stable,Stable
11.8583114,26.02463974,28.59654027,30.638371,0.252784314,115.3574885,0,0,0.00015628934,0,Stable,Stable
32.03328985,27.11714214,51.14408928,48.56445022,0.946068457,144.4310813,0,0,0.00010257561,0,Stable,Stable
36.38575703,35.4736624,34.6264141,39.26231984,0.888715866,109.0806452,0,0,2.3482578e-05,0,Stable,Stable
6.169203218,30.6698984,45.19894324,18.7728777,0.789376952,140.4506851,1,1,0.9999912,0,Failure Risk,Failure Risk
43.28626811,33.21396156,51.82853813,23.76665654,0.548063377,175.163939,0,0,2.4826386e-06,0,Stable,Stable
27.90509826,27.86280926,48.07245386,20.35636968,0.309621639,178.1408794,0,0,2.154498e-06,0,Stable,Stable
15.55448453,32.65903899,59.94848711,8.760337979,0.186523306,137.3310191,0,0,0.00015463194,0,Stable,Stable
7.593921302,21.04619862,16.20841028,12.24229595,0.940458532,114.1858424,1,1,0.99980575,0,Failure Risk,Failure Risk
30.41682413,24.20267153,16.19662563,23.94319258,0.220912455,142.3436158,0,0,1.251728e-06,0,Stable,Stable
7.616800425,35.83369625,19.44823213,32.29464825,0.94618448,118.2428069,1,1,0.5249009,0,Failure Risk,Failure Risk
39.04802546,44.96634797,36.14453069,14.96017436,0.103957407,140.2134086,0,0,1.9381885e-07,0,Stable,Stable
22.78170988,32.24298135,39.89548377,28.45589949,0.124496571,195.6556393,0,0,5.5900324e-07,0,Stable,Stable
41.2558155,22.89833777,51.01892569,34.09400986,0.361099182,131.1879445,0,0,5.6548222e-05,0,Stable,Stable
22.44117503,32.95630779,17.74559702,7.478188623,0.846507041,138.8657329,0,0,1.9677711e-06,0,Stable,Stable
39.71681937,34.37075067,18.91416141,30.37208658,0.628775346,153.4502953,0,0,3.4228657e-07,0,Stable,Stable
11.16805741,42.91163266,50.36227915,30.06325446,0.390389185,175.163939,0,0,1.0432756e-05,0,Stable,Stable
36.75289119,23.46976181,59.78904461,12.25932831,0.411675713,139.4044448,0,0,0.0008946272,0,Stable,Stable
5.9959974,30.75500242,10.06250638,35.80433007,0.429148521,239.9726727,0,1,0.98457634,1,Stable,Failure Risk
9.240937988,34.1732488,37.75185153,12.78200165,0.410796161,178.8316557,0,0,0.00064363255,0,Stable,Stable
24.06136221,43.8458493,17.08922552,42.43291534,0.012806302,154.5090204,0,0,1.3796382e-07,0,Stable,Stable
42.44279435,25.04893686,42.82553245,8.704731181,0.087343676,221.781861,0,0,4.133317e-06,0,Stable,Stable
40.39758775,28.82828521,50.30459286,49.5574202,0.526545574,146.8861784,0,0,2.893256e-06,0,Stable,Stable
40.62798018,35.17580596,10.05135693,43.68773057,0.873202219,195.7889789,0,0,2.7606986e-06,0,Stable,Stable
30.63670844,22.42589446,41.28731731,48.11310749,0.275004189,188.7003598,0,0,3.0453864e-05,0,Stable,Stable
39.19987212,40.30988104,27.42602222,8.615082681,0.071047358,117.3106796,0,0,2.5470734e-07,0,Stable,Stable
32.65164537,30.8120847,27.97645022,27.20218388,0.307991511,147.8916713,0,0,1.7145445e-07,0,Stable,Stable
22.60997764,30.4206626,44.11354234,46.39112378,0.700609482,154.4020126,0,0,2.4191274e-06,0,Stable,Stable
33.67871719,33.16649565,55.80157676,30.90038187,0.35837873,178.1408794,0,0,5.9261947e-06,0,Stable,Stable
35.9497866,44.30455195,55.32037145,42.99244205,0.012999526,110.8843296,0,0,3.9178017e-06,0,Stable,Stable
33.64450199,34.6084409,13.44413671,30.27547154,0.223050122,228.5645662,0,0,3.6508112e-07,0,Stable,Stable
29.27779583,24.69519444,55.81756968,20.27318631,0.659220264,185.162275,0,0,0.00014269803,0,Stable,Stable
34.5108326,26.03057813,47.97860961,40.63566916,0.900300936,202.1294811,0,0,9.639952e-05,0,Stable,Stable
8.540764562,41.75282603,44.12023553,22.86871735,0.567603749,227.7862457,0,0,0.00033549915,0,Stable,Stable
23.7855232,31.14371558,56.73806252,26.98873557,0.38096736,116.8901662,0,0,1.3361258e-05,0,Stable,Stable
16.59830276,42.9262898,54.52707926,31.91832116,0.324725623,176.1125932,0,0,2.75268e-06,0,Stable,Stable
34.43757404,20.5156658,11.06815815,29.29327534,0.151729638,159.7282543,0,0,4.62791e-06,0,Stable,Stable
44.86656517,34.3331441,12.4572272,19.7863436,0.158406371,125.4938239,0,0,1.3765576e-07,0,Stable,Stable
44.27583463,36.38137077,53.18423289,43.4189223,0.949538641,125.7672706,0,0,4.728494e-05,0,Stable,Stable
35.16869816,35.66825217,16.58622987,39.42666343,0.426224602,188.7003598,0,0,3.0854792e-07,0,Stable,Stable
23.74843326,27.33320833,38.88931516,14.7374153,0.82877361,175.6457158,0,0,5.173741e-06,0,Stable,Stable
16.41512566,21.79832879,21.7529715,49.82562588,0.865106698,140.5344516,0,0,0.0001567121,0,Stable,Stable
34.41213286,20.72719046,35.60066229,44.91615686,0.053915339,112.2100277,0,0,4.599904e-05,0,Stable,Stable
42.12223159,27.23260793,55.47434681,49.90277449,0.109239825,157.8777258,0,0,7.846598e-06,0,Stable,Stable
15.39348567,40.88117372,27.33821028,43.16136154,0.464229993,149.3941682,0,0,3.3582725e-07,0,Stable,Stable
46.69252786,27.97568171,45.13223602,34.85012447,0.102123956,83.68896528,0,0,2.1292979e-06,0,Stable,Stable
22.31853181,29.70527749,59.96202901,15.68459117,0.971699122,136.7744929,0,0,0.0030727994,0,Stable,Stable
13.43350796,30.15014433,54.37139772,39.72161097,0.497781279,156.5024792,0,0,0.00015901982,0,Stable,Stable
9.509510707,27.48341143,50.25736866,45.23720823,0.663024824,142.5841864,1,1,0.9956524,0,Failure Risk,Failure Risk
42.55043967,24.39854081,30.58123922,17.16667365,0.716948582,158.3543702,0,0,1.963486e-06,0,Stable,Stable
15.65591156,40.49279057,22.33236182,47.18518523,0.110338738,218.5476108,0,0,4.950261e-07,0,Stable,Stable
49.70123848,41.89464452,40.74314243,32.36536558,0.293502378,164.7454854,0,0,3.937606e-07,0,Stable,Stable
8.39097033,37.39465766,45.12226222,49.81172984,0.24531315,71.90993858,0,0,0.006806203,0,Stable,Stable
10.41723341,23.765464,18.94569319,48.75601166,0.866077024,80.26924509,1,1,0.9889663,0,Failure Risk,Failure Risk
11.71107985,33.26588956,24.42442052,27.182688,0.454747869,173.4847999,0,0,1.5397966e-06,0,Stable,Stable
25.43248952,28.04426426,18.40365737,42.92339397,0.849940671,218.4076009,0,0,3.9548227e-06,0,Stable,Stable
23.70017895,40.65205174,18.55821874,9.139802259,0.949236813,147.8693579,0,0,3.3601636e-06,0,Stable,Stable
45.55351049,29.11959533,20.2765886,40.75066462,0.885592337,156.9884108,0,0,5.9413205e-06,0,Stable,Stable
8.174043286,33.20178529,57.22460231,20.09029187,0.631961038,105.2261727,1,1,0.99939084,0,Failure Risk,Failure Risk
42.78050179,27.2819123,51.81341991,36.88781766,0.273704912,103.7959658,0,0,4.724924e-06,0,Stable,Stable
11.44895163,21.36899828,34.47698426,33.33287521,0.359393416,138.8657329,0,0,0.100056335,0,Stable,Stable
10.47281706,22.18399537,55.03577021,23.63696064,0.4952376,236.5701277,1,1,0.99969137,0,Failure Risk,Failure Risk
48.44561803,32.69833168,18.46445645,48.58472218,0.001454685,168.7122391,0,0,4.864854e-07,0,Stable,Stable
47.94556782,30.01838138,13.59904658,12.45341844,0.246986575,226.5600162,0,0,8.9164934e-07,0,Stable,Stable
38.54601672,36.86907603,56.63665356,28.05106011,0.792290974,101.3584055,0,0,0.00014876499,0,Stable,Stable
36.246015,42.69399978,50.60019697,27.76916112,0.900471761,110.2287074,0,0,5.641954e-05,0,Stable,Stable
13.0339807,42.94314523,15.30469189,23.57463427,0.920731708,163.8058863,0,0,1.2920403e-05,0,Stable,Stable
12.96819149,31.96396788,46.26322119,21.27052193,0.740441586,157.0138916,0,0,4.8424685e-05,0,Stable,Stable
42.79368077,30.76963671,37.41570607,36.99303002,0.907198711,134.3903754,0,0,1.147613e-05,0,Stable,Stable
32.06192951,23.62849233,23.0484424,6.293178575,0.553713429,117.436342,0,0,9.2021555e-06,0,Stable,Stable
44.96800597,23.62772043,24.1575585,8.831867646,0.761210686,190.5666849,0,0,3.2149044e-05,0,Stable,Stable
6.740823122,42.0154708,43.98306137,26.88426806,0.806263672,126.9746552,1,1,0.8046948,0,Failure Risk,Failure Risk
47.40545785,27.05279015,33.55136215,6.320486344,0.667680597,157.8777258,0,0,1.0768458e-06,0,Stable,Stable
25.13209202,37.23993226,16.96101117,7.683520208,0.30338497,184.0418583,0,0,2.723822e-07,0,Stable,Stable
49.21013107,41.37465037,19.17074269,6.03058813,0.593271447,284.2025172,0,0,4.884747e-07,0,Stable,Stable
25.6747436,37.55878652,26.19962502,18.0315583,0.93381726,88.37928941,0,0,1.4531915e-05,0,Stable,Stable
23.35370115,22.17446878,10.20565808,45.33319464,0.776861547,121.1697282,0,0,8.8805195e-05,0,Stable,Stable
12.80916138,29.93588181,28.54740388,23.69698565,0.59663585,80.26924509,0,0,6.883281e-05,0,Stable,Stable
6.574947857,26.39847394,39.69921419,44.54952254,0.545121831,203.093917,1,1,0.9999894,0,Failure Risk,Failure Risk
23.16904747,29.8235032,13.23856802,20.44373304,0.362668109,103.7959658,0,0,9.1680994e-07,0,Stable,Stable
48.1929542,24.22392603,33.28659305,24.32533966,0.478272924,138.5934651,0,0,1.4276882e-06,0,Stable,Stable
40.54604008,21.59128426,46.17556795,45.03670033,0.626892142,207.6481211,0,0,0.00037722543,0,Stable,Stable
37.58039565,38.97391628,37.77184889,43.82284822,0.560064681,167.4452493,0,0,3.5310717e-07,0,Stable,Stable
43.21114863,35.45181699,59.66439879,9.222716901,0.863537472,211.4641584,0,0,0.00038127883,0,Stable,Stable
12.45290267,44.33506522,26.17919066,30.1042742,0.453387347,138.8657329,0,0,5.0372444e-07,0,Stable,Stable
37.66859507,20.06821861,33.32161018,44.95289693,0.412088209,105.0084472,0,0,5.421595e-05,0,Stable,Stable
40.05016903,31.39330103,35.01822882,12.45365321,0.205099902,180.3804102,0,0,7.653765e-07,0,Stable,Stable
21.76101265,35.83134304,37.58820093,40.82445803,0.524096374,221.5455707,0,0,5.607936e-07,0,Stable,Stable
17.47222762,38.12643751,55.03768877,9.605796365,0.404704686,117.2693924,0,0,4.719502e-06,0,Stable,Stable
16.42478049,23.81421317,50.16605635,28.59594167,0.707582513,168.3232186,0,0,0.00035008063,0,Stable,Stable
29.52537871,21.72586042,38.98374139,9.443315234,0.105810658,200.0865506,0,0,2.3897765e-05,0,Stable,Stable
49.1597731,30.0159261,47.27920055,22.95503054,0.777606768,187.2110391,0,0,2.147499e-05,0,Stable,Stable
47.23079239,43.16178011,26.31305977,11.96691843,0.342946561,145.9305178,0,0,1.7465294e-07,0,Stable,Stable
41.32308966,27.08122656,25.52402369,49.4921935,0.774009225,200.9912424,0,0,5.0608905e-06,0,Stable,Stable
19.31788443,39.47843142,57.9838617,45.34789045,0.716232131,154.6762374,0,0,2.831864e-05,0,Stable,Stable
23.31913803,21.04839164,17.29793728,35.08669098,0.913273193,106.5085874,0,0,0.00087756023,0,Stable,Stable
23.27056413,37.32719397,49.84360569,12.38347956,0.649426851,150.9530594,0,0,1.5118934e-06,0,Stable,Stable
7.678678859,20.67709137,22.66216444,48.71275609,0.003228885,91.28170579,1,1,0.97179633,0,Failure Risk,Failure Risk
17.4501474,24.72823342,37.51809427,27.16306095,0.931322149,154.9486673,0,0,3.3631863e-05,0,Stable,Stable
18.98165856,42.37845065,22.63198713,18.96263733,0.288638185,133.6520374,0,0,7.860598e-08,0,Stable,Stable
38.79177771,40.39378969,24.31284862,5.214726429,0.086575359,167.1511956,0,0,2.5235673e-07,0,Stable,Stable
9.475771885,39.67175673,44.92444627,24.51453578,0.48892021,138.9605191,0,0,4.1104264e-05,0,Stable,Stable
10.52330246,36.42366848,47.10830136,19.15504049,0.678489028,169.8868318,0,0,0.0016053559,0,Stable,Stable
28.37537449,32.405147,19.41976616,22.96153425,0.582230056,126.0328372,0,0,1.8632853e-07,0,Stable,Stable
20.47822761,22.61909644,42.12301672,31.21514573,0.074566904,158.2528216,0,0,8.9221085e-06,0,Stable,Stable
5.568917063,24.05273389,26.04627509,29.6960777,0.55757806,136.9139595,1,1,0.99997854,0,Failure Risk,Failure Risk
28.61183935,28.53957631,10.80161722,22.19086463,0.545290894,126.8030789,0,0,3.4273964e-07,0,Stable,Stable
29.0596805,43.99340561,51.03836106,42.13522211,0.259160556,125.8884285,0,0,4.295369e-07,0,Stable,Stable
8.744796623,36.0248529,45.42311739,10.21479038,0.795363916,115.3574885,1,1,0.866346,0,Failure Risk,Failure Risk
34.56019556,33.49411218,29.56995445,33.31281863,0.183872006,144.4310813,0,0,2.249631e-07,0,Stable,Stable
8.292879445,37.13820038,36.67001603,31.24803335,0.007563415,168.7122391,0,0,8.171647e-05,0,Stable,Stable
14.54564294,42.36196562,14.51263808,30.46850707,0.410315754,154.8688514,0,0,3.2723133e-07,0,Stable,Stable
24.42797707,37.81360663,17.45873572,46.29620974,0.958055769,125.8530725,0,0,1.5367687e-05,0,Stable,Stable
43.49372696,21.61369513,44.02506847,22.72155384,0.302295823,178.9115994,0,0,9.214565e-06,0,Stable,Stable
42.78332244,20.1152484,28.12209572,36.47404014,0.23835059,95.353704,0,0,2.2873477e-05,0,Stable,Stable
14.49672486,28.14036268,28.99677378,40.83435304,0.564894729,109.8164316,0,0,2.4530587e-05,0,Stable,Stable
31.68294228,24.38419506,30.1847105,22.64771056,0.563614314,185.162275,0,0,1.3740213e-06,0,Stable,Stable
49.06678395,34.836905,15.2915206,9.114264518,0.482123477,227.434129,0,0,5.3002094e-07,0,Stable,Stable
19.48309858,25.74111695,16.12176519,6.33473346,0.82592669,212.6702082,0,0,6.3156645e-06,0,Stable,Stable
42.05538742,39.06669541,41.92624465,33.73575037,0.664430496,142.3436158,0,0,6.048689e-07,0,Stable,Stable
6.168245826,39.55245368,38.04610324,9.58979985,0.498022406,164.7454854,0,1,0.9377278,1,Stable,Failure Risk
16.12286351,38.67117437,42.24192874,22.05884731,0.082656405,97.98660909,0,0,5.696118e-07,0,Stable,Stable
46.4398771,22.46074672,25.84971132,13.14197275,0.597959456,202.3587358,0,0,5.9823484e-05,0,Stable,Stable
13.14783046,29.99469369,33.86476063,38.76649291,0.241063519,162.4428836,0,0,1.2394997e-06,0,Stable,Stable
47.3819571,34.04182397,58.78100579,30.71395465,0.488625667,158.2528216,0,0,2.2583748e-05,0,Stable,Stable
40.38392987,39.68723922,45.01049469,12.86330115,0.249910381,128.920543,0,0,4.2519108e-07,0,Stable,Stable
39.38418501,21.55062188,26.78144962,7.875290687,0.493518915,216.5415113,0,0,2.3257171e-05,0,Stable,Stable
24.9972063,29.66199375,32.1019331,21.82520577,0.491120993,236.910734,0,0,5.534842e-07,0,Stable,Stable
21.75648342,33.88278893,11.34979959,41.62136848,0.449321851,77.80680679,0,0,8.92415e-07,0,Stable,Stable
16.19113143,28.88107153,55.62563048,20.26460068,0.713182532,106.6615899,0,0,7.737679e-05,0,Stable,Stable
5.430118377,42.41502395,36.01514128,30.8932468,0.032139993,171.1043229,0,0,0.0200476,0,Stable,Stable
33.06316763,23.95773828,17.0927763,40.86357847,0.651481935,218.3378727,0,0,7.014299e-06,0,Stable,Stable
8.301234178,38.55447596,44.90123554,18.10199945,0.721322113,97.98660909,0,0,0.40435436,0,Stable,Stable
16.86078279,36.72738612,24.34409489,10.01146205,0.327449632,128.9277163,0,0,1.6160647e-07,0,Stable,Stable
21.35266157,44.75936307,57.89264639,49.63868612,0.352591294,190.5666849,0,0,1.613978e-05,0,Stable,Stable
33.00419104,40.38341194,51.01630977,15.46776475,0.211170436,227.7862457,0,0,1.2451737e-06,0,Stable,Stable
42.45016012,21.26959098,53.64636492,26.66739367,0.653437452,176.8357849,0,0,0.00038948172,0,Stable,Stable
6.805246023,33.24012135,23.65264044,25.09457684,0.081258808,110.8843296,0,0,0.03174411,0,Stable,Stable
16.95858693,41.98803981,52.86994322,43.45164929,0.433351174,162.6646219,0,0,1.3318615e-06,0,Stable,Stable
47.42474005,23.24513897,26.05873903,34.41431389,0.232566951,138.5999582,0,0,5.6102963e-06,0,Stable,Stable
23.53538653,27.85036776,42.4911031,37.49207329,0.912204633,178.9115994,0,0,1.2699378e-05,0,Stable,Stable
30.44495748,39.65792862,26.45466331,6.568298155,0.262281967,110.6342249,0,0,4.3788052e-07,0,Stable,Stable
25.36401398,44.90400741,50.52665716,22.86841796,0.224934265,158.0424811,0,0,3.2710219e-07,0,Stable,Stable
28.22560629,21.42337392,15.44467541,5.428146239,0.088348337,112.2100277,0,0,1.3584018e-05,0,Stable,Stable
13.75786644,32.60931233,19.75759843,6.695774913,0.729457803,185.3984943,0,0,1.8538572e-06,0,Stable,Stable
37.05773128,44.99752443,43.00880489,25.01825275,0.284722429,154.6762374,0,0,1.306771e-07,0,Stable,Stable
30.38980897,25.31783237,33.59675069,31.65148867,0.720990617,187.2953411,0,0,2.9899807e-06,0,Stable,Stable
42.71671244,21.53432325,48.6861964,6.716177276,0.161064513,100.7648967,0,0,4.7604684e-05,0,Stable,Stable
47.00859407,44.48161495,53.4638202,14.91688321,0.827748759,163.8058863,0,0,8.394909e-06,0,Stable,Stable
25.29842323,30.0827472,52.19195734,14.58644711,0.64865839,110.7899504,0,0,2.5171159e-05,0,Stable,Stable
18.85746684,33.57784717,36.92402881,35.77868538,0.53549691,160.5759866,0,0,4.8010287e-07,0,Stable,Stable
45.53905525,42.4747764,21.32418247,6.796611817,0.061729218,182.9674954,0,0,2.452374e-07,0,Stable,Stable
45.89117448,23.1641256,36.20940356,44.45019947,0.788275014,128.7664892,0,0,9.6797725e-05,0,Stable,Stable
48.97587043,41.36338001,11.76174547,22.94851669,0.434163392,134.9070683,0,0,9.561124e-08,0,Stable,Stable
43.62602248,23.9713019,15.88267263,38.21459964,0.356927976,211.4661683,0,0,4.983446e-06,0,Stable,Stable
22.89163412,37.20092834,30.94372028,7.286679906,0.386458105,94.65441336,0,0,5.705126e-07,0,Stable,Stable
40.95546671,26.54553914,41.23277626,42.18710577,0.723751481,176.5683266,0,0,2.4932801e-06,0,Stable,Stable
45.90684236,39.78827678,52.00495078,6.125313665,0.532315415,158.5941693,0,0,1.2590262e-06,0,Stable,Stable
19.96945254,34.03622543,36.02803205,45.16898493,0.855843264,209.6927035,0,0,5.525662e-06,0,Stable,Stable
48.05997992,34.51328761,53.58789493,24.21949243,0.183629728,210.9606619,0,0,1.7753972e-06,0,Stable,Stable
38.37473999,43.5249732,34.89830304,14.98578264,0.098732281,152.6717933,0,0,1.8648106e-07,0,Stable,Stable
45.88950026,39.30852439,19.80957469,19.48004128,0.814784442,104.5229232,0,0,1.6075766e-06,0,Stable,Stable
11.38229729,24.77766095,46.8819488,23.20302105,0.055970378,93.02695012,0,0,0.03529188,0,Stable,Stable
46.89628683,27.70644974,51.47890964,49.92301236,0.784170009,154.7740948,0,0,2.542988e-05,0,Stable,Stable
48.15697986,42.35234434,19.01954509,23.54646766,0.242519859,172.6903424,0,0,1.12347934e-07,0,Stable,Stable
20.5341814,35.27523121,39.74127707,47.53433132,0.802454595,129.6553338,0,0,3.3641172e-06,0,Stable,Stable
37.93855273,25.87090123,37.74492283,33.78993458,0.009360966,131.5417128,0,0,1.5225862e-06,0,Stable,Stable
10.49384397,21.36909444,38.54664378,17.5643977,0.348072475,159.0080986,1,1,0.87828755,0,Failure Risk,Failure Risk
20.08797427,42.487569,56.70304997,11.91748308,0.546997346,105.776172,0,0,1.5891575e-05,0,Stable,Stable
38.8088283,44.9532529,29.2129815,22.72648589,0.903389976,182.9674954,0,0,1.6449379e-06,0,Stable,Stable
42.87538442,34.59734284,42.32813768,11.75575787,0.598382972,186.9908974,0,0,1.2533297e-06,0,Stable,Stable
21.79919329,38.77634478,56.20323385,44.84007547,0.302473646,132.7376807,0,0,5.352393e-06,0,Stable,Stable
46.18633478,20.05203781,59.55397212,40.39819991,0.321748359,196.1620131,0,0,0.0004564808,0,Stable,Stable
34.42234837,30.67106972,12.15170917,45.56130097,0.175024723,175.4019204,0,0,7.447424e-07,0,Stable,Stable
13.52001891,37.36062374,34.84275792,38.14600545,0.858787233,108.5014311,0,0,0.0002811878,0,Stable,Stable
41.87001885,35.39547249,35.10094365,39.00286716,0.52408526,181.2341198,0,0,3.853018e-07,0,Stable,Stable
44.3150895,37.1608533,51.9641701,39.64123925,0.294284012,68.40247502,0,0,1.4694749e-06,0,Stable,Stable
43.90966013,28.28819228,51.09045264,43.9832732,0.556496918,144.9968073,0,0,2.296552e-06,0,Stable,Stable
20.83572751,23.93628334,10.13305518,38.76935796,0.430465377,110.2287074,0,0,8.100748e-06,0,Stable,Stable
19.56099218,29.86306486,46.12745932,46.08803755,0.482243515,254.3986632,0,0,4.7528674e-06,0,Stable,Stable
30.08052791,20.49830418,42.3720121,15.58067192,0.349335938,184.6672688,0,0,1.9654737e-05,0,Stable,Stable
5.667357309,35.23667008,14.99465413,14.56881062,0.579034345,111.8494834,0,1,0.8449821,1,Stable,Failure Risk
33.8798932,31.7140344,19.91189628,31.89830352,0.96708697,138.2840739,0,0,9.66859e-06,0,Stable,Stable
28.41558516,41.27566491,34.4379205,17.88333859,0.150217948,137.5125127,0,0,1.4468816e-07,0,Stable,Stable
31.09247336,37.08970028,15.57345931,27.73547823,0.905221747,95.76882321,0,0,1.4619445e-05,0,Stable,Stable
20.40717947,22.45663015,14.70220898,28.05742558,0.415965757,115.3574885,0,0,9.408866e-06,0,Stable,Stable
31.71537835,26.01998275,56.16079427,13.29499304,0.217905079,254.3986632,0,0,6.690868e-05,0,Stable,Stable
32.72498602,43.64346055,36.56753773,46.12099408,0.232447941,205.7991803,0,0,5.522531e-07,0,Stable,Stable
40.26663449,35.37808224,40.26675352,16.37027876,0.201500464,95.76882321,0,0,8.1214796e-07,0,Stable,Stable
23.08544186,32.05207997,59.63127367,27.30596658,0.610487473,263.672355,0,0,8.307424e-05,0,Stable,Stable
32.46120402,39.53807878,29.66873208,36.49402597,0.122573786,217.7039828,0,0,2.818297e-07,0,Stable,Stable
5.313091429,38.54532273,11.29335409,24.49446808,0.323159203,97.14180746,0,0,0.0017736853,0,Stable,Stable
37.56858734,21.92512333,29.61102085,12.79251262,0.587421554,107.1401896,0,0,0.00013811007,0,Stable,Stable
43.24890952,25.62496693,59.43786201,29.00780776,0.763991674,182.0804303,0,0,0.0007415624,0,Stable,Stable
18.68920332,31.12999116,12.48119671,8.215498614,0.298234371,108.0289896,0,0,8.738423e-07,0,Stable,Stable
32.27150536,25.85397863,17.17926351,32.765205,0.150983253,126.8030789,0,0,1.3796899e-06,0,Stable,Stable
18.52843679,42.81187464,40.91972726,31.57570791,0.134969336,74.80212018,0,0,9.130797e-07,0,Stable,Stable
40.27624294,22.35366881,20.98822289,18.94145221,0.497234973,160.5759866,0,0,3.8487356e-06,0,Stable,Stable
21.73370519,44.21843722,15.94706634,21.22686649,0.223425189,150.9530594,0,0,7.639954e-08,0,Stable,Stable
15.3990015,28.54703305,21.09986939,29.12128623,0.86645385,76.5788708,0,0,0.000994983,0,Stable,Stable
46.3186298,40.69535611,49.26955875,44.61773119,0.474394018,137.3310191,0,0,7.6705203e-07,0,Stable,Stable
38.53097368,42.74094806,18.58616566,17.40128992,0.356584385,233.5508682,0,0,2.55744e-07,0,Stable,Stable
7.496777393,43.05487097,53.02083058,27.23689506,0.518815125,108.4167505,0,0,0.043902013,0,Stable,Stable
30.73413602,28.35459606,59.33064283,9.361629596,0.263667575,107.7758321,0,0,3.6652786e-05,0,Stable,Stable
15.47286088,38.97797739,59.08236183,46.93328511,0.581517431,140.3881601,0,0,0.00016581191,0,Stable,Stable
7.246511855,34.27570978,42.34479584,17.54029187,0.248394179,153.631875,0,0,0.23909411,0,Stable,Stable
23.48496903,20.75353294,21.90067059,17.29937963,0.215992108,114.8409196,0,0,6.387735e-06,0,Stable,Stable
49.2447194,38.55940957,32.77944211,49.48187991,0.286457348,141.3262166,0,0,3.3312895e-07,0,Stable,Stable
18.45789393,33.61597639,54.67718567,26.75191607,0.337320045,176.1125932,0,0,2.8494953e-06,0,Stable,Stable
47.85356231,31.49830492,19.80148704,47.92651148,0.772546823,145.8180564,0,0,1.5023855e-06,0,Stable,Stable
40.99232543,27.48182232,38.58710761,10.47028859,0.385942994,187.9901423,0,0,2.5537286e-06,0,Stable,Stable
36.51378592,27.54393893,46.25379553,40.35259081,0.612493092,106.68856,0,0,1.5102206e-05,0,Stable,Stable
12.77553433,31.7959866,19.58989329,7.788562742,0.542752278,138.6852477,0,0,1.1475597e-06,0,Stable,Stable
48.78398212,30.54497048,52.89712659,39.27479523,0.098496306,133.4377707,0,0,1.6733072e-06,0,Stable,Stable
38.27380611,27.20110024,32.62823336,31.28608905,0.298232528,131.5061005,0,0,7.3063325e-07,0,Stable,Stable
30.98037763,37.24221702,17.81419793,26.89798581,0.442614158,159.2631981,0,0,1.1842848e-07,0,Stable,Stable
41.87471368,29.44973126,52.14961773,21.6503395,0.324571896,118.6002256,0,0,9.440093e-07,0,Stable,Stable
14.71398789,42.3847915,42.28611073,7.617596353,0.50507048,113.7355627,0,0,7.062291e-06,0,Stable,Stable
26.64802359,30.33127508,23.95944433,32.69063178,0.403889283,151.4612829,0,0,3.6594213e-07,0,Stable,Stable
15.67913724,38.40864657,28.82686096,35.22742378,0.374477976,115.5787239,0,0,4.3347922e-07,0,Stable,Stable
9.648521502,43.22224567,29.44219994,42.31242122,0.527382828,200.0708656,0,0,2.675664e-06,0,Stable,Stable
47.17152351,33.80465272,44.01268366,10.05474924,0.351601327,144.4198323,0,0,3.8598074e-07,0,Stable,Stable
6.806272467,41.6585359,47.61648097,17.82518659,0.911994151,138.5999582,1,1,0.95806473,0,Failure Risk,Failure Risk
26.16945114,40.49751075,30.7848212,43.11035134,0.700682089,182.1449957,0,0,3.2808035e-07,0,Stable,Stable
42.78310231,41.04846577,46.50805024,9.447912125,0.999649534,106.8540301,0,0,0.000100297,0,Stable,Stable
25.38491454,36.14164778,13.81690627,21.09569495,0.845650942,266.5089374,0,0,9.4259866e-07,0,Stable,Stable
25.96850367,22.29066211,59.61383294,19.83638892,0.740524254,153.631875,0,0,0.0031164556,0,Stable,Stable
46.34834231,21.072169,27.42063309,28.14815142,0.998833238,238.3919088,0,0,0.00019349968,0,Stable,Stable
10.02214398,24.04957317,17.87543191,30.60758982,0.601822532,85.2341009,0,1,0.79330736,1,Stable,Failure Risk
43.22400213,33.39497664,50.90898249,18.02392969,0.36771652,263.672355,0,0,3.2316416e-06,0,Stable,Stable
35.60274627,28.21337791,33.20655939,44.46164747,0.781230651,93.02695012,0,0,1.1202199e-05,0,Stable,Stable
32.47892379,30.85569442,40.23578041,40.38332253,0.891800645,200.0505628,0,0,8.303653e-06,0,Stable,Stable
49.37811402,44.25384906,54.85639178,18.77366794,0.125782,140.4506851,0,0,1.32942e-06,0,Stable,Stable
16.49427265,37.53424654,15.31833703,19.67887035,0.636764686,105.570719,0,0,7.1382726e-07,0,Stable,Stable
15.24589817,25.72885468,10.89886656,16.87962862,0.82813039,97.08063729,0,0,0.00017344818,0,Stable,Stable
43.02982846,29.13635398,10.13798243,39.44803537,0.045493196,166.7775365,0,0,3.8271597e-07,0,Stable,Stable
27.84577211,30.77908733,55.02166137,40.42219281,0.039784223,111.4119423,0,0,7.3889505e-06,0,Stable,Stable
40.45391238,40.82165031,44.86030469,8.00837391,0.245661057,139.0582512,0,0,4.0517264e-07,0,Stable,Stable
24.63580374,28.84013191,27.58304566,6.729491457,0.267756045,95.9758039,0,0,9.870806e-07,0,Stable,Stable
5.825689775,27.53786338,49.07174318,49.06658878,0.414762648,174.4389295,1,1,0.9999827,0,Failure Risk,Failure Risk
36.75181054,23.21420662,33.3547982,44.76971676,0.358382063,201.5490187,0,0,1.7379609e-05,0,Stable,Stable
8.700494968,43.70407013,50.22207258,15.96201186,0.611994007,146.0221574,0,0,0.0016165414,0,Stable,Stable
15.80569792,44.3045742,15.13729553,20.95125127,0.798939549,106.68856,0,0,1.4722804e-06,0,Stable,Stable
22.46221715,39.17529235,58.83105507,8.022733813,0.889400791,118.3150206,0,0,0.00032668142,0,Stable,Stable
15.11375172,26.51088084,23.16379128,14.60241107,0.441979652,116.4806574,0,0,3.114759e-06,0,Stable,Stable
29.46656388,38.2625042,24.44693587,25.1245959,0.525644864,201.7782836,0,0,1.799777e-07,0,Stable,Stable
28.45704892,21.50090783,55.49269767,40.46175385,0.00148329,124.0068375,0,0,4.9720653e-05,0,Stable,Stable
40.55492805,38.2330187,26.84179224,25.53654803,0.358017061,133.7316311,0,0,1.05565874e-07,0,Stable,Stable
32.74157113,41.55077186,41.84510964,47.47297431,0.854002968,133.3263504,0,0,5.9677886e-06,0,Stable,Stable
29.0798051,44.81636868,16.26129665,16.26651139,0.609915371,184.0418583,0,0,3.6867158e-07,0,Stable,Stable
19.95024938,26.48431334,47.32204165,19.38386213,0.971154579,91.28170579,0,0,0.00065262336,0,Stable,Stable
7.992085783,42.4805538,48.66062693,43.90546173,0.666674253,86.68695375,0,0,0.016128188,0,Stable,Stable
5.192679103,41.01865387,42.70322142,19.43045062,0.616102241,191.2946215,1,1,0.99510866,0,Failure Risk,Failure Risk
7.184005283,36.37191847,20.18622801,32.88436349,0.138497326,149.9055313,0,0,3.8339334e-05,0,Stable,Stable
26.93760254,22.58645709,57.0931097,11.72009553,0.507220181,128.3644592,0,0,0.00071554433,0,Stable,Stable
39.67202113,38.47185568,20.57244697,30.0644328,0.770590143,211.4661683,0,0,9.3910114e-07,0,Stable,Stable
25.34459926,36.64482738,41.85582874,38.83049739,0.683713969,114.1858424,0,0,2.0492594e-06,0,Stable,Stable
7.484793204,21.34931581,43.3170534,41.80387371,0.203967437,106.8481207,1,1,0.9995889,0,Failure Risk,Failure Risk
30.00665933,39.74236282,45.14681134,23.39382316,0.992855442,215.3410415,0,0,2.700899e-05,0,Stable,Stable
35.52769159,32.32135847,55.18621129,28.01780386,0.014559,148.7446369,0,0,1.8277058e-06,0,Stable,Stable
13.41092907,31.61615003,50.74040633,28.19399773,0.746027534,123.2980529,0,0,0.00010926523,0,Stable,Stable
44.95181517,25.2367108,48.70306595,30.84058224,0.891786621,198.2394482,0,0,0.00020628926,0,Stable,Stable
47.03699047,29.15001369,20.75064857,42.39675553,0.234732449,165.8946888,0,0,3.9227146e-07,0,Stable,Stable
26.98525223,41.69807271,20.6913307,19.91124983,0.686936303,109.8164316,0,0,7.6981775e-07,0,Stable,Stable
6.369004148,32.9743464,31.96744385,27.72339124,0.247315996,132.1627398,1,0,0.41338554,1,Failure Risk,Stable
11.78295833,39.94475765,31.16694308,24.54162549,0.133290381,209.0411147,0,0,3.0168974e-07,0,Stable,Stable
28.80964704,37.2443864,25.02218534,14.28721091,0.181267863,238.3919088,0,0,3.963689e-07,0,Stable,Stable
31.8384512,31.25746566,21.70628205,34.5670276,0.402418375,193.1474904,0,0,7.602631e-07,0,Stable,Stable
48.04537679,39.26372452,55.53907287,36.99435016,0.270466354,181.9328809,0,0,2.5406644e-06,0,Stable,Stable
6.005605479,28.7580468,38.60080707,32.17567419,0.387845514,130.4255023,1,1,0.99989855,0,Failure Risk,Failure Risk
36.7265535,31.74122308,48.80480069,47.41838584,0.414909036,92.45077198,0,0,3.7922807e-06,0,Stable,Stable
40.75485325,24.86205577,49.70899824,38.20301197,0.40434779,136.9139595,0,0,1.02080585e-05,0,Stable,Stable
48.48841833,30.13990526,26.7707314,42.01867189,0.926891359,140.6880857,0,0,5.9653535e-06,0,Stable,Stable
49.06617254,39.99465479,55.64661186,20.10772398,0.047602668,218.233331,0,0,2.701365e-06,0,Stable,Stable
49.3222041,33.80191741,56.28594701,10.45001924,0.252021975,94.65441336,0,0,1.1001278e-05,0,Stable,Stable
11.57408149,35.75525656,55.81306075,42.92388734,0.214115891,145.4724048,0,0,4.589029e-05,0,Stable,Stable
31.150508,21.63101135,18.32447,34.26225965,0.983768866,145.1004324,0,0,0.000183742,0,Stable,Stable
29.49142592,22.50742417,16.87170669,47.11630118,0.217129035,212.7837295,0,0,1.5536856e-05,0,Stable,Stable
37.50369482,25.34940839,23.72482217,10.77320716,0.398868888,214.8196835,0,0,3.5645783e-06,0,Stable,Stable
32.18324453,39.30805113,30.93629646,17.28269646,0.047573018,267.8160405,0,0,3.0735117e-07,0,Stable,Stable
46.42408541,34.80364,18.19291586,9.682902886,0.71001731,104.0099363,0,0,1.0184343e-06,0,Stable,Stable
47.58390046,40.73731591,16.81864905,45.31059512,0.616468558,125.7230292,0,0,7.348266e-07,0,Stable,Stable
47.86030684,22.30891146,12.36683944,42.94201559,0.058151117,157.0998115,0,0,3.9929096e-06,0,Stable,Stable
27.68337261,26.78710867,21.46274365,18.01410359,0.192076094,188.2230542,0,0,1.3654809e-06,0,Stable,Stable
17.29415777,24.62879218,22.78638092,41.34092424,0.003806644,142.6563891,0,0,1.277294e-06,0,Stable,Stable
22.90788753,28.85164654,27.19516003,43.04515722,0.632283701,171.1672323,0,0,8.556635e-07,0,Stable,Stable
36.05948495,38.56240151,27.59475058,23.39576029,0.056706399,77.42160311,0,0,3.5377082e-07,0,Stable,Stable
43.12442694,43.69143167,57.67989679,22.74282149,0.546640476,162.6646219,0,0,1.155919e-05,0,Stable,Stable
8.639138562,26.94285081,59.98946859,18.46978646,0.642168808,172.5957779,1,1,0.99996245,0,Failure Risk,Failure Risk
47.31053868,22.09005703,43.15055017,25.95121152,0.887205222,168.3232186,0,0,0.0003461305,0,Stable,Stable
42.23505812,32.46394101,29.28573938,8.301828058,0.347276069,190.5666849,0,0,4.7944496e-07,0,Stable,Stable
21.90676124,44.92730044,50.90125544,5.464280719,0.835118725,134.1845396,0,0,2.8814184e-06,0,Stable,Stable
19.80931461,35.56129686,51.59969039,30.49013072,0.165741392,185.8656509,0,0,1.1267955e-06,0,Stable,Stable
37.91052928,31.95555287,40.82248236,28.43896087,0.503811025,127.2097259,0,0,6.5943857e-07,0,Stable,Stable
20.23636874,42.31872511,53.76387814,39.1454754,0.610102615,73.02859674,0,0,4.8361467e-06,0,Stable,Stable
43.53098188,36.74439615,41.95862817,38.62420533,0.357172067,174.321134,0,0,3.980804e-07,0,Stable,Stable
39.43001797,41.00440745,22.62540369,40.52654988,0.138676338,228.0559782,0,0,2.3597165e-07,0,Stable,Stable
15.78244244,39.28925426,23.98110848,36.18232943,0.024502768,114.2276517,0,0,5.43188e-07,0,Stable,Stable
45.0146306,21.54510599,26.36381505,34.03964567,0.661857279,161.3377078,0,0,2.7561464e-05,0,Stable,Stable
12.69548845,20.28173615,10.33702818,47.48890877,0.306666605,214.6047491,0,0,0.0009099538,0,Stable,Stable
6.020907898,44.5322415,12.84912268,42.34770915,0.752105398,185.162275,0,0,0.008249332,0,Stable,Stable
21.37724975,25.16838264,52.44960226,7.4389203,0.301288824,88.83131674,0,0,1.0206297e-05,0,Stable,Stable
48.54411917,28.43294565,45.23699954,20.70644311,0.023434898,128.1217176,0,0,4.842243e-07,0,Stable,Stable
38.15375994,38.77661708,29.52729915,25.46150302,0.777749916,246.2436832,0,0,5.2902504e-07,0,Stable,Stable
39.8625617,39.62636085,28.08332686,24.97638327,0.548118152,151.5462225,0,0,1.0708666e-07,0,Stable,Stable
43.08569509,24.27806055,32.19157526,44.08708451,0.122398558,205.3889058,0,0,3.6488557e-06,0,Stable,Stable
27.41678241,31.40749104,51.09249652,15.74667847,0.425878891,129.9786924,0,0,1.6521449e-06,0,Stable,Stable
14.57828469,29.97754848,43.69859059,35.87042727,0.322695797,126.3509196,0,0,2.4871458e-06,0,Stable,Stable
43.18644457,29.52701927,33.04531559,34.05632358,0.805326259,107.4442446,0,0,1.1536746e-05,0,Stable,Stable
26.38818395,30.25784069,22.52119439,30.82160901,0.874416327,104.4964646,0,0,3.5332083e-05,0,Stable,Stable
33.01321408,38.86554457,14.9336049,29.37721892,0.107736012,188.7003598,0,0,2.5107028e-07,0,Stable,Stable
31.25238045,34.04885356,47.8744086,23.45619593,0.595398747,137.3310191,0,0,9.4702824e-07,0,Stable,Stable
7.158540136,33.45242339,14.49094701,11.77234735,0.179532034,164.2339266,0,0,0.00013119144,0,Stable,Stable
7.804297627,41.28677535,26.30995899,49.83888543,0.5140379,237.8984993,0,0,0.00018784721,0,Stable,Stable
8.731721863,30.2096665,49.24188163,32.53361001,0.719434895,80.26924509,1,1,0.9996629,0,Failure Risk,Failure Risk
32.91254677,27.81450647,37.14412161,46.7576385,0.889860187,201.4130035,0,0,1.8726836e-05,0,Stable,Stable
29.5508456,44.1856608,57.34186931,42.5946041,0.733032475,149.2178682,0,0,1.2428113e-05,0,Stable,Stable
6.153451245,44.16744042,25.01161747,21.50062052,0.487211158,111.4119423,0,0,0.0032564497,0,Stable,Stable
42.61658329,38.84565654,42.25850347,15.64965628,0.281404156,153.6521991,0,0,2.8693506e-07,0,Stable,Stable
20.04185187,41.10102284,20.8008789,32.79196957,0.685333995,230.6334081,0,0,4.7245544e-07,0,Stable,Stable
20.52001284,28.04492271,10.30479525,38.82719766,0.540991938,168.0044902,0,0,6.7883207e-07,0,Stable,Stable
16.94041137,29.18468223,11.36146581,40.99283215,0.024544543,175.6457158,0,0,4.42211e-07,0,Stable,Stable
49.5451473,33.00448505,45.46336024,39.24021974,0.753132149,117.3140225,0,0,1.7960028e-06,0,Stable,Stable
24.30715973,36.69753782,34.82303555,42.39394186,0.400299395,145.1020804,0,0,1.9633949e-07,0,Stable,Stable
24.17450693,40.36342402,38.93400026,30.42282045,0.462889274,153.5843489,0,0,3.9362843e-07,0,Stable,Stable
15.12035626,37.73444826,35.60839421,35.06271308,0.027556415,114.7996424,0,0,8.775929e-07,0,Stable,Stable
40.41305647,43.79709514,11.06764566,36.93501273,0.133107525,154.7740948,0,0,1.5922363e-07,0,Stable,Stable
23.09677143,38.11437644,23.69318598,15.98788382,0.395116017,134.9538278,0,0,1.9745393e-07,0,Stable,Stable
35.0570181,44.60441607,25.98703033,16.71163432,0.391250982,146.0221574,0,0,1.7062729e-07,0,Stable,Stable
5.176819464,35.18704544,22.46309786,33.69667359,0.854582395,146.2403369,1,1,0.9991757,0,Failure Risk,Failure Risk
24.47172116,26.00239741,43.55811767,8.251171818,0.281984511,236.8464171,0,0,3.4360276e-06,0,Stable,Stable
6.419058266,35.21725323,54.8543428,20.84315497,0.449265734,267.8160405,1,1,0.9998017,0,Failure Risk,Failure Risk
31.06495353,23.23961343,50.83368312,46.90601135,0.836275351,202.1294811,0,0,0.0006923665,0,Stable,Stable
47.24974918,43.63858905,34.32167293,48.04529559,0.104828675,91.28905504,0,0,1.2019225e-06,0,Stable,Stable
9.53121205,20.80754782,54.76092434,45.73423093,0.37403984,202.9614798,1,1,0.9994154,0,Failure Risk,Failure Risk
49.21469427,27.55913481,28.30639983,44.361721,0.475456103,107.4752055,0,0,2.7961191e-06,0,Stable,Stable
34.69659329,39.3892037,27.16854684,13.30854327,0.74372363,143.7857255,0,0,2.864473e-07,0,Stable,Stable
21.14427054,36.04278706,48.52069934,6.408626871,0.716288286,108.0289896,0,0,3.6243357e-06,0,Stable,Stable
45.95997656,20.34035368,39.23464376,46.2395985,0.305094261,145.4724048,0,0,1.3559362e-05,0,Stable,Stable
15.9828553,22.58190414,52.4191152,5.333610147,0.651283844,103.1433702,0,0,0.0008147272,0,Stable,Stable
5.007098506,35.68191601,58.21682612,44.55213704,0.439000351,205.6915937,1,1,0.9999031,0,Failure Risk,Failure Risk
21.89737586,26.16516909,22.80313877,31.45257062,0.460378165,132.8971526,0,0,1.1084104e-06,0,Stable,Stable
48.84429367,33.08117688,35.45080242,6.680582517,0.882064395,191.7606279,0,0,6.007721e-06,0,Stable,Stable
42.95262408,26.5966219,14.74198462,5.996292428,0.31840728,202.3587358,0,0,2.2509282e-06,0,Stable,Stable
35.1826583,25.26541346,30.25896223,7.700304424,0.411511318,77.04345871,0,0,2.7794654e-06,0,Stable,Stable
42.3018451,25.67117739,32.17599402,6.456903649,0.928016145,205.6915937,0,0,1.4014145e-05,0,Stable,Stable
17.83099288,22.73384833,22.33634016,15.20000125,0.585649774,168.6918983,0,0,3.191107e-05,0,Stable,Stable
23.13003105,28.33294538,38.14300037,37.58303666,0.579994666,99.84728197,0,0,4.445537e-06,0,Stable,Stable
20.27722618,38.38363305,49.62384239,14.36840911,0.279902542,110.6342249,0,0,1.0006504e-06,0,Stable,Stable
16.98027288,44.60772977,43.60952103,17.22524247,0.256735212,147.6131552,0,0,2.3378524e-07,0,Stable,Stable
47.23649862,39.47184121,15.93279353,32.14818626,0.813068303,230.5621644,0,0,9.70553e-07,0,Stable,Stable
42.42062743,22.49420085,58.06480145,11.64204253,0.137504842,142.26441,0,0,0.00030140096,0,Stable,Stable
35.56924994,43.28848325,14.79226933,18.67276884,0.622604053,182.054508,0,0,1.7676007e-07,0,Stable,Stable
15.31024763,31.47005788,34.94415278,44.40669486,0.096419309,148.6476094,0,0,7.5912124e-07,0,Stable,Stable
37.06721079,39.47058623,39.53917616,31.84742142,0.60506325,171.1809692,0,0,7.709676e-07,0,Stable,Stable
12.27272273,29.68396224,11.48425861,6.289009159,0.432240782,108.2671764,0,0,1.2423374e-05,0,Stable,Stable
32.63196231,30.82895548,56.07822879,5.90370938,0.838712481,97.79564569,0,0,0.00017008002,0,Stable,Stable
5.11045639,41.10196836,55.58825531,21.28688941,0.153724888,168.5436889,1,0,0.47258133,1,Failure Risk,Stable
45.93732404,21.58135077,26.51478115,23.20470555,0.688979519,123.640252,0,0,2.4908679e-05,0,Stable,Stable
14.18328763,25.54018142,17.44041516,47.11272743,0.844330251,154.8657901,0,0,0.00019214688,0,Stable,Stable
40.20987358,29.28333396,20.7686688,29.47855706,0.08125668,180.5575279,0,0,5.4803746e-07,0,Stable,Stable
45.65034562,28.67473297,33.18109862,11.20674814,0.650263699,128.1285971,0,0,8.43022e-07,0,Stable,Stable
6.510163174,40.2690367,22.76747793,25.7438404,0.103617743,155.41111,0,0,8.888483e-05,0,Stable,Stable
25.89813078,28.98159437,11.82058642,47.74563122,0.660966413,154.8688514,0,0,1.1401343e-06,0,Stable,Stable
33.7425534,41.81544925,45.35919637,48.52963656,0.585867468,108.5431864,0,0,3.0058227e-06,0,Stable,Stable
32.44916718,33.65684553,41.36860603,18.02555172,0.615771658,168.7609671,0,0,1.102839e-06,0,Stable,Stable
44.97466166,23.72744736,39.85871797,43.33742871,0.445434935,107.5396854,0,0,5.321455e-05,0,Stable,Stable
29.37590708,20.57019152,54.85638958,8.893821713,0.627820141,150.1987176,0,0,0.00057546014,0,Stable,Stable
26.11770252,29.83785032,56.31015083,27.75819495,0.012950718,113.3296348,0,0,1.7167571e-05,0,Stable,Stable
41.8344161,43.39531896,19.88395421,28.44717183,0.184621132,148.6360668,0,0,1.2835113e-07,0,Stable,Stable
39.61540416,41.88262892,57.87896888,48.99256707,0.225701706,74.01855593,0,0,2.035732e-05,0,Stable,Stable
13.6264672,32.80557644,32.24759655,10.13509693,0.455906771,104.2215036,0,0,3.173119e-06,0,Stable,Stable
38.23979241,44.60889971,24.17539534,8.316707803,0.253364729,236.4996903,0,0,3.197666e-07,0,Stable,Stable
21.34079197,27.5613845,19.52963307,15.58568874,0.260726955,175.6457158,0,0,1.2485971e-06,0,Stable,Stable
14.43825473,26.45507399,17.7656297,49.20196232,0.078472312,123.9925975,0,0,5.294705e-06,0,Stable,Stable
5.529429247,35.38721048,40.45918978,10.22608346,0.660401999,91.04945229,1,1,0.9997968,0,Failure Risk,Failure Risk
45.66855968,33.58574203,13.37481226,26.07077499,0.94139235,145.7691701,0,0,3.5065216e-06,0,Stable,Stable
25.22146422,30.03282069,52.8122497,13.23590181,0.117808064,161.7924467,0,0,3.0993747e-06,0,Stable,Stable
41.27503179,30.25344964,17.07016218,6.614478337,0.093961524,223.2409682,0,0,7.719395e-07,0,Stable,Stable
6.631354288,32.97453134,43.88684484,26.0607605,0.794526773,158.5941693,1,1,0.99996674,0,Failure Risk,Failure Risk
29.58255972,22.82531563,14.91772528,19.15281527,0.296221725,127.017655,0,0,2.9071375e-06,0,Stable,Stable
42.15239026,31.71603496,10.21731519,7.453467003,0.078134584,166.2882387,0,0,5.0684986e-07,0,Stable,Stable
31.19546169,38.31904653,53.20043418,10.54370322,0.902455388,161.3377078,0,0,5.127178e-05,0,Stable,Stable
23.66105694,44.57816025,21.54337829,22.8591973,0.086554025,85.14979703,0,0,3.5594107e-07,0,Stable,Stable
45.17581728,20.55347907,48.66543214,16.3545136,0.619861267,228.4593844,0,0,0.0004502087,0,Stable,Stable
37.72590438,20.07450327,17.56967321,13.31348607,0.130187774,163.7199999,0,0,4.7417934e-06,0,Stable,Stable
23.86400033,27.60633209,10.79341237,10.93718681,0.09817822,151.1212748,0,0,6.073869e-07,0,Stable,Stable
24.18997126,42.38403857,11.96876847,11.69529502,0.433079107,131.5073323,0,0,2.0823988e-07,0,Stable,Stable
42.12261183,33.52934575,19.89917947,26.59074838,0.665539799,121.1262202,0,0,3.213658e-07,0,Stable,Stable
32.42773051,43.21171631,11.49172571,36.39721009,0.700044371,175.163939,0,0,3.2854842e-07,0,Stable,Stable
12.54264153,33.72038325,16.18495294,47.8600095,0.982897525,195.6556393,0,0,0.00027260726,0,Stable,Stable
33.54025995,39.93661226,28.22349492,10.54265018,0.707792731,123.7999237,0,0,4.0747048e-07,0,Stable,Stable
26.73290134,40.61439676,20.11681257,30.6763474,0.788477847,156.5024792,0,0,6.176989e-07,0,Stable,Stable
6.304673525,36.68905254,55.92975656,48.48734234,0.194123403,162.7399024,1,1,0.9286787,0,Failure Risk,Failure Risk
44.92809508,20.22485732,58.90144865,8.051105737,0.043035157,141.1963483,0,0,0.00024213424,0,Stable,Stable
24.06605804,36.89636844,17.23837514,18.11728908,0.426277708,226.5076884,0,0,3.3890367e-07,0,Stable,Stable
41.81494031,20.60555846,40.85256239,22.51260387,0.471284781,68.40247502,0,0,5.2424763e-05,0,Stable,Stable
21.68618889,40.42251487,32.04484618,34.54430574,0.067665006,127.2097259,0,0,2.571873e-07,0,Stable,Stable
10.38336978,42.52199747,52.08970988,9.122022459,0.919546789,216.5095709,0,0,0.013659379,0,Stable,Stable
11.87999805,36.11938085,50.10904147,34.68233284,0.197393593,241.9745907,0,0,6.916956e-06,0,Stable,Stable
9.207156271,28.70102676,36.08750493,18.86641712,0.206762199,149.9055313,0,0,0.0024583486,0,Stable,Stable
23.05964498,32.83481005,44.3349718,10.48584366,0.281760328,140.8803687,0,0,3.7618864e-07,0,Stable,Stable
12.73866808,44.42073305,51.89923009,49.37458295,0.983012831,99.84728197,0,0,0.017252533,0,Stable,Stable
37.37757448,31.67395746,16.92250734,38.90574976,0.448113896,238.3919088,0,0,6.721473e-07,0,Stable,Stable
23.20323814,31.68280945,18.5377717,41.27240056,0.715629407,216.0278684,0,0,8.216147e-07,0,Stable,Stable
9.299129344,23.5935314,30.54283762,46.0152416,0.681012269,155.0554971,1,1,0.99868065,0,Failure Risk,Failure Risk
22.70459702,43.5233869,36.73373541,48.26975027,0.463129185,108.4167505,0,0,2.1784313e-06,0,Stable,Stable
44.91195783,42.24053089,27.17032229,47.34756095,0.092298842,166.632836,0,0,3.8022287e-07,0,Stable,Stable
31.91872453,40.43588173,29.41530705,15.88813072,0.969382844,172.5957779,0,0,6.4007663e-06,0,Stable,Stable
41.55811178,20.52153682,37.72838952,42.84397675,0.271637383,129.9786924,0,0,7.745848e-06,0,Stable,Stable
9.501425198,39.65545577,54.00550825,30.41280502,0.622788342,113.2780681,0,0,0.010735132,0,Stable,Stable
6.890259534,37.82921908,27.79688633,47.48033318,0.439348803,221.781861,0,1,0.51438737,1,Stable,Failure Risk
42.74964862,41.77991093,53.26095868,17.23519062,0.958095284,124.4173633,0,0,4.7115067e-05,0,Stable,Stable
17.12056456,29.01961604,10.7646157,27.97720981,0.371082952,221.5455707,0,0,5.3938044e-07,0,Stable,Stable
43.77039279,36.33495669,56.6358382,33.28157157,0.38479654,128.1181812,0,0,8.092795e-06,0,Stable,Stable
16.95553095,33.74708899,50.0844358,41.13130518,0.837034445,208.3207111,0,0,1.18360485e-05,0,Stable,Stable
11.75691399,41.96112282,20.60155302,28.08811187,0.810462856,86.68695375,0,0,3.3263834e-05,0,Stable,Stable
9.7509039,43.77842616,57.90614723,7.110201501,0.560219887,118.8301295,0,0,0.004134047,0,Stable,Stable
17.04500419,23.32154371,28.75240395,49.77466814,0.489108978,146.123167,0,0,1.1319025e-05,0,Stable,Stable
48.16370689,40.24969688,49.84061808,32.18859105,0.627123415,138.9605191,0,0,1.1129364e-06,0,Stable,Stable
6.340135429,34.35391666,10.51963513,27.5782846,0.369067283,121.429969,0,0,0.14613609,0,Stable,Stable
31.21704216,23.90262494,23.01692919,32.05217135,0.996790699,124.2580806,0,0,7.605692e-05,0,Stable,Stable
23.90605494,26.63224694,58.67106553,47.53341742,0.745826449,158.3543702,0,0,0.00015855893,0,Stable,Stable
7.327439715,33.1821681,44.93627488,46.63804257,0.227760308,118.0223918,1,0,0.44947118,1,Failure Risk,Stable
32.00911462,32.5346942,26.42677385,11.80822081,0.805692566,145.4799758,0,0,8.5013806e-07,0,Stable,Stable
39.00567997,35.93284074,51.14829201,48.44103292,0.145975433,157.1618332,0,0,9.388594e-07,0,Stable,Stable
9.702840319,40.52855317,44.8888548,12.6434339,0.919920218,179.5667954,0,0,0.13820219,0,Stable,Stable
45.57837542,33.44899079,31.04166019,36.09044993,0.370649329,167.3711903,0,0,3.908439e-07,0,Stable,Stable
49.57122526,36.57373184,45.77037274,15.26881888,0.166295651,137.9457231,0,0,4.5149994e-07,0,Stable,Stable
15.05744395,23.84360071,52.69096359,40.63759136,0.973152926,131.3635374,1,0,0.063336395,1,Failure Risk,Stable
22.5297124,29.9537321,59.06099694,23.92048996,0.301241382,147.8649172,0,0,1.5268031e-05,0,Stable,Stable
38.47379652,22.16022899,28.87730273,15.01379472,0.097947768,91.04945229,0,0,1.662987e-05,0,Stable,Stable
42.01412085,21.58623259,17.46679974,22.50294306,0.66388106,112.8185327,0,0,0.00010763554,0,Stable,Stable
26.50447875,26.07918934,33.06326801,27.70775972,0.868216309,160.1446133,0,0,7.0963783e-06,0,Stable,Stable
25.25559227,35.97787821,35.34837812,29.94969094,0.352929476,105.776172,0,0,7.6671273e-07,0,Stable,Stable
38.89460474,30.23068985,47.93733108,19.68503307,0.578631918,153.2168269,0,0,1.5016034e-06,0,Stable,Stable
25.56411618,24.90046613,20.28746275,7.578841664,0.552902277,209.6927035,0,0,3.9760343e-06,0,Stable,Stable
49.90481187,30.20107497,40.60383923,43.83844823,0.160520321,212.6702082,0,0,9.5249266e-07,0,Stable,Stable
43.65708484,32.40649945,37.57887512,10.52080421,0.507549242,178.8316557,0,0,8.5165146e-07,0,Stable,Stable
10.95276686,24.8968302,14.37009429,26.56625703,0.350739411,126.3812446,0,0,0.00011310704,0,Stable,Stable
44.3022874,34.34014465,33.13935349,22.50439644,0.952523638,144.1490214,0,0,3.8573526e-06,0,Stable,Stable
31.66963915,29.17440933,19.4667824,23.70257765,0.692218226,96.20176356,0,0,2.350132e-06,0,Stable,Stable
24.15927267,25.49378161,20.76139429,39.61112543,0.888376943,178.0686106,0,0,7.903518e-06,0,Stable,Stable
17.80949271,42.87696005,57.0013261,8.020244222,0.924054361,119.7235373,0,0,0.00017332965,0,Stable,Stable
20.69140529,24.5718562,43.84181488,21.92035285,0.667341425,122.4759954,0,0,7.617119e-06,0,Stable,Stable
32.43621062,22.36209688,40.12314045,21.79802476,0.638514301,80.26924509,0,0,0.00025263,0,Stable,Stable
24.45564823,24.66553729,45.52935825,36.78319456,0.283122582,206.8916305,0,0,1.1008835e-05,0,Stable,Stable
41.32914353,33.92692105,12.75121178,32.01599979,0.835088932,140.7180975,0,0,1.0389084e-06,0,Stable,Stable
12.97900641,40.96110965,24.02299969,42.56561921,0.910688101,97.08063729,0,0,0.00045365404,0,Stable,Stable
43.5836681,22.30985072,43.70447999,28.89795373,0.648158906,123.7999237,0,0,0.00016022238,0,Stable,Stable
9.885341512,32.77479625,36.73038937,17.56922429,0.820801856,162.4428836,0,0,0.45211315,0,Stable,Stable
10.43322587,26.47075775,17.81451405,19.81701817,0.391646046,160.8471248,0,0,0.0001983587,0,Stable,Stable
37.29750146,42.03477497,53.59161795,27.85384933,0.108066264,125.9936707,0,0,7.565347e-07,0,Stable,Stable
13.92803282,27.34607297,54.42464683,18.93998934,0.694435141,226.955518,0,0,0.0072604096,0,Stable,Stable
41.58972712,29.49475654,39.20870921,6.696130864,0.883688738,145.9305178,0,0,1.4832242e-05,0,Stable,Stable
29.92262371,25.59314331,58.39304708,23.18438863,0.169703792,202.3587358,0,0,8.759984e-05,0,Stable,Stable
37.60071905,37.5474836,43.14033283,14.51494712,0.345943628,179.8446516,0,0,5.7266305e-07,0,Stable,Stable
49.3688443,20.51306279,44.04691901,14.8700139,0.079833417,130.1900807,0,0,8.938946e-06,0,Stable,Stable
28.42801093,21.60960265,38.34998259,23.58013731,0.323212115,113.250093,0,0,1.7763079e-05,0,Stable,Stable
12.80179205,38.02331371,46.68026468,46.4292468,0.189932311,125.7672706,0,0,3.8585813e-06,0,Stable,Stable
23.44273151,40.6026031,30.61032085,30.89739638,0.153755444,174.1285516,0,0,2.1883854e-07,0,Stable,Stable
26.96415171,29.62751697,27.77212936,49.80539452,0.434029349,113.3296348,0,0,2.9279108e-06,0,Stable,Stable
34.24058274,35.73375921,24.73522075,9.037385711,0.196638558,242.0785296,0,0,4.5379386e-07,0,Stable,Stable
37.36384522,38.99465303,44.90815184,25.73711438,0.40344823,159.3707409,0,0,4.2884923e-07,0,Stable,Stable
13.64188971,22.62713988,34.31064812,48.93188776,0.698943394,242.7736106,0,0,0.02108372,0,Stable,Stable
9.674320563,21.13648064,18.83172596,10.78858274,0.220386439,236.8464171,0,0,0.05599326,0,Stable,Stable
13.41755762,31.47032321,34.24742199,22.0870326,0.199504836,222.7218692,0,0,9.956007e-07,0,Stable,Stable
34.5257962,44.64419015,56.2807292,12.31676843,0.893136925,105.776172,0,0,0.00019695766,0,Stable,Stable
21.47069244,44.55746091,24.73852894,38.32130773,0.594688767,171.1043229,0,0,3.087746e-07,0,Stable,Stable
15.95543054,22.38938434,17.09013006,45.25853256,0.141259415,117.830422,0,0,1.0751285e-05,0,Stable,Stable
14.48950283,20.97863784,25.56764217,41.92474228,0.696590149,133.3116443,0,0,0.00089663855,0,Stable,Stable
39.10719828,26.88225339,36.72204374,28.27008982,0.715321852,98.43084065,0,0,7.2245493e-06,0,Stable,Stable
5.042436914,24.89283537,48.32766852,33.73685081,0.420833786,104.2215036,1,1,0.99998057,0,Failure Risk,Failure Risk
29.77216113,33.97669319,52.10338825,6.572704118,0.44359177,82.14341925,0,0,3.9383076e-06,0,Stable,Stable
47.88999884,30.49834596,23.45781888,11.08337819,0.420783018,120.2469444,0,0,5.5636207e-07,0,Stable,Stable
24.51771782,35.24692818,36.3734195,30.04678458,0.794719206,77.04345871,0,0,6.574714e-06,0,Stable,Stable
46.60756395,37.25723825,24.10308392,22.57639345,0.711912263,211.0063944,0,0,2.6093988e-07,0,Stable,Stable
36.71529321,33.36153737,46.80061471,23.68917539,0.049799443,217.8971938,0,0,1.1016311e-06,0,Stable,Stable
24.41144554,42.91558434,52.73390581,11.72617066,0.789300175,189.2394532,0,0,1.100366e-05,0,Stable,Stable
9.683418039,23.37736391,56.42860977,17.97828725,0.917025759,186.2627351,1,1,0.9999912,0,Failure Risk,Failure Risk
23.79812875,36.44342697,32.29604759,6.460970866,0.804041845,97.12975548,0,0,2.7749577e-06,0,Stable,Stable
34.40700194,27.42427393,52.11267642,31.35748988,0.927458324,104.0099363,0,0,0.0005167639,0,Stable,Stable
46.95205275,35.88531458,18.32504302,29.60382923,0.371288813,114.4055459,0,0,7.298818e-07,0,Stable,Stable
17.77628298,25.68120228,20.61846141,15.3099222,0.297846992,137.6813318,0,0,1.0293323e-06,0,Stable,Stable
5.9624981,22.18932043,40.88149104,21.69191291,0.255159062,176.5683266,1,1,0.99991965,0,Failure Risk,Failure Risk
25.87233793,28.32596058,53.5138998,33.05218588,0.561512606,107.4442446,0,0,2.0404628e-05,0,Stable,Stable
7.348327601,39.36787445,11.31674097,5.157054763,0.48511722,91.28170579,0,0,3.4002762e-05,0,Stable,Stable
36.59160508,44.1800864,14.86189845,8.250380299,0.048204459,240.0122413,0,0,2.99999e-07,0,Stable,Stable
13.39510605,22.49668382,46.24147628,9.64361298,0.265708621,123.2980529,0,0,0.0012672009,0,Stable,Stable
44.94890792,27.5971892,18.94881414,9.703406016,0.514410163,133.7316311,0,0,6.255132e-07,0,Stable,Stable
43.3326564,34.72194993,35.40468289,25.72599032,0.844621951,129.882373,0,0,1.7461612e-06,0,Stable,Stable
15.74279654,20.91414445,32.46748995,7.554631216,0.946810458,153.6797229,0,0,0.0001869046,0,Stable,Stable
37.20531996,24.68932895,58.20554764,7.852471316,0.180765015,133.3263504,0,0,0.00013643502,0,Stable,Stable
14.02292856,24.65125082,29.19649942,19.31270317,0.287850468,170.0214296,0,0,5.7815005e-06,0,Stable,Stable
38.99025183,34.6110366,57.50911969,7.428723642,0.458973334,186.8305018,0,0,3.271961e-05,0,Stable,Stable
25.2360353,33.55750185,55.23674949,28.95224347,0.62709036,112.6190275,0,0,2.833074e-05,0,Stable,Stable
6.415573786,20.98988929,54.44428365,34.90162222,0.152694288,201.2320631,1,1,0.99995494,0,Failure Risk,Failure Risk
42.18616446,23.6800057,19.21659463,24.10878241,0.188573449,191.6980896,0,0,4.403401e-06,0,Stable,Stable
40.07013194,26.03707591,15.77010348,17.49232126,0.515523543,158.2528216,0,0,8.296737e-07,0,Stable,Stable
39.73143993,42.25356609,15.42123371,46.1430819,0.699706428,142.6563891,0,0,5.226688e-07,0,Stable,Stable
38.03982528,27.82207281,19.90325071,11.53536906,0.488537831,167.1511956,0,0,1.0895924e-06,0,Stable,Stable
35.55810945,34.33243425,29.32558566,15.2093151,0.80671826,118.4993765,0,0,1.3167668e-06,0,Stable,Stable
47.20945395,35.6005235,12.640284,30.54291024,0.4226374,122.9187599,0,0,3.2147463e-07,0,Stable,Stable
38.5742058,23.89597462,30.6016822,7.585998336,0.247424041,153.6797229,0,0,4.368063e-06,0,Stable,Stable
7.27706242,30.9977611,40.39229016,9.542475044,0.876753272,165.1021209,1,1,0.9999689,0,Failure Risk,Failure Risk
17.00165438,35.13946693,57.16335944,44.41220814,0.842128439,119.2570947,0,0,0.000116071096,0,Stable,Stable
8.458225784,28.78791562,31.51229983,26.64182613,0.013233166,101.3584055,0,0,0.29410157,0,Stable,Stable
25.90821819,21.49826083,51.38572331,39.79044464,0.523940467,277.9836524,0,0,8.173899e-05,0,Stable,Stable
30.68346838,38.51485499,29.65141291,7.886815131,0.289513796,122.5120442,0,0,2.3986877e-07,0,Stable,Stable
20.50528586,40.17832072,52.51900582,16.2707616,0.707202622,91.28170579,0,0,3.8731073e-06,0,Stable,Stable
34.70776887,21.63659303,24.73786438,10.69776934,0.71305496,151.1212748,0,0,2.5700692e-05,0,Stable,Stable
26.80127641,25.56895284,55.6544089,14.65406502,0.794261128,207.6481211,0,0,0.00030401882,0,Stable,Stable
21.44327589,33.29272491,27.34998398,46.57981913,0.096141257,116.327614,0,0,6.196016e-07,0,Stable,Stable
43.80373565,31.78813714,52.30037386,48.24732425,0.646425128,107.7758321,0,0,2.2472741e-05,0,Stable,Stable
27.68171034,40.38054636,43.34519154,15.94872114,0.749604954,128.1045427,0,0,8.2007494e-07,0,Stable,Stable
8.375994,28.63017752,47.73544893,38.49994203,0.583744256,107.4752055,1,1,0.9998204,0,Failure Risk,Failure Risk
28.12849306,32.98973196,56.31138286,43.92629078,0.647592078,118.5266217,0,0,1.2917717e-05,0,Stable,Stable
48.19254716,44.51856813,12.85961517,26.42693324,0.06998651,184.6672688,0,0,1.3261437e-07,0,Stable,Stable
23.20949381,28.56588479,38.46147274,12.246232,0.120720535,185.8656509,0,0,1.2365174e-06,0,Stable,Stable
15.40291474,33.04789677,36.2380977,8.015389494,0.326729166,148.1475676,0,0,5.6532997e-07,0,Stable,Stable
17.1302762,25.47737057,10.66155354,30.01405405,0.874546115,216.5415113,0,0,1.2210596e-05,0,Stable,Stable
35.23945421,28.86887928,55.23450793,41.80156087,0.858060777,186.9771442,0,0,0.00012612676,0,Stable,Stable
7.366616206,23.0313178,47.06308998,16.53130216,0.057764819,157.5683655,1,1,0.99921536,0,Failure Risk,Failure Risk
44.44185259,24.80957953,10.9678394,23.87170709,0.200666087,139.0582512,0,0,7.264166e-07,0,Stable,Stable
44.47197052,27.79410129,14.10473633,49.62594819,0.958624962,207.1664845,0,0,2.272788e-05,0,Stable,Stable
48.77854721,36.76283997,26.31043066,42.90370635,0.595235576,199.6697778,0,0,3.6762182e-07,0,Stable,Stable
14.393414,25.43873575,35.32356054,14.75775119,0.952238529,159.2631981,0,0,0.00024119255,0,Stable,Stable
13.28585104,27.98429166,56.82255172,28.25112725,0.367322558,139.3726872,0,0,0.00042106645,0,Stable,Stable
12.20577081,33.97202785,31.55823607,45.50895059,0.262861605,163.7199999,0,0,1.9567697e-06,0,Stable,Stable
48.09485637,28.09310577,10.84386954,18.7060999,0.405819687,161.7924467,0,0,1.9940151e-07,0,Stable,Stable
47.33226858,32.62192004,32.71096034,44.93839637,0.125792218,217.7039828,0,0,7.5289773e-07,0,Stable,Stable
36.80094688,33.21205002,17.17646375,18.94052812,0.618254971,131.7079507,0,0,1.547611e-07,0,Stable,Stable
26.06273883,20.68920602,52.65914346,27.89764969,0.345430005,139.3040917,0,0,1.7617705e-05,0,Stable,Stable
38.7494143,30.23447704,10.35355082,28.82107524,0.078775218,182.594827,0,0,4.7665935e-07,0,Stable,Stable
24.72714037,22.72105807,39.07243189,41.42039787,0.291247775,205.7952111,0,0,1.5591568e-05,0,Stable,Stable
41.93839871,25.42494365,25.19848021,17.43873625,0.852798103,96.46039891,0,0,3.439956e-05,0,Stable,Stable
39.57847444,24.02258395,53.03986536,15.02000005,0.090321359,200.0865506,0,0,6.476151e-05,0,Stable,Stable
20.4169447,44.50155788,52.42038994,32.2287557,0.201771342,123.063484,0,0,6.0917125e-07,0,Stable,Stable
40.71950632,31.42247677,14.00886612,11.24759287,0.212391197,205.7952111,0,0,7.6324807e-07,0,Stable,Stable
33.64884659,37.66214088,31.6521599,45.83354093,0.540676237,189.8922857,0,0,6.892335e-07,0,Stable,Stable
30.16858424,28.03589363,45.98415765,26.67723437,0.269383449,155.41111,0,0,7.421206e-07,0,Stable,Stable
22.23795542,33.80464348,14.17618525,22.95997706,0.35141,174.4389295,0,0,1.5395513e-07,0,Stable,Stable
19.16535307,21.83770692,38.65787559,39.96095686,0.516814355,182.1449957,0,0,2.3350778e-05,0,Stable,Stable
49.66654442,20.25437506,14.79289035,19.51034694,0.44985237,187.2110391,0,0,6.2133577e-06,0,Stable,Stable
29.50574412,21.63154343,53.52721955,20.51437594,0.949851199,227.9306577,0,0,0.0014245381,0,Stable,Stable
19.48223787,31.10959025,57.07198043,7.797318469,0.981546833,115.3965419,0,0,0.0010028931,0,Stable,Stable
23.3570917,36.99478003,54.93445096,31.05570781,0.386295622,154.5090204,0,0,3.8952658e-06,0,Stable,Stable
39.03493039,36.32182732,19.29101878,44.78080369,0.393119393,186.2627351,0,0,3.243753e-07,0,Stable,Stable
6.30674522,43.63626375,30.02267566,34.88820437,0.74337509,121.1262202,0,0,0.03385373,0,Stable,Stable
44.97942673,31.70750497,29.67575313,24.67725568,0.68046288,202.5683017,0,0,5.7652795e-07,0,Stable,Stable
11.78567671,21.90733858,13.3519723,35.97853223,0.87277446,134.3919996,0,1,0.5967236,1,Stable,Failure Risk
49.61784597,26.97091533,34.2261917,40.32839785,0.726280268,98.37926481,0,0,4.8609445e-06,0,Stable,Stable
41.91552568,21.08893951,28.46501727,21.12393574,0.71279804,120.9315325,0,0,2.3318778e-05,0,Stable,Stable
48.46563463,27.64467035,19.95126497,31.05528107,0.39566725,105.5932015,0,0,2.5024467e-06,0,Stable,Stable
39.52752355,20.56553893,26.46589651,42.50942754,0.941554776,157.1618332,0,0,0.00011025146,0,Stable,Stable
26.71031617,35.95689049,21.31395763,34.60764674,0.327388973,237.720076,0,0,3.8709769e-07,0,Stable,Stable
14.09967894,40.16861859,39.30860301,38.94053077,0.195956238,230.5621644,0,0,9.122102e-07,0,Stable,Stable
7.448455749,39.94259826,49.39591797,30.65383893,0.551595472,110.2287074,0,0,0.09498153,0,Stable,Stable
38.64943747,22.5429611,47.85809244,47.4475372,0.273549976,108.4167505,0,0,8.189863e-05,0,Stable,Stable
16.4077785,24.05769614,38.44825363,13.22050468,0.036819441,214.8196835,0,0,1.4351882e-05,0,Stable,Stable
43.61061459,27.08614649,41.40717379,37.80038719,0.031647692,122.2341012,0,0,1.1004067e-06,0,Stable,Stable
45.51692101,40.42005057,55.22192837,25.40051366,0.154958851,230.9779366,0,0,2.5564138e-06,0,Stable,Stable
46.21964006,35.94160711,27.08370069,38.66850192,0.417643784,91.04945229,0,0,7.978741e-07,0,Stable,Stable
13.36557702,22.02954263,57.64766,43.764944,0.753722292,80.06693929,1,1,0.967225,0,Failure Risk,Failure Risk
24.25412817,42.34393771,25.43262384,44.92160635,0.427965314,127.6692628,0,0,5.6330106e-07,0,Stable,Stable
46.72695347,23.83080801,35.64199591,8.796001722,0.466397443,132.7127519,0,0,1.1023795e-05,0,Stable,Stable
6.716912267,40.14247963,11.42898452,12.94380395,0.31071165,152.6660909,0,0,4.6817673e-05,0,Stable,Stable
36.70637145,35.5951816,22.6076296,12.29117726,0.492177571,200.0505628,0,0,5.3979676e-07,0,Stable,Stable
36.6364265,35.6591277,47.7051624,39.30267581,0.470105635,89.13938647,0,0,2.0580276e-06,0,Stable,Stable
34.33881713,21.39267239,47.98604015,39.33053747,0.913460024,108.1954964,0,0,0.0034795152,0,Stable,Stable
23.13377601,20.65596972,45.03607837,12.89547752,0.627834831,104.2215036,0,0,0.00044890726,0,Stable,Stable
6.141716962,28.05804581,48.4986323,6.268259629,0.488301783,184.0418583,1,1,0.9999794,0,Failure Risk,Failure Risk
13.22126657,29.90701296,44.26803064,48.24969795,0.57389619,210.5740421,0,0,0.00014705549,0,Stable,Stable
29.90433025,28.04210117,34.80767196,41.80247504,0.928439615,158.8715467,0,0,7.983141e-06,0,Stable,Stable
36.65034295,35.70525193,53.60269131,48.90342268,0.137859885,142.26441,0,0,1.3937796e-06,0,Stable,Stable
39.31936514,41.76661194,20.6209221,12.70719276,0.654249428,227.9306577,0,0,5.334484e-07,0,Stable,Stable
29.55031449,33.07652272,19.3516115,8.888542345,0.806378589,135.3287762,0,0,6.8301665e-07,0,Stable,Stable
21.16237724,30.88180597,49.44101532,42.4743598,0.058092229,171.0135035,0,0,1.4682128e-06,0,Stable,Stable
32.410428,40.03604237,49.53293306,35.46244081,0.454385818,136.2705764,0,0,7.3538814e-07,0,Stable,Stable
27.11070906,34.88873201,17.79820096,22.37304575,0.04150584,122.2341012,0,0,1.260293e-07,0,Stable,Stable
45.36673323,23.17942995,43.69997135,22.36630899,0.444047679,147.3803124,0,0,9.002948e-06,0,Stable,Stable
32.79007909,21.33638785,19.36251809,37.94138112,0.170629354,197.8635669,0,0,9.089052e-06,0,Stable,Stable
11.64230686,31.94033924,56.4745596,37.11939205,0.731484148,172.8397608,1,0,0.03753959,1,Failure Risk,Stable
14.38373931,28.18879412,48.21560192,42.36449862,0.774867505,97.02373839,0,0,0.003160225,0,Stable,Stable
19.5266524,41.19906478,18.44410433,9.659307287,0.772044236,104.5229232,0,0,1.4508363e-06,0,Stable,Stable
8.76758599,36.44276673,15.77620062,11.97045103,0.820150275,95.9758039,0,0,0.0036740117,0,Stable,Stable
26.59923795,29.63212315,22.49547247,11.30365436,0.639657651,128.48438,0,0,7.4327653e-07,0,Stable,Stable
8.075827168,36.44658764,21.07135339,13.09983564,0.596536787,103.7959658,0,0,0.0019005093,0,Stable,Stable
33.55039129,34.62302737,51.20272448,13.65430158,0.033209413,84.11028253,0,0,1.2065772e-06,0,Stable,Stable
20.06856279,44.27684996,33.90496863,26.33021397,0.836134217,120.5557843,0,0,9.73175e-07,0,Stable,Stable
19.95394598,31.73951758,13.20257784,24.47511276,0.884369067,149.6476348,0,0,3.086455e-06,0,Stable,Stable
48.51432581,26.06678376,54.08626203,24.54787621,0.523596426,124.2580806,0,0,2.0873425e-05,0,Stable,Stable
36.88152139,43.69656929,40.51886312,34.40612738,0.069972172,128.920543,0,0,2.9189061e-07,0,Stable,Stable
24.06619184,23.34256705,18.87841174,21.20401121,0.431774336,100.179651,0,0,1.465254e-05,0,Stable,Stable
7.616020596,44.82520091,14.43187849,44.62679718,0.163309642,98.81666965,0,0,5.643874e-06,0,Stable,Stable
30.32201945,42.36702936,12.03473862,25.94011379,0.339193503,159.4777496,0,0,8.841313e-08,0,Stable,Stable
26.76562006,28.06530154,26.27549426,20.59162744,0.74808719,120.7351922,0,0,6.098688e-07,0,Stable,Stable
31.32949543,36.07733896,24.12486201,23.04259599,0.983075288,110.7641513,0,0,3.007357e-05,0,Stable,Stable
27.5391479,33.88007722,40.61749546,46.34554967,0.529496933,180.6443345,0,0,1.3126368e-06,0,Stable,Stable
25.20299469,34.15954502,57.64683496,7.254924757,0.267465546,223.2409682,0,0,2.5663197e-05,0,Stable,Stable
13.37037943,20.15713865,26.75498484,42.24780796,0.392227668,225.7653128,0,0,0.00023239062,0,Stable,Stable
30.52233896,39.35750294,56.18380225,7.18543542,0.658645955,148.8310203,0,0,1.36746385e-05,0,Stable,Stable
19.15457439,39.62280386,46.93554787,34.81246676,0.691319829,100.179651,0,0,3.5888716e-06,0,Stable,Stable
8.486928056,25.18444951,26.72415454,25.63203313,0.521331608,157.5419955,1,1,0.99500644,0,Failure Risk,Failure Risk
38.09363115,28.91355358,24.43520244,45.72002621,0.752149409,248.4032796,0,0,2.5166794e-06,0,Stable,Stable
36.20416289,33.33052506,28.92907723,41.83351168,0.00558291,147.3408096,0,0,1.7757326e-07,0,Stable,Stable
12.38514978,30.83521834,25.19758293,13.68966927,0.283093932,215.7880256,0,0,6.1612022e-06,0,Stable,Stable
32.58734116,39.84818188,26.45297071,39.41916887,0.336637306,122.9187599,0,0,2.1229381e-07,0,Stable,Stable
48.14107943,20.88255636,59.09312749,24.40006798,0.754914374,158.5941693,0,0,0.0020510128,0,Stable,Stable
9.627476723,40.43578523,43.01517235,21.81243567,0.570119001,107.7758321,0,0,8.733219e-05,0,Stable,Stable
